# This file is brought to you by Roblox Corporation
# Generated by Roblox Studio

mtllib Body2.mtl

g Part1

v -0.148633 0.227425 -0.085882 
v -0.157015 0.240771 -0.077506 
v -0.157015 0.227015 -0.082086 
v -0.165397 0.227425 -0.085882 
v -0.145331 0.24046 -0.082658 
v -0.168699 0.24046 -0.082658 
v -0.140084 0.240269 -0.095393 
v -0.14465 0.227419 -0.095393 
v -0.148633 0.227425 -0.104904 
v -0.157015 0.255996 -0.076255 
v -0.173947 0.240269 -0.095393 
v -0.169381 0.227419 -0.095393 
v -0.165397 0.227425 -0.104904 
v -0.175284 0.256039 -0.095393 
v -0.168699 0.24046 -0.108127 
v -0.169667 0.255895 -0.081755 
v -0.169667 0.255895 -0.109031 
v -0.157015 0.240771 -0.11328 
v -0.157015 0.227014 -0.108699 
v -0.157015 0.255996 -0.114531 
v -0.145331 0.24046 -0.108127 
v -0.164529 0.263957 -0.10347 
v -0.167769 0.264045 -0.095393 
v -0.144364 0.255895 -0.109031 
v -0.138747 0.256039 -0.095393 
v -0.164529 0.263957 -0.087315 
v -0.144364 0.255895 -0.081755 
v -0.157015 0.263806 -0.083989 
v -0.157015 0.26879 -0.095393 
v -0.149502 0.263957 -0.087315 
v -0.146262 0.264045 -0.095393 
v -0.157015 0.263806 -0.106797 
v -0.149502 0.263957 -0.10347 
v -0.157015 -0.0545454 -0.077506 
v -0.148633 -0.0411994 -0.085882 
v -0.157015 -0.0407884 -0.082086 
v -0.165397 -0.0411994 -0.085882 
v -0.145331 -0.0542344 -0.082658 
v -0.168699 -0.0542344 -0.082658 
v -0.140084 -0.0540424 -0.095393 
v -0.14465 -0.0411934 -0.095393 
v -0.148633 -0.0411994 -0.104904 
v -0.157015 -0.0697704 -0.076255 
v -0.138747 -0.0698134 -0.095393 
v -0.173947 -0.0540424 -0.095393 
v -0.169381 -0.0411934 -0.095393 
v -0.165397 -0.0411994 -0.104904 
v -0.144364 -0.0696684 -0.081755 
v -0.169667 -0.0696684 -0.081755 
v -0.175284 -0.0698134 -0.095393 
v -0.168699 -0.0542344 -0.108127 
v -0.157015 -0.0545454 -0.11328 
v -0.157015 -0.0407884 -0.108699 
v -0.164529 -0.0777314 -0.087315 
v -0.157015 -0.0775804 -0.083989 
v -0.169667 -0.0696684 -0.10903 
v -0.167769 -0.0778194 -0.095393 
v -0.157015 -0.0697704 -0.114531 
v -0.164529 -0.0777314 -0.10347 
v -0.157015 -0.0825634 -0.095393 
v -0.149502 -0.0777314 -0.087315 
v -0.157015 -0.0775804 -0.106797 
v -0.146262 -0.0778194 -0.095393 
v -0.149502 -0.0777314 -0.10347 
v -0.144364 -0.0696684 -0.10903 
v -0.145331 -0.0542344 -0.108127 
v -0.304673 0.0931126 -0.077506 
v -0.291328 0.101495 -0.085882 
v -0.304362 0.104797 -0.082658 
v -0.290917 0.0931126 -0.082086 
v -0.291328 0.0847306 -0.085882 
v -0.304171 0.110044 -0.095393 
v -0.291321 0.105479 -0.095393 
v -0.291328 0.101495 -0.104904 
v -0.319941 0.111382 -0.095393 
v -0.304362 0.104797 -0.108127 
v -0.304673 0.0931126 -0.11328 
v -0.290917 0.0931126 -0.108699 
v -0.291328 0.0847306 -0.104904 
v -0.319898 0.0931126 -0.114531 
v -0.304362 0.0814286 -0.108127 
v -0.319797 0.105765 -0.10903 
v -0.319797 0.0804606 -0.10903 
v -0.304171 0.0761816 -0.095393 
v -0.291321 0.0807476 -0.095393 
v -0.319941 0.0748446 -0.095393 
v -0.304362 0.0814286 -0.082658 
v -0.319898 0.0931126 -0.076255 
v -0.319797 0.0804606 -0.081755 
v -0.327859 0.0855996 -0.10347 
v -0.327859 0.0855996 -0.087315 
v -0.327947 0.0823586 -0.095393 
v -0.319797 0.105765 -0.081755 
v -0.332692 0.0931126 -0.095393 
v -0.327708 0.0931126 -0.106797 
v -0.327859 0.100627 -0.10347 
v -0.327947 0.103867 -0.095393 
v -0.327859 0.100627 -0.087315 
v -0.327708 0.0931126 -0.083989 
v -0.00935726 0.0931126 -0.077506 
v -0.0227033 0.101495 -0.085882 
v -0.0231142 0.0931126 -0.082086 
v -0.0227033 0.0847306 -0.085882 
v -0.00966826 0.104797 -0.082658 
v -0.00966826 0.0814286 -0.082658 
v -0.00986026 0.110044 -0.095393 
v -0.0227093 0.105479 -0.095393 
v -0.0227033 0.101495 -0.104904 
v 0.00586675 0.0931126 -0.076255 
v 0.00591074 0.111382 -0.095393 
v -0.00986026 0.0761816 -0.095393 
v -0.0227093 0.0807476 -0.095393 
v -0.0227033 0.0847306 -0.104904 
v 0.00576575 0.105765 -0.081755 
v 0.00576575 0.0804606 -0.081755 
v 0.00591074 0.0748446 -0.095393 
v -0.00966826 0.0814286 -0.108127 
v -0.00935726 0.0931126 -0.11328 
v -0.0231142 0.0931126 -0.108699 
v 0.0138277 0.0855996 -0.087315 
v 0.0136777 0.0931126 -0.083989 
v 0.00576575 0.0804606 -0.10903 
v 0.0139167 0.0823586 -0.095393 
v 0.00586675 0.0931126 -0.114531 
v 0.0138277 0.0855996 -0.10347 
v 0.0186607 0.0931126 -0.095393 
v 0.0138277 0.100627 -0.087315 
v 0.0136777 0.0931126 -0.106797 
v 0.0139167 0.103867 -0.095393 
v 0.0138277 0.100627 -0.10347 
v 0.00576575 0.105765 -0.10903 
v -0.00966826 0.104797 -0.108127 
v -0.261425 0.197523 -0.077506 
v -0.246061 0.194013 -0.085882 
v -0.252943 0.205565 -0.082658 
v -0.251698 0.187796 -0.082086 
v -0.257915 0.182159 -0.085882 
v -0.24324 0.196826 -0.095393 
v -0.269467 0.189041 -0.082658 
v -0.260728 0.179338 -0.095393 
v -0.272191 0.208288 -0.076255 
v -0.249098 0.20914 -0.095393 
v -0.273042 0.185196 -0.095393 
v -0.263173 0.217163 -0.081755 
v -0.252943 0.205565 -0.108127 
v -0.246061 0.194013 -0.104904 
v -0.259303 0.221237 -0.095393 
v -0.263173 0.217163 -0.10903 
v -0.261425 0.197523 -0.11328 
v -0.251698 0.187796 -0.108699 
v -0.257915 0.182159 -0.104904 
v -0.272191 0.208288 -0.114531 
v -0.269467 0.189041 -0.108127 
v -0.270278 0.221584 -0.095393 
v -0.272507 0.219231 -0.10347 
v -0.272507 0.219231 -0.087315 
v -0.277713 0.213811 -0.106797 
v -0.281237 0.217335 -0.095393 
v -0.277713 0.213811 -0.083989 
v -0.283133 0.208605 -0.087315 
v -0.281065 0.199271 -0.081755 
v -0.285486 0.206376 -0.095393 
v -0.285139 0.195401 -0.095393 
v -0.281065 0.199271 -0.10903 
v -0.283133 0.208605 -0.10347 
v -0.0561153 0.00406656 -0.085882 
v -0.0526053 -0.0112974 -0.077506 
v -0.0445633 -0.00281543 -0.082658 
v -0.0623333 -0.00157043 -0.082086 
v -0.0679693 -0.00778744 -0.085882 
v -0.0533033 0.00688756 -0.095393 
v -0.0610873 -0.0193394 -0.082658 
v -0.0707903 -0.0106004 -0.095393 
v -0.0418403 -0.0220624 -0.076255 
v -0.0409883 0.00103056 -0.095393 
v -0.0329653 -0.0130454 -0.081755 
v -0.0445633 -0.00281543 -0.108127 
v -0.0561153 0.00406656 -0.104904 
v -0.0288913 -0.00917543 -0.095393 
v -0.0526053 -0.0112974 -0.11328 
v -0.0623333 -0.00157043 -0.108699 
v -0.0679693 -0.00778744 -0.104904 
v -0.0329653 -0.0130454 -0.10903 
v -0.0418403 -0.0220624 -0.114531 
v -0.0610873 -0.0193394 -0.108127 
v -0.0285443 -0.0201504 -0.095393 
v -0.0308983 -0.0223794 -0.10347 
v -0.0308983 -0.0223794 -0.087315 
v -0.0363173 -0.0275854 -0.106797 
v -0.0327933 -0.0311094 -0.095393 
v -0.0363173 -0.0275854 -0.083989 
v -0.0415233 -0.0330054 -0.087315 
v -0.0508573 -0.0309374 -0.081755 
v -0.0415233 -0.0330054 -0.10347 
v -0.0437523 -0.0353584 -0.095393 
v -0.0508573 -0.0309374 -0.10903 
v -0.0547273 -0.0350114 -0.095393 
v -0.0649333 -0.0229144 -0.095393 
v -0.257915 0.00406656 -0.085882 
v -0.261425 -0.0112974 -0.077506 
v -0.251698 -0.00156944 -0.082086 
v -0.246061 -0.00778744 -0.085882 
v -0.269467 -0.00281543 -0.082658 
v -0.260728 0.00688756 -0.095393 
v -0.252943 -0.0193394 -0.082658 
v -0.24324 -0.0105994 -0.095393 
v -0.272191 -0.0220624 -0.076255 
v -0.273042 0.00103056 -0.095393 
v -0.249098 -0.0229144 -0.095393 
v -0.281065 -0.0130454 -0.081755 
v -0.269467 -0.00281543 -0.108127 
v -0.257915 0.00406656 -0.104904 
v -0.285139 -0.00917543 -0.095393 
v -0.281065 -0.0130454 -0.10903 
v -0.261425 -0.0112974 -0.11328 
v -0.251698 -0.00156944 -0.108699 
v -0.246061 -0.00778744 -0.104904 
v -0.272191 -0.0220624 -0.114531 
v -0.252943 -0.0193394 -0.108127 
v -0.285486 -0.0201504 -0.095393 
v -0.283133 -0.0223794 -0.10347 
v -0.283133 -0.0223794 -0.087315 
v -0.277713 -0.0275854 -0.106797 
v -0.281237 -0.0311094 -0.095393 
v -0.277713 -0.0275854 -0.083989 
v -0.272507 -0.0330044 -0.087315 
v -0.263173 -0.0309374 -0.081755 
v -0.270278 -0.0353584 -0.095393 
v -0.259303 -0.0350114 -0.095393 
v -0.263173 -0.0309374 -0.10903 
v -0.272507 -0.0330044 -0.10347 
v -0.0679693 0.194013 -0.085882 
v -0.0526053 0.197523 -0.077506 
v -0.0610873 0.205565 -0.082658 
v -0.0623333 0.187796 -0.082086 
v -0.0561153 0.182159 -0.085882 
v -0.0707903 0.196826 -0.095393 
v -0.0445633 0.189041 -0.082658 
v -0.0533033 0.179338 -0.095393 
v -0.0418403 0.208289 -0.076255 
v -0.0649333 0.20914 -0.095393 
v -0.0409883 0.185196 -0.095393 
v -0.0610873 0.205565 -0.108127 
v -0.0679693 0.194013 -0.104904 
v -0.0508573 0.217163 -0.081755 
v -0.0547273 0.221237 -0.095393 
v -0.0508573 0.217163 -0.10903 
v -0.0526053 0.197523 -0.11328 
v -0.0623333 0.187796 -0.108699 
v -0.0561153 0.182159 -0.104904 
v -0.0418403 0.208289 -0.114531 
v -0.0445633 0.189041 -0.108127 
v -0.0329653 0.199271 -0.10903 
v -0.0288913 0.195401 -0.095393 
v -0.0329653 0.199271 -0.081755 
v -0.0285443 0.206376 -0.095393 
v -0.0308983 0.208605 -0.10347 
v -0.0363173 0.213811 -0.106797 
v -0.0308983 0.208605 -0.087315 
v -0.0363173 0.213811 -0.083989 
v -0.0327933 0.217335 -0.095393 
v -0.0415233 0.219231 -0.10347 
v -0.0415233 0.219231 -0.087315 
v -0.0437523 0.221584 -0.095393 
v -0.157015 0.240771 0.070376 
v -0.148633 0.227425 0.078752 
v -0.157015 0.227015 0.074956 
v -0.165397 0.227425 0.078752 
v -0.145331 0.24046 0.075528 
v -0.168699 0.24046 0.075528 
v -0.140084 0.240269 0.088263 
v -0.14465 0.227419 0.088263 
v -0.148633 0.227425 0.097774 
v -0.157015 0.255996 0.069125 
v -0.138747 0.256039 0.088263 
v -0.173947 0.240269 0.088263 
v -0.169381 0.227419 0.088263 
v -0.165397 0.227425 0.097774 
v -0.145331 0.24046 0.100997 
v -0.157015 0.240771 0.10615 
v -0.157015 0.227014 0.101569 
v -0.168699 0.24046 0.100997 
v -0.175284 0.256039 0.088263 
v -0.157015 0.255996 0.107401 
v -0.169667 0.255895 0.1019 
v -0.169667 0.255895 0.074625 
v -0.164529 0.263957 0.09634 
v -0.144364 0.255895 0.1019 
v -0.157015 0.263806 0.099667 
v -0.149502 0.263957 0.09634 
v -0.167769 0.264045 0.088263 
v -0.157015 0.26879 0.088263 
v -0.146262 0.264045 0.088263 
v -0.164529 0.263957 0.080185 
v -0.157015 0.263806 0.076859 
v -0.149502 0.263957 0.080185 
v -0.144364 0.255895 0.074625 
v -0.148633 -0.0411994 0.078752 
v -0.157015 -0.0545454 0.070376 
v -0.157015 -0.0407884 0.074956 
v -0.165397 -0.0411994 0.078752 
v -0.145331 -0.0542344 0.075528 
v -0.168699 -0.0542344 0.075528 
v -0.140084 -0.0540424 0.088263 
v -0.14465 -0.0411934 0.088263 
v -0.148633 -0.0411994 0.097774 
v -0.157015 -0.0697704 0.069125 
v -0.173947 -0.0540424 0.088263 
v -0.169381 -0.0411934 0.088263 
v -0.165397 -0.0411994 0.097774 
v -0.175284 -0.0698134 0.088263 
v -0.168699 -0.0542344 0.100997 
v -0.157015 -0.0545454 0.10615 
v -0.157015 -0.0407884 0.101569 
v -0.169667 -0.0696684 0.074625 
v -0.145331 -0.0542344 0.100997 
v -0.157015 -0.0697704 0.107401 
v -0.169667 -0.0696684 0.101901 
v -0.164529 -0.0777314 0.080185 
v -0.167769 -0.0778194 0.088263 
v -0.164529 -0.0777314 0.09634 
v -0.157015 -0.0825634 0.088263 
v -0.157015 -0.0775804 0.076859 
v -0.157015 -0.0775804 0.099667 
v -0.149502 -0.0777314 0.09634 
v -0.144364 -0.0696684 0.101901 
v -0.146262 -0.0778194 0.088263 
v -0.149502 -0.0777314 0.080185 
v -0.138747 -0.0698134 0.088263 
v -0.144364 -0.0696684 0.074625 
v -0.291328 0.101495 0.078752 
v -0.304673 0.0931126 0.070376 
v -0.304362 0.104797 0.075528 
v -0.290917 0.0931126 0.074956 
v -0.291328 0.0847306 0.078752 
v -0.304171 0.110044 0.088263 
v -0.291321 0.105479 0.088263 
v -0.291328 0.101495 0.097774 
v -0.319941 0.111382 0.088263 
v -0.304362 0.104797 0.100997 
v -0.304673 0.0931126 0.10615 
v -0.290917 0.0931126 0.101569 
v -0.291328 0.0847306 0.097774 
v -0.319898 0.0931126 0.107401 
v -0.304362 0.0814286 0.100997 
v -0.304171 0.0761816 0.088263 
v -0.291321 0.0807476 0.088263 
v -0.319797 0.105765 0.1019 
v -0.304362 0.0814286 0.075528 
v -0.319941 0.0748446 0.088263 
v -0.319797 0.0804606 0.1019 
v -0.327859 0.100627 0.09634 
v -0.327708 0.0931126 0.099667 
v -0.327859 0.0855996 0.09634 
v -0.327947 0.103867 0.088263 
v -0.332692 0.0931126 0.088263 
v -0.327947 0.0823586 0.088263 
v -0.327859 0.0855996 0.080185 
v -0.319797 0.0804606 0.074625 
v -0.327708 0.0931126 0.076859 
v -0.319898 0.0931126 0.069125 
v -0.319797 0.105765 0.074625 
v -0.327859 0.100627 0.080185 
v -0.0227033 0.101495 0.078752 
v -0.00935726 0.0931126 0.070376 
v -0.0231142 0.0931126 0.074956 
v -0.0227033 0.0847306 0.078752 
v -0.00966826 0.104797 0.075528 
v -0.00966826 0.0814286 0.075528 
v -0.00986026 0.110044 0.088263 
v -0.0227093 0.105479 0.088263 
v -0.0227033 0.101495 0.097774 
v 0.00586675 0.0931126 0.069125 
v -0.00986026 0.0761816 0.088263 
v -0.0227093 0.0807476 0.088263 
v -0.0227033 0.0847306 0.097774 
v 0.00591074 0.0748446 0.088263 
v -0.00966826 0.0814286 0.100997 
v -0.00935726 0.0931126 0.10615 
v -0.0231142 0.0931126 0.101569 
v 0.00576575 0.0804616 0.074625 
v -0.00966826 0.104797 0.100997 
v 0.00586675 0.0931126 0.107401 
v 0.00576575 0.0804616 0.1019 
v 0.0138277 0.0855996 0.080185 
v 0.0139167 0.0823586 0.088263 
v 0.0138277 0.0855996 0.09634 
v 0.0186607 0.0931126 0.088263 
v 0.0136777 0.0931126 0.076859 
v 0.0136777 0.0931126 0.099667 
v 0.0138277 0.100627 0.09634 
v 0.00576575 0.105765 0.1019 
v 0.0139167 0.103867 0.088263 
v 0.00591074 0.111382 0.088263 
v 0.0138277 0.100627 0.080185 
v 0.00576575 0.105765 0.074625 
v -0.261425 0.197523 0.070376 
v -0.246061 0.194013 0.078752 
v -0.251698 0.187796 0.074956 
v -0.257915 0.182159 0.078752 
v -0.252943 0.205565 0.075528 
v -0.24324 0.196826 0.088263 
v -0.269467 0.189041 0.075528 
v -0.260728 0.179338 0.088263 
v -0.272191 0.208288 0.069125 
v -0.249098 0.20914 0.088263 
v -0.273042 0.185196 0.088263 
v -0.252943 0.205565 0.100997 
v -0.246061 0.194013 0.097774 
v -0.263173 0.217163 0.074625 
v -0.259303 0.221237 0.088263 
v -0.261425 0.197523 0.10615 
v -0.251698 0.187796 0.101569 
v -0.257915 0.182159 0.097774 
v -0.269467 0.189041 0.100997 
v -0.263173 0.217163 0.1019 
v -0.272191 0.208288 0.107401 
v -0.281065 0.199271 0.1019 
v -0.285139 0.195401 0.088263 
v -0.270278 0.221584 0.088263 
v -0.272507 0.219231 0.09634 
v -0.277713 0.213811 0.099667 
v -0.281065 0.199271 0.074625 
v -0.285486 0.206376 0.088263 
v -0.283133 0.208605 0.09634 
v -0.281237 0.217335 0.088263 
v -0.283133 0.208605 0.080185 
v -0.277713 0.213811 0.076859 
v -0.272507 0.219231 0.080185 
v -0.0526053 -0.0112974 0.070376 
v -0.0561153 0.00406656 0.078752 
v -0.0445633 -0.00281543 0.075528 
v -0.0623333 -0.00157043 0.074956 
v -0.0679693 -0.00778744 0.078752 
v -0.0533033 0.00688756 0.088263 
v -0.0610873 -0.0193394 0.075528 
v -0.0707903 -0.0106004 0.088263 
v -0.0418403 -0.0220624 0.069125 
v -0.0409883 0.00103056 0.088263 
v -0.0649333 -0.0229144 0.088263 
v -0.0329653 -0.0130454 0.074625 
v -0.0445633 -0.00281543 0.100997 
v -0.0561153 0.00406656 0.097774 
v -0.0288913 -0.00917543 0.088263 
v -0.0526053 -0.0112974 0.10615 
v -0.0623333 -0.00157043 0.101569 
v -0.0679693 -0.00778744 0.097774 
v -0.0329653 -0.0130454 0.101901 
v -0.0285443 -0.0201504 0.088263 
v -0.0308983 -0.0223794 0.080185 
v -0.0308983 -0.0223794 0.09634 
v -0.0418403 -0.0220624 0.107401 
v -0.0327933 -0.0311094 0.088263 
v -0.0363173 -0.0275854 0.076859 
v -0.0415233 -0.0330054 0.080185 
v -0.0363173 -0.0275854 0.099667 
v -0.0415233 -0.0330054 0.09634 
v -0.0437523 -0.0353584 0.088263 
v -0.0508573 -0.0309374 0.101901 
v -0.0508573 -0.0309374 0.074625 
v -0.0547273 -0.0350114 0.088263 
v -0.0610873 -0.0193394 0.100997 
v -0.261425 -0.0112974 0.070376 
v -0.257915 0.00406656 0.078752 
v -0.251698 -0.00156944 0.074956 
v -0.246061 -0.00778744 0.078752 
v -0.269467 -0.00281543 0.075528 
v -0.260728 0.00688756 0.088263 
v -0.252943 -0.0193394 0.075528 
v -0.24324 -0.0105994 0.088263 
v -0.272191 -0.0220624 0.069125 
v -0.273042 0.00103056 0.088263 
v -0.249098 -0.0229144 0.088263 
v -0.269467 -0.00281543 0.100997 
v -0.257915 0.00406656 0.097774 
v -0.281065 -0.0130454 0.074625 
v -0.285139 -0.00917543 0.088263 
v -0.261425 -0.0112974 0.10615 
v -0.251698 -0.00156944 0.101569 
v -0.246061 -0.00778744 0.097774 
v -0.252943 -0.0193394 0.100997 
v -0.281065 -0.0130454 0.1019 
v -0.272191 -0.0220624 0.107401 
v -0.263173 -0.0309374 0.1019 
v -0.259303 -0.0350114 0.088263 
v -0.285486 -0.0201504 0.088263 
v -0.283133 -0.0223794 0.09634 
v -0.277713 -0.0275854 0.099667 
v -0.263173 -0.0309374 0.074625 
v -0.270278 -0.0353584 0.088263 
v -0.272507 -0.0330044 0.09634 
v -0.281237 -0.0311094 0.088263 
v -0.272507 -0.0330044 0.080185 
v -0.277713 -0.0275854 0.076859 
v -0.283133 -0.0223794 0.080185 
v -0.0679693 0.194013 0.078752 
v -0.0526053 0.197523 0.070376 
v -0.0623333 0.187796 0.074956 
v -0.0561153 0.182159 0.078752 
v -0.0610873 0.205565 0.075528 
v -0.0707903 0.196826 0.088263 
v -0.0445633 0.189041 0.075528 
v -0.0533033 0.179338 0.088263 
v -0.0418403 0.208289 0.069125 
v -0.0649333 0.20914 0.088263 
v -0.0409883 0.185196 0.088263 
v -0.0508573 0.217163 0.074625 
v -0.0610873 0.205565 0.100997 
v -0.0679693 0.194013 0.097774 
v -0.0547273 0.221237 0.088263 
v -0.0526053 0.197523 0.10615 
v -0.0623333 0.187796 0.101569 
v -0.0561153 0.182159 0.097774 
v -0.0508573 0.217163 0.1019 
v -0.0437523 0.221584 0.088263 
v -0.0415233 0.219231 0.080185 
v -0.0415233 0.219231 0.09634 
v -0.0418403 0.208289 0.107401 
v -0.0363173 0.213811 0.076859 
v -0.0327933 0.217335 0.088263 
v -0.0363173 0.213811 0.099667 
v -0.0308983 0.208605 0.09634 
v -0.0308983 0.208605 0.080185 
v -0.0329653 0.199271 0.074625 
v -0.0285443 0.206376 0.088263 
v -0.0288913 0.195401 0.088263 
v -0.0329653 0.199271 0.1019 
v -0.0445633 0.189041 0.100997 
v -0.168478 0.225514 -0.083041 
v -0.157015 0.227015 -0.082086 
v -0.165397 0.227425 -0.085882 
v -0.169381 0.227419 -0.095393 
v -0.157015 0.225611 -0.078072 
v -0.173577 0.225587 -0.095393 
v -0.145552 0.225514 -0.083041 
v -0.168478 0.225514 -0.107745 
v -0.148633 0.227425 -0.085882 
v -0.165397 0.227425 -0.104904 
v -0.14465 0.227419 -0.095393 
v -0.157015 0.227014 -0.108699 
v -0.140454 0.225587 -0.095393 
v -0.157015 0.225611 -0.112713 
v -0.145552 0.225514 -0.107745 
v -0.148633 0.227425 -0.104904 
v -0.157015 -0.0393854 -0.078072 
v -0.168478 -0.0392884 -0.083041 
v -0.157015 -0.0407884 -0.082086 
v -0.145552 -0.0392884 -0.083041 
v -0.165397 -0.0411994 -0.085882 
v -0.148633 -0.0411994 -0.085882 
v -0.169381 -0.0411934 -0.095393 
v -0.14465 -0.0411934 -0.095393 
v -0.173577 -0.0393614 -0.095393 
v -0.140454 -0.0393614 -0.095393 
v -0.168478 -0.0392884 -0.107745 
v -0.145552 -0.0392884 -0.107745 
v -0.165397 -0.0411994 -0.104904 
v -0.148633 -0.0411994 -0.104904 
v -0.157015 -0.0407884 -0.108699 
v -0.157015 -0.0393854 -0.112713 
v -0.289416 0.0816496 -0.083041 
v -0.290917 0.0931126 -0.082086 
v -0.291328 0.0847306 -0.085882 
v -0.291321 0.0807476 -0.095393 
v -0.289513 0.0931126 -0.078072 
v -0.289489 0.0765516 -0.095393 
v -0.289416 0.104576 -0.083041 
v -0.289416 0.0816496 -0.107745 
v -0.291328 0.101495 -0.085882 
v -0.291328 0.0847306 -0.104904 
v -0.291321 0.105479 -0.095393 
v -0.290917 0.0931126 -0.108699 
v -0.289489 0.109675 -0.095393 
v -0.289513 0.0931126 -0.112713 
v -0.289416 0.104576 -0.107745 
v -0.291328 0.101495 -0.104904 
v -0.0245173 0.0931126 -0.078072 
v -0.0246143 0.0816496 -0.083041 
v -0.0231142 0.0931126 -0.082086 
v -0.0246143 0.104576 -0.083041 
v -0.0227033 0.0847306 -0.085882 
v -0.0227033 0.101495 -0.085882 
v -0.0227093 0.0807476 -0.095393 
v -0.0227093 0.105479 -0.095393 
v -0.0245423 0.0765516 -0.095393 
v -0.0245423 0.109675 -0.095393 
v -0.0246143 0.0816496 -0.107745 
v -0.0246143 0.104576 -0.107745 
v -0.0227033 0.0847306 -0.104904 
v -0.0227033 0.101495 -0.104904 
v -0.0231142 0.0931126 -0.108699 
v -0.0245173 0.0931126 -0.112713 
v -0.251698 0.187796 -0.082086 
v -0.258743 0.178629 -0.083041 
v -0.250705 0.186803 -0.078072 
v -0.242531 0.19484 -0.083041 
v -0.257915 0.182159 -0.085882 
v -0.246061 0.194013 -0.085882 
v -0.262399 0.175075 -0.095393 
v -0.238977 0.198497 -0.095393 
v -0.260728 0.179338 -0.095393 
v -0.24324 0.196826 -0.095393 
v -0.257915 0.182159 -0.104904 
v -0.246061 0.194013 -0.104904 
v -0.258743 0.178629 -0.107745 
v -0.242531 0.19484 -0.107745 
v -0.251698 0.187796 -0.108699 
v -0.250705 0.186803 -0.112713 
v -0.0633253 -0.000577435 -0.078072 
v -0.0714993 -0.00861444 -0.083041 
v -0.0623333 -0.00157043 -0.082086 
v -0.0552883 0.00759657 -0.083041 
v -0.0679693 -0.00778744 -0.085882 
v -0.0561153 0.00406656 -0.085882 
v -0.0750533 -0.0122714 -0.095393 
v -0.0516313 0.0111506 -0.095393 
v -0.0707903 -0.0106004 -0.095393 
v -0.0533033 0.00688756 -0.095393 
v -0.0679693 -0.00778744 -0.104904 
v -0.0561153 0.00406656 -0.104904 
v -0.0714993 -0.00861444 -0.107745 
v -0.0552883 0.00759657 -0.107745 
v -0.0623333 -0.00157043 -0.108699 
v -0.0633253 -0.000577435 -0.112713 
v -0.251698 -0.00156944 -0.082086 
v -0.242531 -0.00861444 -0.083041 
v -0.250705 -0.000577435 -0.078072 
v -0.258743 0.00759657 -0.083041 
v -0.246061 -0.00778744 -0.085882 
v -0.257915 0.00406656 -0.085882 
v -0.238977 -0.0122714 -0.095393 
v -0.262399 0.0111506 -0.095393 
v -0.24324 -0.0105994 -0.095393 
v -0.260728 0.00688756 -0.095393 
v -0.246061 -0.00778744 -0.104904 
v -0.257915 0.00406656 -0.104904 
v -0.242531 -0.00861444 -0.107745 
v -0.258743 0.00759657 -0.107745 
v -0.251698 -0.00156944 -0.108699 
v -0.250705 -0.000577435 -0.112713 
v -0.0633253 0.186803 -0.078072 
v -0.0552883 0.178629 -0.083041 
v -0.0623333 0.187796 -0.082086 
v -0.0714993 0.194841 -0.083041 
v -0.0561153 0.182159 -0.085882 
v -0.0679693 0.194013 -0.085882 
v -0.0516313 0.175075 -0.095393 
v -0.0750533 0.198497 -0.095393 
v -0.0533033 0.179338 -0.095393 
v -0.0707903 0.196826 -0.095393 
v -0.0561153 0.182159 -0.104904 
v -0.0679693 0.194013 -0.104904 
v -0.0552883 0.178629 -0.107745 
v -0.0714993 0.19484 -0.107745 
v -0.0623333 0.187796 -0.108699 
v -0.0633253 0.186803 -0.112713 
v -0.157015 0.227015 0.074956 
v -0.168478 0.225514 0.075911 
v -0.165397 0.227425 0.078752 
v -0.169381 0.227419 0.088263 
v -0.157015 0.225611 0.070942 
v -0.173577 0.225587 0.088263 
v -0.145552 0.225514 0.075911 
v -0.168478 0.225514 0.100615 
v -0.148633 0.227425 0.078752 
v -0.165397 0.227425 0.097774 
v -0.14465 0.227419 0.088263 
v -0.157015 0.227014 0.101569 
v -0.140454 0.225587 0.088263 
v -0.157015 0.225611 0.105583 
v -0.145552 0.225514 0.100615 
v -0.148633 0.227425 0.097774 
v -0.157015 -0.0407884 0.074956 
v -0.165397 -0.0411994 0.078752 
v -0.168478 -0.0392884 0.075911 
v -0.169381 -0.0411934 0.088263 
v -0.157015 -0.0393854 0.070942 
v -0.173577 -0.0393614 0.088263 
v -0.145552 -0.0392884 0.075911 
v -0.168478 -0.0392884 0.100615 
v -0.148633 -0.0411994 0.078752 
v -0.165397 -0.0411994 0.097774 
v -0.14465 -0.0411934 0.088263 
v -0.157015 -0.0407884 0.101569 
v -0.140454 -0.0393614 0.088263 
v -0.157015 -0.0393854 0.105583 
v -0.145552 -0.0392884 0.100615 
v -0.148633 -0.0411994 0.097774 
v -0.290917 0.0931126 0.074956 
v -0.289416 0.0816496 0.075911 
v -0.291328 0.0847306 0.078752 
v -0.291321 0.0807476 0.088263 
v -0.289513 0.0931126 0.070942 
v -0.289489 0.0765516 0.088263 
v -0.289416 0.104576 0.075911 
v -0.289416 0.0816496 0.100615 
v -0.291328 0.101495 0.078752 
v -0.291328 0.0847306 0.097774 
v -0.291321 0.105479 0.088263 
v -0.290917 0.0931126 0.101569 
v -0.289489 0.109675 0.088263 
v -0.289513 0.0931126 0.105583 
v -0.289416 0.104576 0.100615 
v -0.291328 0.101495 0.097774 
v -0.0231142 0.0931126 0.074956 
v -0.0227033 0.0847306 0.078752 
v -0.0246143 0.0816496 0.075911 
v -0.0227093 0.0807476 0.088263 
v -0.0245173 0.0931126 0.070942 
v -0.0245423 0.0765516 0.088263 
v -0.0246143 0.104576 0.075911 
v -0.0246143 0.0816496 0.100615 
v -0.0227033 0.101495 0.078752 
v -0.0227033 0.0847306 0.097774 
v -0.0227093 0.105479 0.088263 
v -0.0231142 0.0931126 0.101569 
v -0.0245423 0.109675 0.088263 
v -0.0245173 0.0931126 0.105583 
v -0.0246143 0.104576 0.100615 
v -0.0227033 0.101495 0.097774 
v -0.251698 0.187796 0.074956 
v -0.258743 0.178629 0.075911 
v -0.257915 0.182159 0.078752 
v -0.250705 0.186803 0.070942 
v -0.262399 0.175075 0.088263 
v -0.242531 0.19484 0.075911 
v -0.260728 0.179338 0.088263 
v -0.246061 0.194013 0.078752 
v -0.257915 0.182159 0.097774 
v -0.238977 0.198497 0.088263 
v -0.258743 0.178629 0.100615 
v -0.24324 0.196826 0.088263 
v -0.251698 0.187796 0.101569 
v -0.246061 0.194013 0.097774 
v -0.250705 0.186803 0.105583 
v -0.242531 0.19484 0.100615 
v -0.0623333 -0.00157043 0.074956 
v -0.0679693 -0.00778744 0.078752 
v -0.0714993 -0.00861444 0.075911 
v -0.0633253 -0.000577435 0.070942 
v -0.0750533 -0.0122714 0.088263 
v -0.0552883 0.00759657 0.075911 
v -0.0707903 -0.0106004 0.088263 
v -0.0561153 0.00406656 0.078752 
v -0.0679693 -0.00778744 0.097774 
v -0.0516313 0.0111506 0.088263 
v -0.0714993 -0.00861444 0.100615 
v -0.0533033 0.00688756 0.088263 
v -0.0623333 -0.00157043 0.101569 
v -0.0561153 0.00406656 0.097774 
v -0.0633253 -0.000577435 0.105583 
v -0.0552883 0.00759657 0.100615 
v -0.251698 -0.00156944 0.074956 
v -0.242531 -0.00861444 0.075911 
v -0.246061 -0.00778744 0.078752 
v -0.250705 -0.000577435 0.070942 
v -0.238977 -0.0122714 0.088263 
v -0.258743 0.00759657 0.075911 
v -0.24324 -0.0105994 0.088263 
v -0.257915 0.00406656 0.078752 
v -0.246061 -0.00778744 0.097774 
v -0.262399 0.0111506 0.088263 
v -0.242531 -0.00861444 0.100615 
v -0.260728 0.00688756 0.088263 
v -0.251698 -0.00156944 0.101569 
v -0.257915 0.00406656 0.097774 
v -0.250705 -0.000577435 0.105583 
v -0.258743 0.00759657 0.100615 
v -0.0623333 0.187796 0.074956 
v -0.0561153 0.182159 0.078752 
v -0.0552883 0.178629 0.075911 
v -0.0633253 0.186803 0.070942 
v -0.0516313 0.175075 0.088263 
v -0.0714993 0.194841 0.075911 
v -0.0533033 0.179338 0.088263 
v -0.0679693 0.194013 0.078752 
v -0.0561153 0.182159 0.097774 
v -0.0750533 0.198497 0.088263 
v -0.0552883 0.178629 0.100615 
v -0.0707903 0.196826 0.088263 
v -0.0623333 0.187796 0.101569 
v -0.0679693 0.194013 0.097774 
v -0.0633253 0.186803 0.105583 
v -0.0714993 0.194841 0.100615 
v -0.140454 0.215463 -0.095393 
v -0.145552 0.225514 -0.083041 
v -0.145552 0.215536 -0.083041 
v -0.157015 0.215439 -0.078072 
v -0.140454 0.225587 -0.095393 
v -0.157015 0.225611 -0.078072 
v -0.145552 0.225514 -0.107745 
v -0.168478 0.225514 -0.083041 
v -0.145552 0.215536 -0.107745 
v -0.168478 0.215536 -0.083041 
v -0.157015 0.215439 -0.112713 
v -0.173577 0.215463 -0.095393 
v -0.157015 0.225611 -0.112713 
v -0.173577 0.225587 -0.095393 
v -0.168478 0.225514 -0.107745 
v -0.168478 0.215536 -0.107745 
v -0.157015 0.0931126 -0.10862 
v -0.157015 0.214379 -0.108808 
v -0.14845 0.213909 -0.104893 
v -0.165581 0.213909 -0.104893 
v -0.14872 0.0931126 -0.104869 
v -0.14452 0.213858 -0.095393 
v -0.144774 0.0931126 -0.095393 
v -0.14452 -0.0276324 -0.095393 
v -0.14872 0.0931126 -0.085917 
v -0.14845 0.213909 -0.085893 
v -0.14845 -0.0276834 -0.104893 
v -0.14845 -0.0276834 -0.085893 
v -0.157015 -0.0281534 -0.108808 
v -0.157015 0.0931126 -0.082166 
v -0.157015 0.214379 -0.081978 
v -0.157015 -0.0281534 -0.081978 
v -0.165581 -0.0276834 -0.104893 
v -0.165581 0.213909 -0.085893 
v -0.165581 -0.0276834 -0.085893 
v -0.165311 0.0931126 -0.085917 
v -0.16951 0.213858 -0.095393 
v -0.16951 -0.0276324 -0.095393 
v -0.169257 0.0931126 -0.095393 
v -0.165311 0.0931126 -0.104869 
v -0.140454 -0.0292374 -0.095393 
v -0.145552 -0.0392884 -0.083041 
v -0.140454 -0.0393614 -0.095393 
v -0.145552 -0.0392884 -0.107745 
v -0.145552 -0.0293094 -0.083041 
v -0.145552 -0.0293094 -0.107745 
v -0.157015 -0.0292134 -0.078072 
v -0.157015 -0.0292134 -0.112713 
v -0.157015 -0.0393854 -0.078072 
v -0.157015 -0.0393854 -0.112713 
v -0.168478 -0.0392884 -0.083041 
v -0.168478 -0.0392884 -0.107745 
v -0.168478 -0.0293094 -0.083041 
v -0.168478 -0.0293094 -0.107745 
v -0.173577 -0.0292374 -0.095393 
v -0.173577 -0.0393614 -0.095393 
v -0.289489 0.109675 -0.095393 
v -0.279438 0.104576 -0.083041 
v -0.279365 0.109675 -0.095393 
v -0.289416 0.104576 -0.083041 
v -0.289416 0.104576 -0.107745 
v -0.279341 0.0931126 -0.078072 
v -0.279438 0.104576 -0.107745 
v -0.289513 0.0931126 -0.078072 
v -0.289513 0.0931126 -0.112713 
v -0.279438 0.0816496 -0.083041 
v -0.279341 0.0931126 -0.112713 
v -0.289416 0.0816496 -0.083041 
v -0.289416 0.0816496 -0.107745 
v -0.279365 0.0765516 -0.095393 
v -0.279438 0.0816496 -0.107745 
v -0.289489 0.0765516 -0.095393 
v -0.289416 0.104576 0.075911 
v -0.289489 0.109675 0.088263 
v -0.279438 0.104576 0.075911 
v -0.279365 0.109675 0.088263 
v -0.279341 0.0931126 0.070942 
v -0.289416 0.104576 0.100615 
v -0.289513 0.0931126 0.070942 
v -0.279438 0.104576 0.100615 
v -0.279438 0.0816496 0.075911 
v -0.289513 0.0931126 0.105583 
v -0.289416 0.0816496 0.075911 
v -0.279341 0.0931126 0.105583 
v -0.279365 0.0765516 0.088263 
v -0.289416 0.0816496 0.100615 
v -0.289489 0.0765516 0.088263 
v -0.279438 0.0816496 0.100615 
v -0.0245423 0.109675 -0.095393 
v -0.0346653 0.109675 -0.095393 
v -0.0345933 0.104576 -0.083041 
v -0.0246143 0.104576 -0.083041 
v -0.0246143 0.104576 -0.107745 
v -0.0346893 0.0931126 -0.078072 
v -0.0345933 0.104576 -0.107745 
v -0.0245173 0.0931126 -0.078072 
v -0.0346893 0.0931126 -0.112713 
v -0.0246143 0.0816496 -0.083041 
v -0.0245173 0.0931126 -0.112713 
v -0.0345933 0.0816496 -0.083041 
v -0.0246143 0.0816496 -0.107745 
v -0.0346653 0.0765516 -0.095393 
v -0.0345933 0.0816496 -0.107745 
v -0.0245423 0.0765516 -0.095393 
v -0.0776563 0.00163957 -0.104893 
v -0.0712673 0.00736456 -0.108808 
v -0.0655433 0.0137536 -0.104893 
v -0.162881 0.0872466 -0.104869 
v -0.165671 0.0844566 -0.095393 
v -0.0804713 -0.00110243 -0.095393 
v -0.248488 0.172472 -0.104893 
v -0.242764 0.178861 -0.108808 
v -0.236374 0.184586 -0.104893 
v -0.25123 0.169657 -0.095393 
v -0.0776563 0.00164057 -0.085893 
v -0.248488 0.172472 -0.085893 
v -0.162881 0.0872466 -0.085917 
v -0.151149 0.0989786 -0.104869 
v -0.148359 0.101769 -0.095393 
v -0.233559 0.187328 -0.095393 
v -0.0628003 0.0165686 -0.095393 
v -0.236374 0.184586 -0.085893 
v -0.0655433 0.0137536 -0.085893 
v -0.151149 0.0989786 -0.085917 
v -0.242764 0.178861 -0.081978 
v -0.0712673 0.00736456 -0.081978 
v -0.145552 0.225514 0.075911 
v -0.140454 0.215463 0.088263 
v -0.145552 0.215536 0.075911 
v -0.157015 0.215439 0.070942 
v -0.140454 0.225587 0.088263 
v -0.157015 0.225611 0.070942 
v -0.145552 0.225514 0.100615 
v -0.168478 0.225514 0.075911 
v -0.145552 0.215536 0.100615 
v -0.168478 0.215536 0.075911 
v -0.157015 0.215439 0.105583 
v -0.173577 0.215463 0.088263 
v -0.157015 0.225611 0.105583 
v -0.173577 0.225587 0.088263 
v -0.168478 0.225514 0.100615 
v -0.168478 0.215536 0.100615 
v -0.0655433 0.172472 -0.104893 
v -0.0712673 0.178861 -0.108808 
v -0.0776563 0.184586 -0.104893 
v -0.151149 0.0872466 -0.104869 
v -0.148359 0.0844566 -0.095393 
v -0.0628003 0.169657 -0.095393 
v -0.0655433 0.172472 -0.085893 
v -0.236374 0.00164057 -0.104893 
v -0.233559 -0.00110243 -0.095393 
v -0.242763 0.00736456 -0.108808 
v -0.236374 0.00164057 -0.085893 
v -0.151149 0.0872466 -0.085917 
v -0.0712673 0.178861 -0.081978 
v -0.242764 0.00736456 -0.081978 
v -0.248488 0.0137536 -0.104893 
v -0.0776563 0.184586 -0.085893 
v -0.248488 0.0137536 -0.085893 
v -0.162881 0.0989786 -0.085917 
v -0.165671 0.101769 -0.095393 
v -0.0804713 0.187328 -0.095393 
v -0.25123 0.0165686 -0.095393 
v -0.162881 0.0989786 -0.104869 
v -0.242531 0.19484 -0.083041 
v -0.231819 0.191338 -0.095393 
v -0.238977 0.198497 -0.095393 
v -0.242531 0.19484 -0.107745 
v -0.235475 0.187784 -0.083041 
v -0.235475 0.187784 -0.107745 
v -0.243513 0.179611 -0.078072 
v -0.250705 0.186803 -0.112713 
v -0.250705 0.186803 -0.078072 
v -0.243513 0.17961 -0.112713 
v -0.251687 0.171573 -0.083041 
v -0.258743 0.178629 -0.107745 
v -0.258743 0.178629 -0.083041 
v -0.251687 0.171573 -0.107745 
v -0.262399 0.175075 -0.095393 
v -0.255241 0.167917 -0.095393 
v -0.242531 0.19484 0.075911 
v -0.231819 0.191338 0.088263 
v -0.235475 0.187784 0.075911 
v -0.243513 0.179611 0.070942 
v -0.238977 0.198497 0.088263 
v -0.250705 0.186803 0.070942 
v -0.242531 0.19484 0.100615 
v -0.251687 0.171573 0.075911 
v -0.235475 0.187784 0.100615 
v -0.258743 0.178629 0.075911 
v -0.250705 0.186803 0.105583 
v -0.262399 0.175075 0.088263 
v -0.243513 0.17961 0.105583 
v -0.255241 0.167917 0.088263 
v -0.258743 0.178629 0.100615 
v -0.251687 0.171573 0.100615 
v -0.0246143 0.104576 0.075911 
v -0.0345933 0.104576 0.075911 
v -0.0245423 0.109675 0.088263 
v -0.0346653 0.109675 0.088263 
v -0.0346893 0.0931126 0.070942 
v -0.0246143 0.104576 0.100615 
v -0.0245173 0.0931126 0.070942 
v -0.0345933 0.104576 0.100615 
v -0.0246143 0.0816496 0.075911 
v -0.0346893 0.0931126 0.105583 
v -0.0345933 0.0816496 0.075911 
v -0.0245173 0.0931126 0.105583 
v -0.0346653 0.0765516 0.088263 
v -0.0246143 0.0816496 0.100615 
v -0.0245423 0.0765516 0.088263 
v -0.0345933 0.0816496 0.100615 
v -0.14872 0.0931126 0.097739 
v -0.14845 0.213909 0.097763 
v -0.157015 0.0931126 0.10149 
v -0.157015 0.214379 0.101678 
v -0.14452 0.213858 0.088263 
v -0.165581 0.213909 0.097763 
v -0.144774 0.0931126 0.088263 
v -0.14452 -0.0276324 0.088263 
v -0.14872 0.0931126 0.078787 
v -0.14845 0.213909 0.078763 
v -0.14845 -0.0276834 0.097763 
v -0.14845 -0.0276834 0.078763 
v -0.157015 -0.0281534 0.101678 
v -0.157015 0.0931126 0.075036 
v -0.157015 0.214379 0.074848 
v -0.157015 -0.0281534 0.074848 
v -0.165581 -0.0276834 0.097763 
v -0.165581 0.213909 0.078763 
v -0.165581 -0.0276834 0.078763 
v -0.165311 0.0931126 0.078787 
v -0.16951 0.213858 0.088263 
v -0.16951 -0.0276324 0.088263 
v -0.169257 0.0931126 0.088263 
v -0.165311 0.0931126 0.097739 
v -0.262399 0.0111506 -0.095393 
v -0.251687 0.0146526 -0.083041 
v -0.255241 0.0183086 -0.095393 
v -0.251687 0.0146526 -0.107745 
v -0.258743 0.00759657 -0.083041 
v -0.258743 0.00759657 -0.107745 
v -0.243513 0.00661556 -0.078072 
v -0.243513 0.00661556 -0.112713 
v -0.250705 -0.000577435 -0.078072 
v -0.250705 -0.000577435 -0.112713 
v -0.235475 -0.00155844 -0.083041 
v -0.235475 -0.00155844 -0.107745 
v -0.242531 -0.00861444 -0.083041 
v -0.242531 -0.00861444 -0.107745 
v -0.231819 -0.00511243 -0.095393 
v -0.238977 -0.0122714 -0.095393 
v -0.258743 0.00759657 0.075911 
v -0.262399 0.0111506 0.088263 
v -0.251687 0.0146526 0.075911 
v -0.255241 0.0183086 0.088263 
v -0.243513 0.00661556 0.070942 
v -0.251687 0.0146526 0.100615 
v -0.250705 -0.000577435 0.070942 
v -0.258743 0.00759657 0.100615 
v -0.235475 -0.00155844 0.075911 
v -0.243513 0.00661556 0.105583 
v -0.242531 -0.00861444 0.075911 
v -0.250705 -0.000577435 0.105583 
v -0.231819 -0.00511243 0.088263 
v -0.235475 -0.00155844 0.100615 
v -0.238977 -0.0122714 0.088263 
v -0.242531 -0.00861444 0.100615 
v -0.0822123 0.191338 0.088263 
v -0.0714993 0.194841 0.075911 
v -0.0785553 0.187785 0.075911 
v -0.0705183 0.179611 0.070942 
v -0.0750533 0.198497 0.088263 
v -0.0633253 0.186803 0.070942 
v -0.0785553 0.187785 0.100615 
v -0.0623443 0.171573 0.075911 
v -0.0714993 0.194841 0.100615 
v -0.0552883 0.178629 0.075911 
v -0.0705183 0.179611 0.105583 
v -0.0587903 0.167917 0.088263 
v -0.0633253 0.186803 0.105583 
v -0.0516313 0.175075 0.088263 
v -0.0623443 0.171573 0.100615 
v -0.0552883 0.178629 0.100615 
v -0.0655433 0.172472 0.097763 
v -0.0712673 0.178861 0.101678 
v -0.0776563 0.184586 0.097763 
v -0.151149 0.0872466 0.097739 
v -0.148359 0.0844566 0.088263 
v -0.0628003 0.169657 0.088263 
v -0.236374 0.00164057 0.097763 
v -0.242763 0.00736456 0.101678 
v -0.233559 -0.00110243 0.088263 
v -0.0655433 0.172472 0.078763 
v -0.236374 0.00164057 0.078763 
v -0.151149 0.0872466 0.078787 
v -0.0712673 0.178861 0.074848 
v -0.242764 0.00736456 0.074848 
v -0.0776563 0.184586 0.078763 
v -0.248488 0.0137536 0.078763 
v -0.162881 0.0989786 0.078787 
v -0.165671 0.101769 0.088263 
v -0.0804713 0.187328 0.088263 
v -0.25123 0.0165686 0.088263 
v -0.248488 0.0137536 0.097763 
v -0.162881 0.0989786 0.097739 
v -0.248488 0.172472 0.097763 
v -0.242764 0.178861 0.101678 
v -0.236374 0.184586 0.097763 
v -0.162881 0.0872466 0.097739 
v -0.165671 0.0844566 0.088263 
v -0.25123 0.169657 0.088263 
v -0.0776563 0.00164057 0.097763 
v -0.0712673 0.00736456 0.101678 
v -0.0655433 0.0137536 0.097763 
v -0.0804713 -0.00110243 0.088263 
v -0.248488 0.172472 0.078763 
v -0.0776563 0.00164057 0.078763 
v -0.162881 0.0872466 0.078787 
v -0.151149 0.0989786 0.097739 
v -0.148359 0.101769 0.088263 
v -0.0628003 0.0165686 0.088263 
v -0.233559 0.187328 0.088263 
v -0.0655433 0.0137536 0.078763 
v -0.236374 0.184586 0.078763 
v -0.151149 0.0989786 0.078787 
v -0.0712673 0.00736456 0.074848 
v -0.242764 0.178861 0.074848 
v -0.277811 0.101679 -0.104893 
v -0.278281 0.0931126 -0.108808 
v -0.277811 0.0845466 -0.104893 
v -0.157015 0.101409 -0.104869 
v -0.27776 0.105608 -0.095393 
v -0.157015 0.105354 -0.095393 
v -0.0362703 0.105608 -0.095393 
v -0.157015 0.101409 -0.085917 
v -0.277811 0.101679 -0.085893 
v -0.0362193 0.101679 -0.104893 
v -0.0362193 0.101679 -0.085893 
v -0.0357493 0.0931126 -0.108808 
v -0.278282 0.0931126 -0.081978 
v -0.0357493 0.0931126 -0.081978 
v -0.0362193 0.0845466 -0.104893 
v -0.277811 0.0845466 -0.085893 
v -0.0362193 0.0845466 -0.085893 
v -0.157015 0.0848176 -0.085917 
v -0.27776 0.0806176 -0.095393 
v -0.0362703 0.0806176 -0.095393 
v -0.157015 0.0808716 -0.095393 
v -0.157015 0.0848176 -0.104869 
v -0.277811 0.101679 0.097763 
v -0.278281 0.0931126 0.101678 
v -0.277811 0.0845466 0.097763 
v -0.157015 0.101409 0.097739 
v -0.27776 0.105608 0.088263 
v -0.157015 0.105355 0.088263 
v -0.0362703 0.105608 0.088263 
v -0.157015 0.101409 0.078787 
v -0.277811 0.101679 0.078763 
v -0.0362193 0.101679 0.097763 
v -0.0362193 0.101679 0.078763 
v -0.0357493 0.0931126 0.101678 
v -0.278282 0.0931126 0.074848 
v -0.0357493 0.0931126 0.074848 
v -0.0362193 0.0845466 0.097763 
v -0.277811 0.0845466 0.078763 
v -0.0362193 0.0845466 0.078763 
v -0.157015 0.0848176 0.078787 
v -0.27776 0.0806176 0.088263 
v -0.0362703 0.0806176 0.088263 
v -0.157015 0.0808716 0.088263 
v -0.157015 0.0848176 0.097739 
v -0.145552 -0.0392884 0.075911 
v -0.140454 -0.0292374 0.088263 
v -0.140454 -0.0393614 0.088263 
v -0.145552 -0.0392884 0.100615 
v -0.145552 -0.0293094 0.075911 
v -0.145552 -0.0293094 0.100615 
v -0.157015 -0.0292134 0.070942 
v -0.157015 -0.0292134 0.105583 
v -0.157015 -0.0393854 0.070942 
v -0.157015 -0.0393854 0.105583 
v -0.168478 -0.0392884 0.075911 
v -0.168478 -0.0392884 0.100615 
v -0.168478 -0.0293094 0.075911 
v -0.168478 -0.0293094 0.100615 
v -0.173577 -0.0292374 0.088263 
v -0.173577 -0.0393614 0.088263 
v -0.145552 0.215536 -0.083041 
v -0.14452 0.213858 -0.095393 
v -0.140454 0.215463 -0.095393 
v -0.145552 0.215536 -0.107745 
v -0.14845 0.213909 -0.085893 
v -0.14845 0.213909 -0.104893 
v -0.157015 0.214379 -0.081978 
v -0.157015 0.214379 -0.108808 
v -0.157015 0.215439 -0.078072 
v -0.157015 0.215439 -0.112713 
v -0.168478 0.215536 -0.083041 
v -0.168478 0.215536 -0.107745 
v -0.165581 0.213909 -0.085893 
v -0.165581 0.213909 -0.104893 
v -0.16951 0.213858 -0.095393 
v -0.173577 0.215463 -0.095393 
v -0.145552 -0.0293094 -0.083041 
v -0.14452 -0.0276324 -0.095393 
v -0.14845 -0.0276834 -0.085893 
v -0.157015 -0.0281534 -0.081978 
v -0.140454 -0.0292374 -0.095393 
v -0.157015 -0.0292134 -0.078072 
v -0.145552 -0.0293094 -0.107745 
v -0.168478 -0.0293094 -0.083041 
v -0.14845 -0.0276834 -0.104893 
v -0.165581 -0.0276834 -0.085893 
v -0.157015 -0.0281534 -0.108808 
v -0.16951 -0.0276324 -0.095393 
v -0.157015 -0.0292134 -0.112713 
v -0.173577 -0.0292374 -0.095393 
v -0.168478 -0.0293094 -0.107745 
v -0.165581 -0.0276834 -0.104893 
v -0.279438 0.104576 -0.083041 
v -0.27776 0.105608 -0.095393 
v -0.279365 0.109675 -0.095393 
v -0.279438 0.104576 -0.107745 
v -0.277811 0.101679 -0.085893 
v -0.277811 0.101679 -0.104893 
v -0.278282 0.0931126 -0.081978 
v -0.278281 0.0931126 -0.108808 
v -0.279341 0.0931126 -0.078072 
v -0.279341 0.0931126 -0.112713 
v -0.279438 0.0816496 -0.083041 
v -0.279438 0.0816496 -0.107745 
v -0.277811 0.0845466 -0.085893 
v -0.277811 0.0845466 -0.104893 
v -0.27776 0.0806176 -0.095393 
v -0.279365 0.0765516 -0.095393 
v -0.0345933 0.104576 -0.083041 
v -0.0362703 0.105608 -0.095393 
v -0.0362193 0.101679 -0.085893 
v -0.0357493 0.0931126 -0.081978 
v -0.0346653 0.109675 -0.095393 
v -0.0346893 0.0931126 -0.078072 
v -0.0345933 0.104576 -0.107745 
v -0.0345933 0.0816496 -0.083041 
v -0.0362193 0.101679 -0.104893 
v -0.0362193 0.0845466 -0.085893 
v -0.0357493 0.0931126 -0.108808 
v -0.0362703 0.0806176 -0.095393 
v -0.0346893 0.0931126 -0.112713 
v -0.0346653 0.0765516 -0.095393 
v -0.0345933 0.0816496 -0.107745 
v -0.0362193 0.0845466 -0.104893 
v -0.231819 0.191338 -0.095393 
v -0.235475 0.187784 -0.083041 
v -0.236374 0.184586 -0.085893 
v -0.233559 0.187328 -0.095393 
v -0.242764 0.178861 -0.081978 
v -0.236374 0.184586 -0.104893 
v -0.243513 0.179611 -0.078072 
v -0.235475 0.187784 -0.107745 
v -0.251687 0.171573 -0.083041 
v -0.242764 0.178861 -0.108808 
v -0.248488 0.172472 -0.085893 
v -0.243513 0.17961 -0.112713 
v -0.255241 0.167917 -0.095393 
v -0.251687 0.171573 -0.107745 
v -0.25123 0.169657 -0.095393 
v -0.248488 0.172472 -0.104893 
v -0.0587903 0.0183086 -0.095393 
v -0.0655433 0.0137536 -0.085893 
v -0.0623443 0.0146526 -0.083041 
v -0.0628003 0.0165686 -0.095393 
v -0.0712673 0.00736456 -0.081978 
v -0.0655433 0.0137536 -0.104893 
v -0.0705183 0.00661556 -0.078072 
v -0.0623443 0.0146526 -0.107745 
v -0.0785553 -0.00155844 -0.083041 
v -0.0712673 0.00736456 -0.108808 
v -0.0776563 0.00164057 -0.085893 
v -0.0705183 0.00661556 -0.112713 
v -0.0822113 -0.00511243 -0.095393 
v -0.0785553 -0.00155844 -0.107745 
v -0.0804713 -0.00110243 -0.095393 
v -0.0776563 0.00163957 -0.104893 
v -0.255241 0.0183086 -0.095393 
v -0.251687 0.0146526 -0.083041 
v -0.248488 0.0137536 -0.085893 
v -0.25123 0.0165686 -0.095393 
v -0.242764 0.00736456 -0.081978 
v -0.248488 0.0137536 -0.104893 
v -0.243513 0.00661556 -0.078072 
v -0.251687 0.0146526 -0.107745 
v -0.235475 -0.00155844 -0.083041 
v -0.242763 0.00736456 -0.108808 
v -0.236374 0.00164057 -0.085893 
v -0.243513 0.00661556 -0.112713 
v -0.231819 -0.00511243 -0.095393 
v -0.235475 -0.00155844 -0.107745 
v -0.233559 -0.00110243 -0.095393 
v -0.236374 0.00164057 -0.104893 
v -0.0822123 0.191338 -0.095393 
v -0.0776563 0.184586 -0.085893 
v -0.0785553 0.187785 -0.083041 
v -0.0804713 0.187328 -0.095393 
v -0.0712673 0.178861 -0.081978 
v -0.0776563 0.184586 -0.104893 
v -0.0705183 0.179611 -0.078072 
v -0.0785553 0.187785 -0.107745 
v -0.0623443 0.171573 -0.083041 
v -0.0712673 0.178861 -0.108808 
v -0.0655433 0.172472 -0.085893 
v -0.0705183 0.179611 -0.112713 
v -0.0587903 0.167917 -0.095393 
v -0.0623443 0.171573 -0.107745 
v -0.0628003 0.169657 -0.095393 
v -0.0655433 0.172472 -0.104893 
v -0.145552 0.215536 0.075911 
v -0.14452 0.213858 0.088263 
v -0.14845 0.213909 0.078763 
v -0.157015 0.214379 0.074848 
v -0.140454 0.215463 0.088263 
v -0.157015 0.215439 0.070942 
v -0.145552 0.215536 0.100615 
v -0.168478 0.215536 0.075911 
v -0.14845 0.213909 0.097763 
v -0.165581 0.213909 0.078763 
v -0.157015 0.214379 0.101678 
v -0.16951 0.213858 0.088263 
v -0.157015 0.215439 0.105583 
v -0.173577 0.215463 0.088263 
v -0.168478 0.215536 0.100615 
v -0.165581 0.213909 0.097763 
v -0.14452 -0.0276324 0.088263 
v -0.145552 -0.0293094 0.075911 
v -0.14845 -0.0276834 0.078763 
v -0.157015 -0.0281534 0.074848 
v -0.140454 -0.0292374 0.088263 
v -0.157015 -0.0292134 0.070942 
v -0.145552 -0.0293094 0.100615 
v -0.168478 -0.0293094 0.075911 
v -0.14845 -0.0276834 0.097763 
v -0.165581 -0.0276834 0.078763 
v -0.157015 -0.0281534 0.101678 
v -0.16951 -0.0276324 0.088263 
v -0.157015 -0.0292134 0.105583 
v -0.173577 -0.0292374 0.088263 
v -0.168478 -0.0293094 0.100615 
v -0.165581 -0.0276834 0.097763 
v -0.279438 0.104576 0.075911 
v -0.27776 0.105608 0.088263 
v -0.277811 0.101679 0.078763 
v -0.278282 0.0931126 0.074848 
v -0.279365 0.109675 0.088263 
v -0.279341 0.0931126 0.070942 
v -0.279438 0.104576 0.100615 
v -0.279438 0.0816496 0.075911 
v -0.277811 0.101679 0.097763 
v -0.277811 0.0845466 0.078763 
v -0.278281 0.0931126 0.101678 
v -0.27776 0.0806176 0.088263 
v -0.279341 0.0931126 0.105583 
v -0.279365 0.0765516 0.088263 
v -0.279438 0.0816496 0.100615 
v -0.277811 0.0845466 0.097763 
v -0.0362703 0.105608 0.088263 
v -0.0345933 0.104576 0.075911 
v -0.0362193 0.101679 0.078763 
v -0.0357493 0.0931126 0.074848 
v -0.0346653 0.109675 0.088263 
v -0.0346893 0.0931126 0.070942 
v -0.0345933 0.104576 0.100615 
v -0.0345933 0.0816496 0.075911 
v -0.0362193 0.101679 0.097763 
v -0.0362193 0.0845466 0.078763 
v -0.0357493 0.0931126 0.101678 
v -0.0362703 0.0806176 0.088263 
v -0.0346893 0.0931126 0.105583 
v -0.0346653 0.0765516 0.088263 
v -0.0345933 0.0816496 0.100615 
v -0.0362193 0.0845466 0.097763 
v -0.235475 0.187784 0.075911 
v -0.231819 0.191338 0.088263 
v -0.236374 0.184586 0.078763 
v -0.233559 0.187328 0.088263 
v -0.242764 0.178861 0.074848 
v -0.236374 0.184586 0.097763 
v -0.243513 0.179611 0.070942 
v -0.235475 0.187784 0.100615 
v -0.251687 0.171573 0.075911 
v -0.242764 0.178861 0.101678 
v -0.248488 0.172472 0.078763 
v -0.243513 0.17961 0.105583 
v -0.255241 0.167917 0.088263 
v -0.251687 0.171573 0.100615 
v -0.25123 0.169657 0.088263 
v -0.248488 0.172472 0.097763 
v -0.0655433 0.0137536 0.078763 
v -0.0628003 0.0165686 0.088263 
v -0.0587903 0.0183086 0.088263 
v -0.0655433 0.0137536 0.097763 
v -0.0623443 0.0146526 0.075911 
v -0.0623443 0.0146526 0.100615 
v -0.0712673 0.00736456 0.074848 
v -0.0712673 0.00736456 0.101678 
v -0.0705183 0.00661556 0.070942 
v -0.0705183 0.00661556 0.105583 
v -0.0785553 -0.00155844 0.075911 
v -0.0785553 -0.00155844 0.100615 
v -0.0776563 0.00164057 0.078763 
v -0.0776563 0.00164057 0.097763 
v -0.0822113 -0.00511243 0.088263 
v -0.0804713 -0.00110243 0.088263 
v -0.251687 0.0146526 0.075911 
v -0.255241 0.0183086 0.088263 
v -0.248488 0.0137536 0.078763 
v -0.25123 0.0165686 0.088263 
v -0.242764 0.00736456 0.074848 
v -0.248488 0.0137536 0.097763 
v -0.243513 0.00661556 0.070942 
v -0.251687 0.0146526 0.100615 
v -0.235475 -0.00155844 0.075911 
v -0.242763 0.00736456 0.101678 
v -0.236374 0.00164057 0.078763 
v -0.243513 0.00661556 0.105583 
v -0.231819 -0.00511243 0.088263 
v -0.235475 -0.00155844 0.100615 
v -0.233559 -0.00110243 0.088263 
v -0.236374 0.00164057 0.097763 
v -0.0776563 0.184586 0.078763 
v -0.0804713 0.187328 0.088263 
v -0.0822123 0.191338 0.088263 
v -0.0776563 0.184586 0.097763 
v -0.0785553 0.187785 0.075911 
v -0.0785553 0.187785 0.100615 
v -0.0712673 0.178861 0.074848 
v -0.0712673 0.178861 0.101678 
v -0.0705183 0.179611 0.070942 
v -0.0705183 0.179611 0.105583 
v -0.0623443 0.171573 0.075911 
v -0.0623443 0.171573 0.100615 
v -0.0655433 0.172472 0.078763 
v -0.0655433 0.172472 0.097763 
v -0.0587903 0.167917 0.088263 
v -0.0628003 0.169657 0.088263 
v -0.0822123 0.191338 -0.095393 
v -0.0714993 0.194841 -0.083041 
v -0.0750533 0.198497 -0.095393 
v -0.0785553 0.187785 -0.083041 
v -0.0785553 0.187785 -0.107745 
v -0.0705183 0.179611 -0.078072 
v -0.0714993 0.19484 -0.107745 
v -0.0633253 0.186803 -0.078072 
v -0.0705183 0.179611 -0.112713 
v -0.0623443 0.171573 -0.083041 
v -0.0633253 0.186803 -0.112713 
v -0.0552883 0.178629 -0.083041 
v -0.0623443 0.171573 -0.107745 
v -0.0587903 0.167917 -0.095393 
v -0.0552883 0.178629 -0.107745 
v -0.0516313 0.175075 -0.095393 
v -0.0587903 0.0183086 -0.095393 
v -0.0552883 0.00759657 -0.083041 
v -0.0516313 0.0111506 -0.095393 
v -0.0552883 0.00759657 -0.107745 
v -0.0623443 0.0146526 -0.083041 
v -0.0623443 0.0146526 -0.107745 
v -0.0633253 -0.000577435 -0.078072 
v -0.0633253 -0.000577435 -0.112713 
v -0.0705183 0.00661556 -0.078072 
v -0.0705183 0.00661556 -0.112713 
v -0.0714993 -0.00861444 -0.083041 
v -0.0714993 -0.00861444 -0.107745 
v -0.0785553 -0.00155844 -0.083041 
v -0.0785553 -0.00155844 -0.107745 
v -0.0822113 -0.00511243 -0.095393 
v -0.0750533 -0.0122714 -0.095393 
v -0.0587903 0.0183086 0.088263 
v -0.0552883 0.00759657 0.075911 
v -0.0623443 0.0146526 0.075911 
v -0.0633253 -0.000577435 0.070942 
v -0.0516313 0.0111506 0.088263 
v -0.0705183 0.00661556 0.070942 
v -0.0552883 0.00759657 0.100615 
v -0.0714993 -0.00861444 0.075911 
v -0.0623443 0.0146526 0.100615 
v -0.0785553 -0.00155844 0.075911 
v -0.0633253 -0.000577435 0.105583 
v -0.0822113 -0.00511243 0.088263 
v -0.0705183 0.00661556 0.105583 
v -0.0750533 -0.0122714 0.088263 
v -0.0714993 -0.00861444 0.100615 
v -0.0785553 -0.00155844 0.100615 

vn 0.716535 -0.330709 0.614173 
vn 0 -0.141732 0.992126 
vn 0 -0.330709 0.944882 
vn -0.716535 -0.330709 0.614173 
vn 0.574803 -0.204724 0.795276 
vn -0.574803 -0.204724 0.795276 
vn 0.976378 -0.212598 0 
vn 0.944882 -0.338583 0 
vn 0.716535 -0.330709 -0.614173 
vn 0 0.0866142 1 
vn -0.976378 -0.212598 0 
vn -0.944882 -0.338583 0 
vn -0.716535 -0.330709 -0.614173 
vn -0.944882 0.322835 0 
vn -0.574803 -0.204724 -0.795276 
vn -0.519685 0.251969 0.811024 
vn -0.519685 0.251969 -0.811024 
vn 0 -0.141732 -0.992126 
vn 0 -0.330709 -0.944882 
vn 0 0.0866142 -1 
vn 0.574803 -0.204724 -0.795276 
vn -0.433071 0.80315 -0.401575 
vn -0.590551 0.811024 0 
vn 0.519685 0.251969 -0.811024 
vn 0.944882 0.322835 0 
vn -0.433071 0.80315 0.401575 
vn 0.519685 0.251969 0.811024 
vn 0 0.732283 0.677165 
vn 0 1 0 
vn 0.433071 0.80315 0.401575 
vn 0.590551 0.811024 0 
vn 0 0.732283 -0.677165 
vn 0.433071 0.80315 -0.401575 
vn 0 0.141732 0.992126 
vn 0.716535 0.330709 0.614173 
vn 0 0.330709 0.944882 
vn -0.716535 0.330709 0.614173 
vn 0.574803 0.204724 0.795276 
vn -0.574803 0.204724 0.795276 
vn 0.976378 0.212598 0 
vn 0.944882 0.338583 0 
vn 0.716535 0.330709 -0.614173 
vn 0 -0.0866142 1 
vn 0.944882 -0.322835 0 
vn -0.976378 0.212598 0 
vn -0.944882 0.338583 0 
vn -0.716535 0.330709 -0.614173 
vn 0.519685 -0.251969 0.811024 
vn -0.519685 -0.251969 0.811024 
vn -0.944882 -0.322835 0 
vn -0.574803 0.204724 -0.795276 
vn 0 0.141732 -0.992126 
vn 0 0.330709 -0.944882 
vn -0.433071 -0.80315 0.401575 
vn 0 -0.732283 0.677165 
vn -0.519685 -0.251969 -0.811024 
vn -0.590551 -0.811024 0 
vn 0 -0.0866142 -1 
vn -0.433071 -0.80315 -0.401575 
vn 0 -1 0 
vn 0.433071 -0.80315 0.401575 
vn 0 -0.732283 -0.677165 
vn 0.590551 -0.811024 0 
vn 0.433071 -0.80315 -0.401575 
vn 0.519685 -0.251969 -0.811024 
vn 0.574803 0.204724 -0.795276 
vn 0.141732 0 0.992126 
vn 0.330709 0.716535 0.614173 
vn 0.204724 0.574803 0.795276 
vn 0.330709 0 0.944882 
vn 0.330709 -0.716535 0.614173 
vn 0.212598 0.976378 0 
vn 0.338583 0.944882 0 
vn 0.330709 0.716535 -0.614173 
vn -0.322835 0.944882 0 
vn 0.204724 0.574803 -0.795276 
vn 0.141732 0 -0.992126 
vn 0.330709 0 -0.944882 
vn 0.330709 -0.716535 -0.614173 
vn -0.0866142 0 -1 
vn 0.204724 -0.574803 -0.795276 
vn -0.251969 0.519685 -0.811024 
vn -0.251969 -0.519685 -0.811024 
vn 0.212598 -0.976378 0 
vn 0.338583 -0.944882 0 
vn -0.322835 -0.944882 0 
vn 0.204724 -0.574803 0.795276 
vn -0.0866142 0 1 
vn -0.251969 -0.519685 0.811024 
vn -0.80315 -0.433071 -0.401575 
vn -0.80315 -0.433071 0.401575 
vn -0.811024 -0.590551 0 
vn -0.251969 0.519685 0.811024 
vn -1 0 0 
vn -0.732283 0 -0.677165 
vn -0.80315 0.433071 -0.401575 
vn -0.811024 0.590551 0 
vn -0.80315 0.433071 0.401575 
vn -0.732283 0 0.677165 
vn -0.141732 0 0.992126 
vn -0.330709 0.716535 0.614173 
vn -0.330709 0 0.944882 
vn -0.330709 -0.716535 0.614173 
vn -0.204724 0.574803 0.795276 
vn -0.204724 -0.574803 0.795276 
vn -0.212598 0.976378 0 
vn -0.338583 0.944882 0 
vn -0.330709 0.716535 -0.614173 
vn 0.0866142 0 1 
vn 0.322835 0.944882 0 
vn -0.212598 -0.976378 0 
vn -0.338583 -0.944882 0 
vn -0.330709 -0.716535 -0.614173 
vn 0.251969 0.519685 0.811024 
vn 0.251969 -0.519685 0.811024 
vn 0.322835 -0.944882 0 
vn -0.204724 -0.574803 -0.795276 
vn -0.141732 0 -0.992126 
vn -0.330709 0 -0.944882 
vn 0.80315 -0.433071 0.401575 
vn 0.732283 0 0.677165 
vn 0.251969 -0.519685 -0.811024 
vn 0.811024 -0.590551 0 
vn 0.0866142 0 -1 
vn 0.80315 -0.433071 -0.401575 
vn 1 0 0 
vn 0.80315 0.433071 0.401575 
vn 0.732283 0 -0.677165 
vn 0.811024 0.590551 0 
vn 0.80315 0.433071 -0.401575 
vn 0.251969 0.519685 -0.811024 
vn -0.204724 0.574803 -0.795276 
vn 0.102362 -0.102362 0.992126 
vn 0.740157 0.275591 0.614173 
vn 0.551181 0.259843 0.795276 
vn 0.228346 -0.228346 0.944882 
vn -0.275591 -0.740157 0.614173 
vn 0.905512 0.433071 0 
vn -0.259843 -0.551181 0.795276 
vn -0.433071 -0.905512 0 
vn -0.0629921 0.0629921 1 
vn 0.84252 0.543307 0 
vn -0.543307 -0.84252 0 
vn 0.188976 0.551181 0.811024 
vn 0.551181 0.259843 -0.795276 
vn 0.740157 0.275591 -0.614173 
vn 0.440945 0.897638 0 
vn 0.188976 0.551181 -0.811024 
vn 0.102362 -0.102362 -0.992126 
vn 0.228346 -0.228346 -0.944882 
vn -0.275591 -0.740157 -0.614173 
vn -0.0629921 0.0629921 -1 
vn -0.259843 -0.551181 -0.795276 
vn -0.15748 0.984252 0 
vn -0.259843 0.874016 -0.401575 
vn -0.259843 0.874016 0.401575 
vn -0.519685 0.519685 -0.677165 
vn -0.708661 0.708661 0 
vn -0.519685 0.519685 0.677165 
vn -0.874016 0.259843 0.401575 
vn -0.551181 -0.188976 0.811024 
vn -0.984252 0.15748 0 
vn -0.897638 -0.440945 0 
vn -0.551181 -0.188976 -0.811024 
vn -0.874016 0.259843 -0.401575 
vn 0.275591 0.740157 0.614173 
vn -0.102362 0.102362 0.992126 
vn 0.259843 0.551181 0.795276 
vn -0.228346 0.228346 0.944882 
vn -0.740157 -0.275591 0.614173 
vn 0.433071 0.905512 0 
vn -0.551181 -0.259843 0.795276 
vn -0.905512 -0.433071 0 
vn 0.0629921 -0.0629921 1 
vn 0.543307 0.84252 0 
vn 0.551181 0.188976 0.811024 
vn 0.259843 0.551181 -0.795276 
vn 0.275591 0.740157 -0.614173 
vn 0.897638 0.440945 0 
vn -0.102362 0.102362 -0.992126 
vn -0.228346 0.228346 -0.944882 
vn -0.740157 -0.275591 -0.614173 
vn 0.551181 0.188976 -0.811024 
vn 0.0629921 -0.0629921 -1 
vn -0.551181 -0.259843 -0.795276 
vn 0.984252 -0.15748 0 
vn 0.874016 -0.259843 -0.401575 
vn 0.874016 -0.259843 0.401575 
vn 0.519685 -0.519685 -0.677165 
vn 0.708661 -0.708661 0 
vn 0.519685 -0.519685 0.677165 
vn 0.259843 -0.874016 0.401575 
vn -0.188976 -0.551181 0.811024 
vn 0.259843 -0.874016 -0.401575 
vn 0.15748 -0.984252 0 
vn -0.188976 -0.551181 -0.811024 
vn -0.440945 -0.897638 0 
vn -0.84252 -0.543307 0 
vn -0.275591 0.740157 0.614173 
vn 0.102362 0.102362 0.992126 
vn 0.228346 0.228346 0.944882 
vn 0.740157 -0.275591 0.614173 
vn -0.259843 0.551181 0.795276 
vn -0.433071 0.905512 0 
vn 0.551181 -0.259843 0.795276 
vn 0.905512 -0.433071 0 
vn -0.0629921 -0.0629921 1 
vn -0.543307 0.84252 0 
vn 0.84252 -0.543307 0 
vn -0.551181 0.188976 0.811024 
vn -0.259843 0.551181 -0.795276 
vn -0.275591 0.740157 -0.614173 
vn -0.897638 0.440945 0 
vn -0.551181 0.188976 -0.811024 
vn 0.102362 0.102362 -0.992126 
vn 0.228346 0.228346 -0.944882 
vn 0.740157 -0.275591 -0.614173 
vn -0.0629921 -0.0629921 -1 
vn 0.551181 -0.259843 -0.795276 
vn -0.984252 -0.15748 0 
vn -0.874016 -0.259843 -0.401575 
vn -0.874016 -0.259843 0.401575 
vn -0.519685 -0.519685 -0.677165 
vn -0.708661 -0.708661 0 
vn -0.519685 -0.519685 0.677165 
vn -0.259843 -0.874016 0.401575 
vn 0.188976 -0.551181 0.811024 
vn -0.15748 -0.984252 0 
vn 0.440945 -0.897638 0 
vn 0.188976 -0.551181 -0.811024 
vn -0.259843 -0.874016 -0.401575 
vn -0.740157 0.275591 0.614173 
vn -0.102362 -0.102362 0.992126 
vn -0.551181 0.259843 0.795276 
vn -0.228346 -0.228346 0.944882 
vn 0.275591 -0.740157 0.614173 
vn -0.905512 0.433071 0 
vn 0.259843 -0.551181 0.795276 
vn 0.433071 -0.905512 0 
vn 0.0629921 0.0629921 1 
vn -0.84252 0.543307 0 
vn 0.543307 -0.84252 0 
vn -0.551181 0.259843 -0.795276 
vn -0.740157 0.275591 -0.614173 
vn -0.188976 0.551181 0.811024 
vn -0.440945 0.897638 0 
vn -0.188976 0.551181 -0.811024 
vn -0.102362 -0.102362 -0.992126 
vn -0.228346 -0.228346 -0.944882 
vn 0.275591 -0.740157 -0.614173 
vn 0.0629921 0.0629921 -1 
vn 0.259843 -0.551181 -0.795276 
vn 0.551181 -0.188976 -0.811024 
vn 0.897638 -0.440945 0 
vn 0.551181 -0.188976 0.811024 
vn 0.984252 0.15748 0 
vn 0.874016 0.259843 -0.401575 
vn 0.519685 0.519685 -0.677165 
vn 0.874016 0.259843 0.401575 
vn 0.519685 0.519685 0.677165 
vn 0.708661 0.708661 0 
vn 0.259843 0.874016 -0.401575 
vn 0.259843 0.874016 0.401575 
vn 0.15748 0.984252 0 
vn 0 -0.141732 -0.992126 
vn 0.716535 -0.330709 -0.614173 
vn 0 -0.330709 -0.944882 
vn -0.716535 -0.330709 -0.614173 
vn 0.574803 -0.204724 -0.795276 
vn -0.574803 -0.204724 -0.795276 
vn 0.976378 -0.212598 0 
vn 0.944882 -0.338583 0 
vn 0.716535 -0.330709 0.614173 
vn 0 0.0866142 -1 
vn 0.944882 0.322835 0 
vn -0.976378 -0.212598 0 
vn -0.944882 -0.338583 0 
vn -0.716535 -0.330709 0.614173 
vn 0.574803 -0.204724 0.795276 
vn 0 -0.141732 0.992126 
vn 0 -0.330709 0.944882 
vn -0.574803 -0.204724 0.795276 
vn -0.944882 0.322835 0 
vn 0 0.0866142 1 
vn -0.519685 0.251969 0.811024 
vn -0.519685 0.251969 -0.811024 
vn -0.433071 0.80315 0.401575 
vn 0.519685 0.251969 0.811024 
vn 0 0.732283 0.677165 
vn 0.433071 0.80315 0.401575 
vn -0.590551 0.811024 0 
vn 0 1 0 
vn 0.590551 0.811024 0 
vn -0.433071 0.80315 -0.401575 
vn 0 0.732283 -0.677165 
vn 0.433071 0.80315 -0.401575 
vn 0.519685 0.251969 -0.811024 
vn 0.716535 0.330709 -0.614173 
vn 0 0.141732 -0.992126 
vn 0 0.330709 -0.944882 
vn -0.716535 0.330709 -0.614173 
vn 0.574803 0.204724 -0.795276 
vn -0.574803 0.204724 -0.795276 
vn 0.976378 0.212598 0 
vn 0.944882 0.338583 0 
vn 0.716535 0.330709 0.614173 
vn 0 -0.0866142 -1 
vn -0.976378 0.212598 0 
vn -0.944882 0.338583 0 
vn -0.716535 0.330709 0.614173 
vn -0.944882 -0.322835 0 
vn -0.574803 0.204724 0.795276 
vn 0 0.141732 0.992126 
vn 0 0.330709 0.944882 
vn -0.519685 -0.251969 -0.811024 
vn 0.574803 0.204724 0.795276 
vn 0 -0.0866142 1 
vn -0.519685 -0.251969 0.811024 
vn -0.433071 -0.80315 -0.401575 
vn -0.590551 -0.811024 0 
vn -0.433071 -0.80315 0.401575 
vn 0 -1 0 
vn 0 -0.732283 -0.677165 
vn 0 -0.732283 0.677165 
vn 0.433071 -0.80315 0.401575 
vn 0.519685 -0.251969 0.811024 
vn 0.590551 -0.811024 0 
vn 0.433071 -0.80315 -0.401575 
vn 0.944882 -0.322835 0 
vn 0.519685 -0.251969 -0.811024 
vn 0.330709 0.716535 -0.614173 
vn 0.141732 0 -0.992126 
vn 0.204724 0.574803 -0.795276 
vn 0.330709 0 -0.944882 
vn 0.330709 -0.716535 -0.614173 
vn 0.212598 0.976378 0 
vn 0.338583 0.944882 0 
vn 0.330709 0.716535 0.614173 
vn -0.322835 0.944882 0 
vn 0.204724 0.574803 0.795276 
vn 0.141732 0 0.992126 
vn 0.330709 0 0.944882 
vn 0.330709 -0.716535 0.614173 
vn -0.0866142 0 1 
vn 0.204724 -0.574803 0.795276 
vn 0.212598 -0.976378 0 
vn 0.338583 -0.944882 0 
vn -0.251969 0.519685 0.811024 
vn 0.204724 -0.574803 -0.795276 
vn -0.322835 -0.944882 0 
vn -0.251969 -0.519685 0.811024 
vn -0.80315 0.433071 0.401575 
vn -0.732283 0 0.677165 
vn -0.80315 -0.433071 0.401575 
vn -0.811024 0.590551 0 
vn -1 0 0 
vn -0.811024 -0.590551 0 
vn -0.80315 -0.433071 -0.401575 
vn -0.251969 -0.519685 -0.811024 
vn -0.732283 0 -0.677165 
vn -0.0866142 0 -1 
vn -0.251969 0.519685 -0.811024 
vn -0.80315 0.433071 -0.401575 
vn -0.330709 0.716535 -0.614173 
vn -0.141732 0 -0.992126 
vn -0.330709 0 -0.944882 
vn -0.330709 -0.716535 -0.614173 
vn -0.204724 0.574803 -0.795276 
vn -0.204724 -0.574803 -0.795276 
vn -0.212598 0.976378 0 
vn -0.338583 0.944882 0 
vn -0.330709 0.716535 0.614173 
vn 0.0866142 0 -1 
vn -0.212598 -0.976378 0 
vn -0.338583 -0.944882 0 
vn -0.330709 -0.716535 0.614173 
vn 0.322835 -0.944882 0 
vn -0.204724 -0.574803 0.795276 
vn -0.141732 0 0.992126 
vn -0.330709 0 0.944882 
vn 0.251969 -0.519685 -0.811024 
vn -0.204724 0.574803 0.795276 
vn 0.0866142 0 1 
vn 0.251969 -0.519685 0.811024 
vn 0.80315 -0.433071 -0.401575 
vn 0.811024 -0.590551 0 
vn 0.80315 -0.433071 0.401575 
vn 1 0 0 
vn 0.732283 0 -0.677165 
vn 0.732283 0 0.677165 
vn 0.80315 0.433071 0.401575 
vn 0.251969 0.519685 0.811024 
vn 0.811024 0.590551 0 
vn 0.322835 0.944882 0 
vn 0.80315 0.433071 -0.401575 
vn 0.251969 0.519685 -0.811024 
vn 0.102362 -0.102362 -0.992126 
vn 0.740157 0.275591 -0.614173 
vn 0.228346 -0.228346 -0.944882 
vn -0.275591 -0.740157 -0.614173 
vn 0.551181 0.259843 -0.795276 
vn 0.905512 0.433071 0 
vn -0.259843 -0.551181 -0.795276 
vn -0.433071 -0.905512 0 
vn -0.0629921 0.0629921 -1 
vn 0.84252 0.543307 0 
vn -0.543307 -0.84252 0 
vn 0.551181 0.259843 0.795276 
vn 0.740157 0.275591 0.614173 
vn 0.188976 0.551181 -0.811024 
vn 0.440945 0.897638 0 
vn 0.102362 -0.102362 0.992126 
vn 0.228346 -0.228346 0.944882 
vn -0.275591 -0.740157 0.614173 
vn -0.259843 -0.551181 0.795276 
vn 0.188976 0.551181 0.811024 
vn -0.0629921 0.0629921 1 
vn -0.551181 -0.188976 0.811024 
vn -0.897638 -0.440945 0 
vn -0.15748 0.984252 0 
vn -0.259843 0.874016 0.401575 
vn -0.519685 0.519685 0.677165 
vn -0.551181 -0.188976 -0.811024 
vn -0.984252 0.15748 0 
vn -0.874016 0.259843 0.401575 
vn -0.708661 0.708661 0 
vn -0.874016 0.259843 -0.401575 
vn -0.519685 0.519685 -0.677165 
vn -0.259843 0.874016 -0.401575 
vn -0.102362 0.102362 -0.992126 
vn 0.275591 0.740157 -0.614173 
vn 0.259843 0.551181 -0.795276 
vn -0.228346 0.228346 -0.944882 
vn -0.740157 -0.275591 -0.614173 
vn 0.433071 0.905512 0 
vn -0.551181 -0.259843 -0.795276 
vn -0.905512 -0.433071 0 
vn 0.0629921 -0.0629921 -1 
vn 0.543307 0.84252 0 
vn -0.84252 -0.543307 0 
vn 0.551181 0.188976 -0.811024 
vn 0.259843 0.551181 0.795276 
vn 0.275591 0.740157 0.614173 
vn 0.897638 0.440945 0 
vn -0.102362 0.102362 0.992126 
vn -0.228346 0.228346 0.944882 
vn -0.740157 -0.275591 0.614173 
vn 0.551181 0.188976 0.811024 
vn 0.984252 -0.15748 0 
vn 0.874016 -0.259843 -0.401575 
vn 0.874016 -0.259843 0.401575 
vn 0.0629921 -0.0629921 1 
vn 0.708661 -0.708661 0 
vn 0.519685 -0.519685 -0.677165 
vn 0.259843 -0.874016 -0.401575 
vn 0.519685 -0.519685 0.677165 
vn 0.259843 -0.874016 0.401575 
vn 0.15748 -0.984252 0 
vn -0.188976 -0.551181 0.811024 
vn -0.188976 -0.551181 -0.811024 
vn -0.440945 -0.897638 0 
vn -0.551181 -0.259843 0.795276 
vn 0.102362 0.102362 -0.992126 
vn -0.275591 0.740157 -0.614173 
vn 0.228346 0.228346 -0.944882 
vn 0.740157 -0.275591 -0.614173 
vn -0.259843 0.551181 -0.795276 
vn -0.433071 0.905512 0 
vn 0.551181 -0.259843 -0.795276 
vn 0.905512 -0.433071 0 
vn -0.0629921 -0.0629921 -1 
vn -0.543307 0.84252 0 
vn 0.84252 -0.543307 0 
vn -0.259843 0.551181 0.795276 
vn -0.275591 0.740157 0.614173 
vn -0.551181 0.188976 -0.811024 
vn -0.897638 0.440945 0 
vn 0.102362 0.102362 0.992126 
vn 0.228346 0.228346 0.944882 
vn 0.740157 -0.275591 0.614173 
vn 0.551181 -0.259843 0.795276 
vn -0.551181 0.188976 0.811024 
vn -0.0629921 -0.0629921 1 
vn 0.188976 -0.551181 0.811024 
vn 0.440945 -0.897638 0 
vn -0.984252 -0.15748 0 
vn -0.874016 -0.259843 0.401575 
vn -0.519685 -0.519685 0.677165 
vn 0.188976 -0.551181 -0.811024 
vn -0.15748 -0.984252 0 
vn -0.259843 -0.874016 0.401575 
vn -0.708661 -0.708661 0 
vn -0.259843 -0.874016 -0.401575 
vn -0.519685 -0.519685 -0.677165 
vn -0.874016 -0.259843 -0.401575 
vn -0.740157 0.275591 -0.614173 
vn -0.102362 -0.102362 -0.992126 
vn -0.228346 -0.228346 -0.944882 
vn 0.275591 -0.740157 -0.614173 
vn -0.551181 0.259843 -0.795276 
vn -0.905512 0.433071 0 
vn 0.259843 -0.551181 -0.795276 
vn 0.433071 -0.905512 0 
vn 0.0629921 0.0629921 -1 
vn -0.84252 0.543307 0 
vn 0.543307 -0.84252 0 
vn -0.188976 0.551181 -0.811024 
vn -0.551181 0.259843 0.795276 
vn -0.740157 0.275591 0.614173 
vn -0.440945 0.897638 0 
vn -0.102362 -0.102362 0.992126 
vn -0.228346 -0.228346 0.944882 
vn 0.275591 -0.740157 0.614173 
vn -0.188976 0.551181 0.811024 
vn 0.15748 0.984252 0 
vn 0.259843 0.874016 -0.401575 
vn 0.259843 0.874016 0.401575 
vn 0.0629921 0.0629921 1 
vn 0.519685 0.519685 -0.677165 
vn 0.708661 0.708661 0 
vn 0.519685 0.519685 0.677165 
vn 0.874016 0.259843 0.401575 
vn 0.874016 0.259843 -0.401575 
vn 0.551181 -0.188976 -0.811024 
vn 0.984252 0.15748 0 
vn 0.897638 -0.440945 0 
vn 0.551181 -0.188976 0.811024 
vn 0.259843 -0.551181 0.795276 
vn -0.181102 0.92126 0.354331 
vn 0 0.929134 0.377953 
vn -0.346457 0.913386 0.212598 
vn -0.401575 0.913386 0 
vn 0 0.929134 0.377953 
vn -0.401575 0.913386 0 
vn 0.181102 0.92126 0.354331 
vn -0.181102 0.92126 -0.354331 
vn 0.346457 0.913386 0.212598 
vn -0.346457 0.913386 -0.212598 
vn 0.401575 0.913386 0 
vn 0 0.929134 -0.377953 
vn 0.401575 0.913386 0 
vn 0 0.929134 -0.377953 
vn 0.181102 0.92126 -0.354331 
vn 0.346457 0.913386 -0.212598 
vn 0 -0.929134 0.377953 
vn -0.181102 -0.92126 0.354331 
vn 0 -0.929134 0.377953 
vn 0.181102 -0.92126 0.354331 
vn -0.346457 -0.913386 0.212598 
vn 0.346457 -0.913386 0.212598 
vn -0.401575 -0.913386 0 
vn 0.401575 -0.913386 0 
vn -0.401575 -0.913386 0 
vn 0.401575 -0.913386 0 
vn -0.181102 -0.92126 -0.354331 
vn 0.181102 -0.92126 -0.354331 
vn -0.346457 -0.913386 -0.212598 
vn 0.346457 -0.913386 -0.212598 
vn 0 -0.929134 -0.377953 
vn 0 -0.929134 -0.377953 
vn -0.92126 -0.181102 0.354331 
vn -0.929134 0 0.377953 
vn -0.913386 -0.346457 0.212598 
vn -0.913386 -0.401575 0 
vn -0.929134 0 0.377953 
vn -0.913386 -0.401575 0 
vn -0.92126 0.181102 0.354331 
vn -0.92126 -0.181102 -0.354331 
vn -0.913386 0.346457 0.212598 
vn -0.913386 -0.346457 -0.212598 
vn -0.913386 0.401575 0 
vn -0.929134 0 -0.377953 
vn -0.913386 0.401575 0 
vn -0.929134 0 -0.377953 
vn -0.92126 0.181102 -0.354331 
vn -0.913386 0.346457 -0.212598 
vn 0.929134 0 0.377953 
vn 0.92126 -0.181102 0.354331 
vn 0.929134 0 0.377953 
vn 0.92126 0.181102 0.354331 
vn 0.913386 -0.346457 0.212598 
vn 0.913386 0.346457 0.212598 
vn 0.913386 -0.401575 0 
vn 0.913386 0.401575 0 
vn 0.913386 -0.401575 0 
vn 0.913386 0.401575 0 
vn 0.92126 -0.181102 -0.354331 
vn 0.92126 0.181102 -0.354331 
vn 0.913386 -0.346457 -0.212598 
vn 0.913386 0.346457 -0.212598 
vn 0.929134 0 -0.377953 
vn 0.929134 0 -0.377953 
vn -0.653543 0.653543 0.377953 
vn -0.779528 0.519685 0.354331 
vn -0.653543 0.653543 0.377953 
vn -0.519685 0.779528 0.354331 
vn -0.889764 0.401575 0.212598 
vn -0.401575 0.889764 0.212598 
vn -0.929134 0.362205 0 
vn -0.362205 0.929134 0 
vn -0.929134 0.362205 0 
vn -0.362205 0.929134 0 
vn -0.889764 0.401575 -0.212598 
vn -0.401575 0.889764 -0.212598 
vn -0.779528 0.519685 -0.354331 
vn -0.519685 0.779528 -0.354331 
vn -0.653543 0.653543 -0.377953 
vn -0.653543 0.653543 -0.377953 
vn 0.653543 -0.653543 0.377953 
vn 0.519685 -0.779528 0.354331 
vn 0.653543 -0.653543 0.377953 
vn 0.779528 -0.519685 0.354331 
vn 0.401575 -0.889764 0.212598 
vn 0.889764 -0.401575 0.212598 
vn 0.362205 -0.929134 0 
vn 0.929134 -0.362205 0 
vn 0.362205 -0.929134 0 
vn 0.929134 -0.362205 0 
vn 0.401575 -0.889764 -0.212598 
vn 0.889764 -0.401575 -0.212598 
vn 0.519685 -0.779528 -0.354331 
vn 0.779528 -0.519685 -0.354331 
vn 0.653543 -0.653543 -0.377953 
vn 0.653543 -0.653543 -0.377953 
vn -0.653543 -0.653543 0.377953 
vn -0.519685 -0.779528 0.354331 
vn -0.653543 -0.653543 0.377953 
vn -0.779528 -0.519685 0.354331 
vn -0.401575 -0.889764 0.212598 
vn -0.889764 -0.401575 0.212598 
vn -0.362205 -0.929134 0 
vn -0.929134 -0.362205 0 
vn -0.362205 -0.929134 0 
vn -0.929134 -0.362205 0 
vn -0.401575 -0.889764 -0.212598 
vn -0.889764 -0.401575 -0.212598 
vn -0.519685 -0.779528 -0.354331 
vn -0.779528 -0.519685 -0.354331 
vn -0.653543 -0.653543 -0.377953 
vn -0.653543 -0.653543 -0.377953 
vn 0.653543 0.653543 0.377953 
vn 0.779528 0.519685 0.354331 
vn 0.653543 0.653543 0.377953 
vn 0.519685 0.779528 0.354331 
vn 0.889764 0.401575 0.212598 
vn 0.401575 0.889764 0.212598 
vn 0.929134 0.362205 0 
vn 0.362205 0.929134 0 
vn 0.929134 0.362205 0 
vn 0.362205 0.929134 0 
vn 0.889764 0.401575 -0.212598 
vn 0.401575 0.889764 -0.212598 
vn 0.779528 0.519685 -0.354331 
vn 0.519685 0.779528 -0.354331 
vn 0.653543 0.653543 -0.377953 
vn 0.653543 0.653543 -0.377953 
vn 0 0.929134 -0.377953 
vn -0.181102 0.92126 -0.354331 
vn -0.346457 0.913386 -0.212598 
vn -0.401575 0.913386 0 
vn 0 0.929134 -0.377953 
vn -0.401575 0.913386 0 
vn 0.181102 0.92126 -0.354331 
vn -0.181102 0.92126 0.354331 
vn 0.346457 0.913386 -0.212598 
vn -0.346457 0.913386 0.212598 
vn 0.401575 0.913386 0 
vn 0 0.929134 0.377953 
vn 0.401575 0.913386 0 
vn 0 0.929134 0.377953 
vn 0.181102 0.92126 0.354331 
vn 0.346457 0.913386 0.212598 
vn 0 -0.929134 -0.377953 
vn -0.346457 -0.913386 -0.212598 
vn -0.181102 -0.92126 -0.354331 
vn -0.401575 -0.913386 0 
vn 0 -0.929134 -0.377953 
vn -0.401575 -0.913386 0 
vn 0.181102 -0.92126 -0.354331 
vn -0.181102 -0.92126 0.354331 
vn 0.346457 -0.913386 -0.212598 
vn -0.346457 -0.913386 0.212598 
vn 0.401575 -0.913386 0 
vn 0 -0.929134 0.377953 
vn 0.401575 -0.913386 0 
vn 0 -0.929134 0.377953 
vn 0.181102 -0.92126 0.354331 
vn 0.346457 -0.913386 0.212598 
vn -0.929134 0 -0.377953 
vn -0.92126 -0.181102 -0.354331 
vn -0.913386 -0.346457 -0.212598 
vn -0.913386 -0.401575 0 
vn -0.929134 0 -0.377953 
vn -0.913386 -0.401575 0 
vn -0.92126 0.181102 -0.354331 
vn -0.92126 -0.181102 0.354331 
vn -0.913386 0.346457 -0.212598 
vn -0.913386 -0.346457 0.212598 
vn -0.913386 0.401575 0 
vn -0.929134 0 0.377953 
vn -0.913386 0.401575 0 
vn -0.929134 0 0.377953 
vn -0.92126 0.181102 0.354331 
vn -0.913386 0.346457 0.212598 
vn 0.929134 0 -0.377953 
vn 0.913386 -0.346457 -0.212598 
vn 0.92126 -0.181102 -0.354331 
vn 0.913386 -0.401575 0 
vn 0.929134 0 -0.377953 
vn 0.913386 -0.401575 0 
vn 0.92126 0.181102 -0.354331 
vn 0.92126 -0.181102 0.354331 
vn 0.913386 0.346457 -0.212598 
vn 0.913386 -0.346457 0.212598 
vn 0.913386 0.401575 0 
vn 0.929134 0 0.377953 
vn 0.913386 0.401575 0 
vn 0.929134 0 0.377953 
vn 0.92126 0.181102 0.354331 
vn 0.913386 0.346457 0.212598 
vn -0.653543 0.653543 -0.377953 
vn -0.779528 0.519685 -0.354331 
vn -0.889764 0.401575 -0.212598 
vn -0.653543 0.653543 -0.377953 
vn -0.929134 0.362205 0 
vn -0.519685 0.779528 -0.354331 
vn -0.929134 0.362205 0 
vn -0.401575 0.889764 -0.212598 
vn -0.889764 0.401575 0.212598 
vn -0.362205 0.929134 0 
vn -0.779528 0.519685 0.354331 
vn -0.362205 0.929134 0 
vn -0.653543 0.653543 0.377953 
vn -0.401575 0.889764 0.212598 
vn -0.653543 0.653543 0.377953 
vn -0.519685 0.779528 0.354331 
vn 0.653543 -0.653543 -0.377953 
vn 0.401575 -0.889764 -0.212598 
vn 0.519685 -0.779528 -0.354331 
vn 0.653543 -0.653543 -0.377953 
vn 0.362205 -0.929134 0 
vn 0.779528 -0.519685 -0.354331 
vn 0.362205 -0.929134 0 
vn 0.889764 -0.401575 -0.212598 
vn 0.401575 -0.889764 0.212598 
vn 0.929134 -0.362205 0 
vn 0.519685 -0.779528 0.354331 
vn 0.929134 -0.362205 0 
vn 0.653543 -0.653543 0.377953 
vn 0.889764 -0.401575 0.212598 
vn 0.653543 -0.653543 0.377953 
vn 0.779528 -0.519685 0.354331 
vn -0.653543 -0.653543 -0.377953 
vn -0.519685 -0.779528 -0.354331 
vn -0.401575 -0.889764 -0.212598 
vn -0.653543 -0.653543 -0.377953 
vn -0.362205 -0.929134 0 
vn -0.779528 -0.519685 -0.354331 
vn -0.362205 -0.929134 0 
vn -0.889764 -0.401575 -0.212598 
vn -0.401575 -0.889764 0.212598 
vn -0.929134 -0.362205 0 
vn -0.519685 -0.779528 0.354331 
vn -0.929134 -0.362205 0 
vn -0.653543 -0.653543 0.377953 
vn -0.889764 -0.401575 0.212598 
vn -0.653543 -0.653543 0.377953 
vn -0.779528 -0.519685 0.354331 
vn 0.653543 0.653543 -0.377953 
vn 0.889764 0.401575 -0.212598 
vn 0.779528 0.519685 -0.354331 
vn 0.653543 0.653543 -0.377953 
vn 0.929134 0.362205 0 
vn 0.519685 0.779528 -0.354331 
vn 0.929134 0.362205 0 
vn 0.401575 0.889764 -0.212598 
vn 0.889764 0.401575 0.212598 
vn 0.362205 0.929134 0 
vn 0.779528 0.519685 0.354331 
vn 0.362205 0.929134 0 
vn 0.653543 0.653543 0.377953 
vn 0.401575 0.889764 0.212598 
vn 0.653543 0.653543 0.377953 
vn 0.519685 0.779528 0.354331 
vn 1 0 0 
vn 0.606299 0 0.795276 
vn 0.606299 0 0.795276 
vn 0 0 1 
vn 1 0 0 
vn 0 0 1 
vn 0.606299 0 -0.795276 
vn -0.606299 0 0.795276 
vn 0.606299 0 -0.795276 
vn -0.606299 0 0.795276 
vn 0 0 -1 
vn -1 0 0 
vn 0 0 -1 
vn -1 0 0 
vn -0.606299 0 -0.795276 
vn -0.606299 0 -0.795276 
vn 0 0 -1 
vn 0 0 -1 
vn 0.622047 0 -0.787402 
vn -0.622047 0 -0.787402 
vn 0.622047 0 -0.787402 
vn 1 0 0 
vn 1 0 0 
vn 1 0 0 
vn 0.622047 0 0.787402 
vn 0.622047 0 0.787402 
vn 0.622047 0 -0.787402 
vn 0.622047 0 0.787402 
vn 0 0 -1 
vn 0 0 1 
vn 0 0 1 
vn 0 0 1 
vn -0.622047 0 -0.787402 
vn -0.622047 0 0.787402 
vn -0.622047 0 0.787402 
vn -0.622047 0 0.787402 
vn -1 0 0 
vn -1 0 0 
vn -1 0 0 
vn -0.622047 0 -0.787402 
vn 1 0 0 
vn 0.606299 0 0.795276 
vn 1 0 0 
vn 0.606299 0 -0.795276 
vn 0.606299 0 0.795276 
vn 0.606299 0 -0.795276 
vn 0 0 1 
vn 0 0 -1 
vn 0 0 1 
vn 0 0 -1 
vn -0.606299 0 0.795276 
vn -0.606299 0 -0.795276 
vn -0.606299 0 0.795276 
vn -0.606299 0 -0.795276 
vn -1 0 0 
vn -1 0 0 
vn 0 1 0 
vn 0 0.606299 0.795276 
vn 0 1 0 
vn 0 0.606299 0.795276 
vn 0 0.606299 -0.795276 
vn 0 0 1 
vn 0 0.606299 -0.795276 
vn 0 0 1 
vn 0 0 -1 
vn 0 -0.606299 0.795276 
vn 0 0 -1 
vn 0 -0.606299 0.795276 
vn 0 -0.606299 -0.795276 
vn 0 -1 0 
vn 0 -0.606299 -0.795276 
vn 0 -1 0 
vn 0 0.606299 -0.795276 
vn 0 1 0 
vn 0 0.606299 -0.795276 
vn 0 1 0 
vn 0 0 -1 
vn 0 0.606299 0.795276 
vn 0 0 -1 
vn 0 0.606299 0.795276 
vn 0 -0.606299 -0.795276 
vn 0 0 1 
vn 0 -0.606299 -0.795276 
vn 0 0 1 
vn 0 -1 0 
vn 0 -0.606299 0.795276 
vn 0 -1 0 
vn 0 -0.606299 0.795276 
vn 0 1 0 
vn 0 1 0 
vn 0 0.606299 0.795276 
vn 0 0.606299 0.795276 
vn 0 0.606299 -0.795276 
vn 0 0 1 
vn 0 0.606299 -0.795276 
vn 0 0 1 
vn 0 0 -1 
vn 0 -0.606299 0.795276 
vn 0 0 -1 
vn 0 -0.606299 0.795276 
vn 0 -0.606299 -0.795276 
vn 0 -1 0 
vn 0 -0.606299 -0.795276 
vn 0 -1 0 
vn -0.440945 -0.433071 -0.787402 
vn 0 0 -1 
vn 0.433071 0.440945 -0.787402 
vn -0.440945 -0.440945 -0.787402 
vn -0.708661 -0.708661 0 
vn -0.708661 -0.708661 0 
vn -0.433071 -0.440945 -0.787402 
vn 0 0 -1 
vn 0.440945 0.433071 -0.787402 
vn -0.708661 -0.708661 0 
vn -0.440945 -0.433071 0.787402 
vn -0.433071 -0.440945 0.787402 
vn -0.440945 -0.440945 0.787402 
vn 0.440945 0.440945 -0.787402 
vn 0.708661 0.708661 0 
vn 0.708661 0.708661 0 
vn 0.708661 0.708661 0 
vn 0.440945 0.433071 0.787402 
vn 0.433071 0.440945 0.787402 
vn 0.440945 0.440945 0.787402 
vn 0 0 1 
vn 0 0 1 
vn 0.606299 0 -0.795276 
vn 1 0 0 
vn 0.606299 0 -0.795276 
vn 0 0 -1 
vn 1 0 0 
vn 0 0 -1 
vn 0.606299 0 0.795276 
vn -0.606299 0 -0.795276 
vn 0.606299 0 0.795276 
vn -0.606299 0 -0.795276 
vn 0 0 1 
vn -1 0 0 
vn 0 0 1 
vn -1 0 0 
vn -0.606299 0 0.795276 
vn -0.606299 0 0.795276 
vn 0.433071 -0.440945 -0.787402 
vn 0 0 -1 
vn -0.440945 0.433071 -0.787402 
vn 0.440945 -0.440945 -0.787402 
vn 0.708661 -0.708661 0 
vn 0.708661 -0.708661 0 
vn 0.433071 -0.440945 0.787402 
vn 0.440945 -0.433071 -0.787402 
vn 0.708661 -0.708661 0 
vn 0 0 -1 
vn 0.440945 -0.433071 0.787402 
vn 0.440945 -0.440945 0.787402 
vn 0 0 1 
vn 0 0 1 
vn -0.433071 0.440945 -0.787402 
vn -0.440945 0.433071 0.787402 
vn -0.433071 0.440945 0.787402 
vn -0.440945 0.440945 0.787402 
vn -0.708661 0.708661 0 
vn -0.708661 0.708661 0 
vn -0.708661 0.708661 0 
vn -0.440945 0.440945 -0.787402 
vn 0.433071 0.433071 0.795276 
vn 0.708661 0.708661 0 
vn 0.708661 0.708661 0 
vn 0.433071 0.433071 -0.795276 
vn 0.433071 0.433071 0.795276 
vn 0.433071 0.433071 -0.795276 
vn 0 0 1 
vn 0 0 -1 
vn 0 0 1 
vn 0 0 -1 
vn -0.433071 -0.433071 0.795276 
vn -0.433071 -0.433071 -0.795276 
vn -0.433071 -0.433071 0.795276 
vn -0.433071 -0.433071 -0.795276 
vn -0.708661 -0.708661 0 
vn -0.708661 -0.708661 0 
vn 0.433071 0.433071 -0.795276 
vn 0.708661 0.708661 0 
vn 0.433071 0.433071 -0.795276 
vn 0 0 -1 
vn 0.708661 0.708661 0 
vn 0 0 -1 
vn 0.433071 0.433071 0.795276 
vn -0.433071 -0.433071 -0.795276 
vn 0.433071 0.433071 0.795276 
vn -0.433071 -0.433071 -0.795276 
vn 0 0 1 
vn -0.708661 -0.708661 0 
vn 0 0 1 
vn -0.708661 -0.708661 0 
vn -0.433071 -0.433071 0.795276 
vn -0.433071 -0.433071 0.795276 
vn 0 0.606299 -0.795276 
vn 0 0.606299 -0.795276 
vn 0 1 0 
vn 0 1 0 
vn 0 0 -1 
vn 0 0.606299 0.795276 
vn 0 0 -1 
vn 0 0.606299 0.795276 
vn 0 -0.606299 -0.795276 
vn 0 0 1 
vn 0 -0.606299 -0.795276 
vn 0 0 1 
vn 0 -1 0 
vn 0 -0.606299 0.795276 
vn 0 -1 0 
vn 0 -0.606299 0.795276 
vn 0.622047 0 0.787402 
vn 0.622047 0 0.787402 
vn 0 0 1 
vn 0 0 1 
vn 1 0 0 
vn -0.622047 0 0.787402 
vn 1 0 0 
vn 1 0 0 
vn 0.622047 0 -0.787402 
vn 0.622047 0 -0.787402 
vn 0.622047 0 0.787402 
vn 0.622047 0 -0.787402 
vn 0 0 1 
vn 0 0 -1 
vn 0 0 -1 
vn 0 0 -1 
vn -0.622047 0 0.787402 
vn -0.622047 0 -0.787402 
vn -0.622047 0 -0.787402 
vn -0.622047 0 -0.787402 
vn -1 0 0 
vn -1 0 0 
vn -1 0 0 
vn -0.622047 0 0.787402 
vn -0.708661 0.708661 0 
vn -0.433071 0.433071 0.795276 
vn -0.708661 0.708661 0 
vn -0.433071 0.433071 -0.795276 
vn -0.433071 0.433071 0.795276 
vn -0.433071 0.433071 -0.795276 
vn 0 0 1 
vn 0 0 -1 
vn 0 0 1 
vn 0 0 -1 
vn 0.433071 -0.433071 0.795276 
vn 0.433071 -0.433071 -0.795276 
vn 0.433071 -0.433071 0.795276 
vn 0.433071 -0.433071 -0.795276 
vn 0.708661 -0.708661 0 
vn 0.708661 -0.708661 0 
vn -0.433071 0.433071 -0.795276 
vn -0.708661 0.708661 0 
vn -0.433071 0.433071 -0.795276 
vn -0.708661 0.708661 0 
vn 0 0 -1 
vn -0.433071 0.433071 0.795276 
vn 0 0 -1 
vn -0.433071 0.433071 0.795276 
vn 0.433071 -0.433071 -0.795276 
vn 0 0 1 
vn 0.433071 -0.433071 -0.795276 
vn 0 0 1 
vn 0.708661 -0.708661 0 
vn 0.433071 -0.433071 0.795276 
vn 0.708661 -0.708661 0 
vn 0.433071 -0.433071 0.795276 
vn -0.708661 0.708661 0 
vn -0.433071 0.433071 -0.795276 
vn -0.433071 0.433071 -0.795276 
vn 0 0 -1 
vn -0.708661 0.708661 0 
vn 0 0 -1 
vn -0.433071 0.433071 0.795276 
vn 0.433071 -0.433071 -0.795276 
vn -0.433071 0.433071 0.795276 
vn 0.433071 -0.433071 -0.795276 
vn 0 0 1 
vn 0.708661 -0.708661 0 
vn 0 0 1 
vn 0.708661 -0.708661 0 
vn 0.433071 -0.433071 0.795276 
vn 0.433071 -0.433071 0.795276 
vn 0.433071 -0.440945 0.787402 
vn 0 0 1 
vn -0.440945 0.433071 0.787402 
vn 0.440945 -0.440945 0.787402 
vn 0.708661 -0.708661 0 
vn 0.708661 -0.708661 0 
vn 0.440945 -0.433071 0.787402 
vn 0 0 1 
vn 0.708661 -0.708661 0 
vn 0.433071 -0.440945 -0.787402 
vn 0.440945 -0.433071 -0.787402 
vn 0.440945 -0.440945 -0.787402 
vn 0 0 -1 
vn 0 0 -1 
vn -0.440945 0.433071 -0.787402 
vn -0.433071 0.440945 -0.787402 
vn -0.440945 0.440945 -0.787402 
vn -0.708661 0.708661 0 
vn -0.708661 0.708661 0 
vn -0.708661 0.708661 0 
vn -0.433071 0.440945 0.787402 
vn -0.440945 0.440945 0.787402 
vn -0.433071 -0.440945 0.787402 
vn 0 0 1 
vn 0.440945 0.433071 0.787402 
vn -0.440945 -0.440945 0.787402 
vn -0.708661 -0.708661 0 
vn -0.708661 -0.708661 0 
vn -0.440945 -0.433071 0.787402 
vn 0 0 1 
vn 0.433071 0.440945 0.787402 
vn -0.708661 -0.708661 0 
vn -0.433071 -0.440945 -0.787402 
vn -0.440945 -0.433071 -0.787402 
vn -0.440945 -0.440945 -0.787402 
vn 0.440945 0.440945 0.787402 
vn 0.708661 0.708661 0 
vn 0.708661 0.708661 0 
vn 0.708661 0.708661 0 
vn 0.433071 0.440945 -0.787402 
vn 0.440945 0.433071 -0.787402 
vn 0.440945 0.440945 -0.787402 
vn 0 0 -1 
vn 0 0 -1 
vn 0 0.622047 -0.787402 
vn 0 0 -1 
vn 0 -0.622047 -0.787402 
vn 0 0.622047 -0.787402 
vn 0 1 0 
vn 0 1 0 
vn 0 1 0 
vn 0 0.622047 0.787402 
vn 0 0.622047 0.787402 
vn 0 0.622047 -0.787402 
vn 0 0.622047 0.787402 
vn 0 0 -1 
vn 0 0 1 
vn 0 0 1 
vn 0 -0.622047 -0.787402 
vn 0 -0.622047 0.787402 
vn 0 -0.622047 0.787402 
vn 0 -0.622047 0.787402 
vn 0 -1 0 
vn 0 -1 0 
vn 0 -1 0 
vn 0 -0.622047 -0.787402 
vn 0 0.622047 0.787402 
vn 0 0 1 
vn 0 -0.622047 0.787402 
vn 0 0.622047 0.787402 
vn 0 1 0 
vn 0 1 0 
vn 0 1 0 
vn 0 0.622047 -0.787402 
vn 0 0.622047 -0.787402 
vn 0 0.622047 0.787402 
vn 0 0.622047 -0.787402 
vn 0 0 1 
vn 0 0 -1 
vn 0 0 -1 
vn 0 -0.622047 0.787402 
vn 0 -0.622047 -0.787402 
vn 0 -0.622047 -0.787402 
vn 0 -0.622047 -0.787402 
vn 0 -1 0 
vn 0 -1 0 
vn 0 -1 0 
vn 0 -0.622047 0.787402 
vn 0.606299 0 -0.795276 
vn 1 0 0 
vn 1 0 0 
vn 0.606299 0 0.795276 
vn 0.606299 0 -0.795276 
vn 0.606299 0 0.795276 
vn 0 0 -1 
vn 0 0 1 
vn 0 0 -1 
vn 0 0 1 
vn -0.606299 0 -0.795276 
vn -0.606299 0 0.795276 
vn -0.606299 0 -0.795276 
vn -0.606299 0 0.795276 
vn -1 0 0 
vn -1 0 0 
vn 0.149606 -0.937008 0.299213 
vn 0.370079 -0.929134 0 
vn 0.370079 -0.929134 0 
vn 0.149606 -0.937008 -0.299213 
vn 0.314961 -0.929134 0.188976 
vn 0.314961 -0.929134 -0.188976 
vn 0 -0.944882 0.322835 
vn 0 -0.944882 -0.322835 
vn 0 -0.944882 0.322835 
vn 0 -0.944882 -0.322835 
vn -0.149606 -0.937008 0.299213 
vn -0.149606 -0.937008 -0.299213 
vn -0.314961 -0.929134 0.188976 
vn -0.314961 -0.929134 -0.188976 
vn -0.370079 -0.929134 0 
vn -0.370079 -0.929134 0 
vn 0.149606 0.937008 0.299213 
vn 0.370079 0.929134 0 
vn 0.314961 0.929134 0.188976 
vn 0 0.944882 0.322835 
vn 0.370079 0.929134 0 
vn 0 0.944882 0.322835 
vn 0.149606 0.937008 -0.299213 
vn -0.149606 0.937008 0.299213 
vn 0.314961 0.929134 -0.188976 
vn -0.314961 0.929134 0.188976 
vn 0 0.944882 -0.322835 
vn -0.370079 0.929134 0 
vn 0 0.944882 -0.322835 
vn -0.370079 0.929134 0 
vn -0.149606 0.937008 -0.299213 
vn -0.314961 0.929134 -0.188976 
vn 0.937008 0.149606 0.299213 
vn 0.929134 0.370079 0 
vn 0.929134 0.370079 0 
vn 0.937008 0.149606 -0.299213 
vn 0.929134 0.314961 0.188976 
vn 0.929134 0.314961 -0.188976 
vn 0.944882 0 0.322835 
vn 0.944882 0 -0.322835 
vn 0.944882 0 0.322835 
vn 0.944882 0 -0.322835 
vn 0.937008 -0.149606 0.299213 
vn 0.937008 -0.149606 -0.299213 
vn 0.929134 -0.314961 0.188976 
vn 0.929134 -0.314961 -0.188976 
vn 0.929134 -0.370079 0 
vn 0.929134 -0.370079 0 
vn -0.937008 0.149606 0.299213 
vn -0.929134 0.370079 0 
vn -0.929134 0.314961 0.188976 
vn -0.944882 0 0.322835 
vn -0.929134 0.370079 0 
vn -0.944882 0 0.322835 
vn -0.937008 0.149606 -0.299213 
vn -0.937008 -0.149606 0.299213 
vn -0.929134 0.314961 -0.188976 
vn -0.929134 -0.314961 0.188976 
vn -0.944882 0 -0.322835 
vn -0.929134 -0.370079 0 
vn -0.944882 0 -0.322835 
vn -0.929134 -0.370079 0 
vn -0.937008 -0.149606 -0.299213 
vn -0.929134 -0.314961 -0.188976 
vn 0.913386 -0.401575 0 
vn 0.771654 -0.559055 0.299213 
vn 0.88189 -0.433071 0.188976 
vn 0.913386 -0.401575 0 
vn 0.669291 -0.669291 0.322835 
vn 0.88189 -0.433071 -0.188976 
vn 0.669291 -0.669291 0.322835 
vn 0.771654 -0.559055 -0.299213 
vn 0.559055 -0.771654 0.299213 
vn 0.669291 -0.669291 -0.322835 
vn 0.433071 -0.88189 0.188976 
vn 0.669291 -0.669291 -0.322835 
vn 0.401575 -0.913386 0 
vn 0.559055 -0.771654 -0.299213 
vn 0.401575 -0.913386 0 
vn 0.433071 -0.88189 -0.188976 
vn -0.401575 0.913386 0 
vn -0.433071 0.88189 0.188976 
vn -0.559055 0.771654 0.299213 
vn -0.401575 0.913386 0 
vn -0.669291 0.669291 0.322835 
vn -0.433071 0.88189 -0.188976 
vn -0.669291 0.669291 0.322835 
vn -0.559055 0.771654 -0.299213 
vn -0.771654 0.559055 0.299213 
vn -0.669291 0.669291 -0.322835 
vn -0.88189 0.433071 0.188976 
vn -0.669291 0.669291 -0.322835 
vn -0.913386 0.401575 0 
vn -0.771654 0.559055 -0.299213 
vn -0.913386 0.401575 0 
vn -0.88189 0.433071 -0.188976 
vn 0.401575 0.913386 0 
vn 0.559055 0.771654 0.299213 
vn 0.433071 0.88189 0.188976 
vn 0.401575 0.913386 0 
vn 0.669291 0.669291 0.322835 
vn 0.433071 0.88189 -0.188976 
vn 0.669291 0.669291 0.322835 
vn 0.559055 0.771654 -0.299213 
vn 0.771654 0.559055 0.299213 
vn 0.669291 0.669291 -0.322835 
vn 0.88189 0.433071 0.188976 
vn 0.669291 0.669291 -0.322835 
vn 0.913386 0.401575 0 
vn 0.771654 0.559055 -0.299213 
vn 0.913386 0.401575 0 
vn 0.88189 0.433071 -0.188976 
vn -0.913386 -0.401575 0 
vn -0.88189 -0.433071 0.188976 
vn -0.771654 -0.559055 0.299213 
vn -0.913386 -0.401575 0 
vn -0.669291 -0.669291 0.322835 
vn -0.88189 -0.433071 -0.188976 
vn -0.669291 -0.669291 0.322835 
vn -0.771654 -0.559055 -0.299213 
vn -0.559055 -0.771654 0.299213 
vn -0.669291 -0.669291 -0.322835 
vn -0.433071 -0.88189 0.188976 
vn -0.669291 -0.669291 -0.322835 
vn -0.401575 -0.913386 0 
vn -0.559055 -0.771654 -0.299213 
vn -0.401575 -0.913386 0 
vn -0.433071 -0.88189 -0.188976 
vn 0.149606 -0.937008 -0.299213 
vn 0.370079 -0.929134 0 
vn 0.314961 -0.929134 -0.188976 
vn 0 -0.944882 -0.322835 
vn 0.370079 -0.929134 0 
vn 0 -0.944882 -0.322835 
vn 0.149606 -0.937008 0.299213 
vn -0.149606 -0.937008 -0.299213 
vn 0.314961 -0.929134 0.188976 
vn -0.314961 -0.929134 -0.188976 
vn 0 -0.944882 0.322835 
vn -0.370079 -0.929134 0 
vn 0 -0.944882 0.322835 
vn -0.370079 -0.929134 0 
vn -0.149606 -0.937008 0.299213 
vn -0.314961 -0.929134 0.188976 
vn 0.370079 0.929134 0 
vn 0.149606 0.937008 -0.299213 
vn 0.314961 0.929134 -0.188976 
vn 0 0.944882 -0.322835 
vn 0.370079 0.929134 0 
vn 0 0.944882 -0.322835 
vn 0.149606 0.937008 0.299213 
vn -0.149606 0.937008 -0.299213 
vn 0.314961 0.929134 0.188976 
vn -0.314961 0.929134 -0.188976 
vn 0 0.944882 0.322835 
vn -0.370079 0.929134 0 
vn 0 0.944882 0.322835 
vn -0.370079 0.929134 0 
vn -0.149606 0.937008 0.299213 
vn -0.314961 0.929134 0.188976 
vn 0.937008 0.149606 -0.299213 
vn 0.929134 0.370079 0 
vn 0.929134 0.314961 -0.188976 
vn 0.944882 0 -0.322835 
vn 0.929134 0.370079 0 
vn 0.944882 0 -0.322835 
vn 0.937008 0.149606 0.299213 
vn 0.937008 -0.149606 -0.299213 
vn 0.929134 0.314961 0.188976 
vn 0.929134 -0.314961 -0.188976 
vn 0.944882 0 0.322835 
vn 0.929134 -0.370079 0 
vn 0.944882 0 0.322835 
vn 0.929134 -0.370079 0 
vn 0.937008 -0.149606 0.299213 
vn 0.929134 -0.314961 0.188976 
vn -0.929134 0.370079 0 
vn -0.937008 0.149606 -0.299213 
vn -0.929134 0.314961 -0.188976 
vn -0.944882 0 -0.322835 
vn -0.929134 0.370079 0 
vn -0.944882 0 -0.322835 
vn -0.937008 0.149606 0.299213 
vn -0.937008 -0.149606 -0.299213 
vn -0.929134 0.314961 0.188976 
vn -0.929134 -0.314961 -0.188976 
vn -0.944882 0 0.322835 
vn -0.929134 -0.370079 0 
vn -0.944882 0 0.322835 
vn -0.929134 -0.370079 0 
vn -0.937008 -0.149606 0.299213 
vn -0.929134 -0.314961 0.188976 
vn 0.771654 -0.559055 -0.299213 
vn 0.913386 -0.401575 0 
vn 0.88189 -0.433071 -0.188976 
vn 0.913386 -0.401575 0 
vn 0.669291 -0.669291 -0.322835 
vn 0.88189 -0.433071 0.188976 
vn 0.669291 -0.669291 -0.322835 
vn 0.771654 -0.559055 0.299213 
vn 0.559055 -0.771654 -0.299213 
vn 0.669291 -0.669291 0.322835 
vn 0.433071 -0.88189 -0.188976 
vn 0.669291 -0.669291 0.322835 
vn 0.401575 -0.913386 0 
vn 0.559055 -0.771654 0.299213 
vn 0.401575 -0.913386 0 
vn 0.433071 -0.88189 0.188976 
vn -0.433071 0.88189 -0.188976 
vn -0.401575 0.913386 0 
vn -0.401575 0.913386 0 
vn -0.433071 0.88189 0.188976 
vn -0.559055 0.771654 -0.299213 
vn -0.559055 0.771654 0.299213 
vn -0.669291 0.669291 -0.322835 
vn -0.669291 0.669291 0.322835 
vn -0.669291 0.669291 -0.322835 
vn -0.669291 0.669291 0.322835 
vn -0.771654 0.559055 -0.299213 
vn -0.771654 0.559055 0.299213 
vn -0.88189 0.433071 -0.188976 
vn -0.88189 0.433071 0.188976 
vn -0.913386 0.401575 0 
vn -0.913386 0.401575 0 
vn 0.559055 0.771654 -0.299213 
vn 0.401575 0.913386 0 
vn 0.433071 0.88189 -0.188976 
vn 0.401575 0.913386 0 
vn 0.669291 0.669291 -0.322835 
vn 0.433071 0.88189 0.188976 
vn 0.669291 0.669291 -0.322835 
vn 0.559055 0.771654 0.299213 
vn 0.771654 0.559055 -0.299213 
vn 0.669291 0.669291 0.322835 
vn 0.88189 0.433071 -0.188976 
vn 0.669291 0.669291 0.322835 
vn 0.913386 0.401575 0 
vn 0.771654 0.559055 0.299213 
vn 0.913386 0.401575 0 
vn 0.88189 0.433071 0.188976 
vn -0.88189 -0.433071 -0.188976 
vn -0.913386 -0.401575 0 
vn -0.913386 -0.401575 0 
vn -0.88189 -0.433071 0.188976 
vn -0.771654 -0.559055 -0.299213 
vn -0.771654 -0.559055 0.299213 
vn -0.669291 -0.669291 -0.322835 
vn -0.669291 -0.669291 0.322835 
vn -0.669291 -0.669291 -0.322835 
vn -0.669291 -0.669291 0.322835 
vn -0.559055 -0.771654 -0.299213 
vn -0.559055 -0.771654 0.299213 
vn -0.433071 -0.88189 -0.188976 
vn -0.433071 -0.88189 0.188976 
vn -0.401575 -0.913386 0 
vn -0.401575 -0.913386 0 
vn -0.708661 0.708661 0 
vn -0.433071 0.433071 0.795276 
vn -0.708661 0.708661 0 
vn -0.433071 0.433071 0.795276 
vn -0.433071 0.433071 -0.795276 
vn 0 0 1 
vn -0.433071 0.433071 -0.795276 
vn 0 0 1 
vn 0 0 -1 
vn 0.433071 -0.433071 0.795276 
vn 0 0 -1 
vn 0.433071 -0.433071 0.795276 
vn 0.433071 -0.433071 -0.795276 
vn 0.708661 -0.708661 0 
vn 0.433071 -0.433071 -0.795276 
vn 0.708661 -0.708661 0 
vn 0.708661 0.708661 0 
vn 0.433071 0.433071 0.795276 
vn 0.708661 0.708661 0 
vn 0.433071 0.433071 -0.795276 
vn 0.433071 0.433071 0.795276 
vn 0.433071 0.433071 -0.795276 
vn 0 0 1 
vn 0 0 -1 
vn 0 0 1 
vn 0 0 -1 
vn -0.433071 -0.433071 0.795276 
vn -0.433071 -0.433071 -0.795276 
vn -0.433071 -0.433071 0.795276 
vn -0.433071 -0.433071 -0.795276 
vn -0.708661 -0.708661 0 
vn -0.708661 -0.708661 0 
vn 0.708661 0.708661 0 
vn 0.433071 0.433071 -0.795276 
vn 0.433071 0.433071 -0.795276 
vn 0 0 -1 
vn 0.708661 0.708661 0 
vn 0 0 -1 
vn 0.433071 0.433071 0.795276 
vn -0.433071 -0.433071 -0.795276 
vn 0.433071 0.433071 0.795276 
vn -0.433071 -0.433071 -0.795276 
vn 0 0 1 
vn -0.708661 -0.708661 0 
vn 0 0 1 
vn -0.708661 -0.708661 0 
vn -0.433071 -0.433071 0.795276 
vn -0.433071 -0.433071 0.795276 

vt 0 0 
vt 0 0 
vt 0 0 
vt 0 0 
vt 0 0 
vt 0 0 
vt 0 0 
vt 0 0 
vt 0 0 
vt 0 0 
vt 0 0 
vt 0 0 
vt 0 0 
vt 0 0 
vt 0 0 
vt 0 0 
vt 0 0 
vt 0 0 
vt 0 0 
vt 0 0 
vt 0 0 
vt 0 0 
vt 0 0 
vt 0 0 
vt 0 0 
vt 0 0 
vt 0 0 
vt 0 0 
vt 0 0 
vt 0 0 
vt 0 0 
vt 0 0 
vt 0 0 
vt 0 0 
vt 0 0 
vt 0 0 
vt 0 0 
vt 0 0 
vt 0 0 
vt 0 0 
vt 0 0 
vt 0 0 
vt 0 0 
vt 0 0 
vt 0 0 
vt 0 0 
vt 0 0 
vt 0 0 
vt 0 0 
vt 0 0 
vt 0 0 
vt 0 0 
vt 0 0 
vt 0 0 
vt 0 0 
vt 0 0 
vt 0 0 
vt 0 0 
vt 0 0 
vt 0 0 
vt 0 0 
vt 0 0 
vt 0 0 
vt 0 0 
vt 0 0 
vt 0 0 
vt 0 0 
vt 0 0 
vt 0 0 
vt 0 0 
vt 0 0 
vt 0 0 
vt 0 0 
vt 0 0 
vt 0 0 
vt 0 0 
vt 0 0 
vt 0 0 
vt 0 0 
vt 0 0 
vt 0 0 
vt 0 0 
vt 0 0 
vt 0 0 
vt 0 0 
vt 0 0 
vt 0 0 
vt 0 0 
vt 0 0 
vt 0 0 
vt 0 0 
vt 0 0 
vt 0 0 
vt 0 0 
vt 0 0 
vt 0 0 
vt 0 0 
vt 0 0 
vt 0 0 
vt 0 0 
vt 0 0 
vt 0 0 
vt 0 0 
vt 0 0 
vt 0 0 
vt 0 0 
vt 0 0 
vt 0 0 
vt 0 0 
vt 0 0 
vt 0 0 
vt 0 0 
vt 0 0 
vt 0 0 
vt 0 0 
vt 0 0 
vt 0 0 
vt 0 0 
vt 0 0 
vt 0 0 
vt 0 0 
vt 0 0 
vt 0 0 
vt 0 0 
vt 0 0 
vt 0 0 
vt 0 0 
vt 0 0 
vt 0 0 
vt 0 0 
vt 0 0 
vt 0 0 
vt 0 0 
vt 0 0 
vt 0 0 
vt 0 0 
vt 0 0 
vt 0 0 
vt 0 0 
vt 0 0 
vt 0 0 
vt 0 0 
vt 0 0 
vt 0 0 
vt 0 0 
vt 0 0 
vt 0 0 
vt 0 0 
vt 0 0 
vt 0 0 
vt 0 0 
vt 0 0 
vt 0 0 
vt 0 0 
vt 0 0 
vt 0 0 
vt 0 0 
vt 0 0 
vt 0 0 
vt 0 0 
vt 0 0 
vt 0 0 
vt 0 0 
vt 0 0 
vt 0 0 
vt 0 0 
vt 0 0 
vt 0 0 
vt 0 0 
vt 0 0 
vt 0 0 
vt 0 0 
vt 0 0 
vt 0 0 
vt 0 0 
vt 0 0 
vt 0 0 
vt 0 0 
vt 0 0 
vt 0 0 
vt 0 0 
vt 0 0 
vt 0 0 
vt 0 0 
vt 0 0 
vt 0 0 
vt 0 0 
vt 0 0 
vt 0 0 
vt 0 0 
vt 0 0 
vt 0 0 
vt 0 0 
vt 0 0 
vt 0 0 
vt 0 0 
vt 0 0 
vt 0 0 
vt 0 0 
vt 0 0 
vt 0 0 
vt 0 0 
vt 0 0 
vt 0 0 
vt 0 0 
vt 0 0 
vt 0 0 
vt 0 0 
vt 0 0 
vt 0 0 
vt 0 0 
vt 0 0 
vt 0 0 
vt 0 0 
vt 0 0 
vt 0 0 
vt 0 0 
vt 0 0 
vt 0 0 
vt 0 0 
vt 0 0 
vt 0 0 
vt 0 0 
vt 0 0 
vt 0 0 
vt 0 0 
vt 0 0 
vt 0 0 
vt 0 0 
vt 0 0 
vt 0 0 
vt 0 0 
vt 0 0 
vt 0 0 
vt 0 0 
vt 0 0 
vt 0 0 
vt 0 0 
vt 0 0 
vt 0 0 
vt 0 0 
vt 0 0 
vt 0 0 
vt 0 0 
vt 0 0 
vt 0 0 
vt 0 0 
vt 0 0 
vt 0 0 
vt 0 0 
vt 0 0 
vt 0 0 
vt 0 0 
vt 0 0 
vt 0 0 
vt 0 0 
vt 0 0 
vt 0 0 
vt 0 0 
vt 0 0 
vt 0 0 
vt 0 0 
vt 0 0 
vt 0 0 
vt 0 0 
vt 0 0 
vt 0 0 
vt 0 0 
vt 0 0 
vt 0 0 
vt 0 0 
vt 0 0 
vt 0 0 
vt 0 0 
vt 0 0 
vt 0 0 
vt 0 0 
vt 0 0 
vt 0 0 
vt 0 0 
vt 0 0 
vt 0 0 
vt 0 0 
vt 0 0 
vt 0 0 
vt 0 0 
vt 0 0 
vt 0 0 
vt 0 0 
vt 0 0 
vt 0 0 
vt 0 0 
vt 0 0 
vt 0 0 
vt 0 0 
vt 0 0 
vt 0 0 
vt 0 0 
vt 0 0 
vt 0 0 
vt 0 0 
vt 0 0 
vt 0 0 
vt 0 0 
vt 0 0 
vt 0 0 
vt 0 0 
vt 0 0 
vt 0 0 
vt 0 0 
vt 0 0 
vt 0 0 
vt 0 0 
vt 0 0 
vt 0 0 
vt 0 0 
vt 0 0 
vt 0 0 
vt 0 0 
vt 0 0 
vt 0 0 
vt 0 0 
vt 0 0 
vt 0 0 
vt 0 0 
vt 0 0 
vt 0 0 
vt 0 0 
vt 0 0 
vt 0 0 
vt 0 0 
vt 0 0 
vt 0 0 
vt 0 0 
vt 0 0 
vt 0 0 
vt 0 0 
vt 0 0 
vt 0 0 
vt 0 0 
vt 0 0 
vt 0 0 
vt 0 0 
vt 0 0 
vt 0 0 
vt 0 0 
vt 0 0 
vt 0 0 
vt 0 0 
vt 0 0 
vt 0 0 
vt 0 0 
vt 0 0 
vt 0 0 
vt 0 0 
vt 0 0 
vt 0 0 
vt 0 0 
vt 0 0 
vt 0 0 
vt 0 0 
vt 0 0 
vt 0 0 
vt 0 0 
vt 0 0 
vt 0 0 
vt 0 0 
vt 0 0 
vt 0 0 
vt 0 0 
vt 0 0 
vt 0 0 
vt 0 0 
vt 0 0 
vt 0 0 
vt 0 0 
vt 0 0 
vt 0 0 
vt 0 0 
vt 0 0 
vt 0 0 
vt 0 0 
vt 0 0 
vt 0 0 
vt 0 0 
vt 0 0 
vt 0 0 
vt 0 0 
vt 0 0 
vt 0 0 
vt 0 0 
vt 0 0 
vt 0 0 
vt 0 0 
vt 0 0 
vt 0 0 
vt 0 0 
vt 0 0 
vt 0 0 
vt 0 0 
vt 0 0 
vt 0 0 
vt 0 0 
vt 0 0 
vt 0 0 
vt 0 0 
vt 0 0 
vt 0 0 
vt 0 0 
vt 0 0 
vt 0 0 
vt 0 0 
vt 0 0 
vt 0 0 
vt 0 0 
vt 0 0 
vt 0 0 
vt 0 0 
vt 0 0 
vt 0 0 
vt 0 0 
vt 0 0 
vt 0 0 
vt 0 0 
vt 0 0 
vt 0 0 
vt 0 0 
vt 0 0 
vt 0 0 
vt 0 0 
vt 0 0 
vt 0 0 
vt 0 0 
vt 0 0 
vt 0 0 
vt 0 0 
vt 0 0 
vt 0 0 
vt 0 0 
vt 0 0 
vt 0 0 
vt 0 0 
vt 0 0 
vt 0 0 
vt 0 0 
vt 0 0 
vt 0 0 
vt 0 0 
vt 0 0 
vt 0 0 
vt 0 0 
vt 0 0 
vt 0 0 
vt 0 0 
vt 0 0 
vt 0 0 
vt 0 0 
vt 0 0 
vt 0 0 
vt 0 0 
vt 0 0 
vt 0 0 
vt 0 0 
vt 0 0 
vt 0 0 
vt 0 0 
vt 0 0 
vt 0 0 
vt 0 0 
vt 0 0 
vt 0 0 
vt 0 0 
vt 0 0 
vt 0 0 
vt 0 0 
vt 0 0 
vt 0 0 
vt 0 0 
vt 0 0 
vt 0 0 
vt 0 0 
vt 0 0 
vt 0 0 
vt 0 0 
vt 0 0 
vt 0 0 
vt 0 0 
vt 0 0 
vt 0 0 
vt 0 0 
vt 0 0 
vt 0 0 
vt 0 0 
vt 0 0 
vt 0 0 
vt 0 0 
vt 0 0 
vt 0 0 
vt 0 0 
vt 0 0 
vt 0 0 
vt 0 0 
vt 0 0 
vt 0 0 
vt 0 0 
vt 0 0 
vt 0 0 
vt 0 0 
vt 0 0 
vt 0 0 
vt 0 0 
vt 0 0 
vt 0 0 
vt 0 0 
vt 0 0 
vt 0 0 
vt 0 0 
vt 0 0 
vt 0 0 
vt 0 0 
vt 0 0 
vt 0 0 
vt 0 0 
vt 0 0 
vt 0 0 
vt 0 0 
vt 0 0 
vt 0 0 
vt 0 0 
vt 0 0 
vt 0 0 
vt 0 0 
vt 0 0 
vt 0 0 
vt 0 0 
vt 0 0 
vt 0 0 
vt 0 0 
vt 0 0 
vt 0 0 
vt 0 0 
vt 0 0 
vt 0 0 
vt 0 0 
vt 0 0 
vt 0 0 
vt 0 0 
vt 0 0 
vt 0 0 
vt 0 0 
vt 0 0 
vt 0 0 
vt 0 0 
vt 0 0 
vt 0 0 
vt 0 0 
vt 0 0 
vt 0 0 
vt 0 0 
vt 0 0 
vt 0 0 
vt 0 0 
vt 0 0 
vt 0 0 
vt 0 0 
vt 0 0 
vt 0 0 
vt 0 0 
vt 0 0 
vt 0 0 
vt 0 0 
vt 0 0 
vt 0 0 
vt 0 0 
vt 0 0 
vt 0 0 
vt 0 0 
vt 0 0 
vt 0 0 
vt 0 0 
vt 0 0 
vt 0 0 
vt 0 0 
vt 0 0 
vt 0 0 
vt 0 0 
vt 0 0 
vt 0 0 
vt 0 0 
vt 0 0 
vt 0 0 
vt 0 0 
vt 0 0 
vt 0 0 
vt 0 0 
vt 0 0 
vt 0 0 
vt 0 0 
vt 0 0 
vt 0 0 
vt 0 0 
vt 0 0 
vt 0 0 
vt 0 0 
vt 0 0 
vt 0 0 
vt 0 0 
vt 0 0 
vt 0 0 
vt 0 0 
vt 0 0 
vt 0 0 
vt 0 0 
vt 0 0 
vt 0 0 
vt 0 0 
vt 0 0 
vt 0 0 
vt 0 0 
vt 0 0 
vt 0 0 
vt 0 0 
vt 0 0 
vt 0 0 
vt 0 0 
vt 0 0 
vt 0 0 
vt 0 0 
vt 0 0 
vt 0 0 
vt 0 0 
vt 0 0 
vt 0 0 
vt 0 0 
vt 0 0 
vt 0 0 
vt 0 0 
vt 0 0 
vt 0 0 
vt 0 0 
vt 0 0 
vt 0 0 
vt 0 0 
vt 0 0 
vt 0 0 
vt 0 0 
vt 0 0 
vt 0 0 
vt 0 0 
vt 0 0 
vt 0 0 
vt 0 0 
vt 0 0 
vt 0 0 
vt 0 0 
vt 0 0 
vt 0 0 
vt 0 0 
vt 0 0 
vt 0 0 
vt 0 0 
vt 0 0 
vt 0 0 
vt 0 0 
vt 0 0 
vt 0 0 
vt 0 0 
vt 0 0 
vt 0 0 
vt 0 0 
vt 0 0 
vt 0 0 
vt 0 0 
vt 0 0 
vt 0 0 
vt 0 0 
vt 0 0 
vt 0 0 
vt 0 0 
vt 0 0 
vt 0 0 
vt 0 0 
vt 0 0 
vt 0 0 
vt 0 0 
vt 0 0 
vt 0 0 
vt 0 0 
vt 0 0 
vt 0 0 
vt 0 0 
vt 0 0 
vt 0 0 
vt 0 0 
vt 0 0 
vt 0 0 
vt 0 0 
vt 0 0 
vt 0 0 
vt 0 0 
vt 0 0 
vt 0 0 
vt 0 0 
vt 0 0 
vt 0 0 
vt 0 0 
vt 0 0 
vt 0 0 
vt 0 0 
vt 0 0 
vt 0 0 
vt 0 0 
vt 0 0 
vt 0 0 
vt 0 0 
vt 0 0 
vt 0 0 
vt 0 0 
vt 0 0 
vt 0 0 
vt 0 0 
vt 0 0 
vt 0 0 
vt 0 0 
vt 0 0 
vt 0 0 
vt 0 0 
vt 0 0 
vt 0 0 
vt 0 0 
vt 0 0 
vt 0 0 
vt 0 0 
vt 0 0 
vt 0 0 
vt 0 0 
vt 0 0 
vt 0 0 
vt 0 0 
vt 0 0 
vt 0 0 
vt 0 0 
vt 0 0 
vt 0 0 
vt 0 0 
vt 0 0 
vt 0 0 
vt 0 0 
vt 0 0 
vt 0 0 
vt 0 0 
vt 0 0 
vt 0 0 
vt 0 0 
vt 0 0 
vt 0 0 
vt 0 0 
vt 0 0 
vt 0 0 
vt 0 0 
vt 0 0 
vt 0 0 
vt 0 0 
vt 0 0 
vt 0 0 
vt 0 0 
vt 0 0 
vt 0 0 
vt 0 0 
vt 0 0 
vt 0 0 
vt 0 0 
vt 0 0 
vt 0 0 
vt 0 0 
vt 0 0 
vt 0 0 
vt 0 0 
vt 0 0 
vt 0 0 
vt 0 0 
vt 0 0 
vt 0 0 
vt 0 0 
vt 0 0 
vt 0 0 
vt 0 0 
vt 0 0 
vt 0 0 
vt 0 0 
vt 0 0 
vt 0 0 
vt 0 0 
vt 0 0 
vt 0 0 
vt 0 0 
vt 0 0 
vt 0 0 
vt 0 0 
vt 0 0 
vt 0 0 
vt 0 0 
vt 0 0 
vt 0 0 
vt 0 0 
vt 0 0 
vt 0 0 
vt 0 0 
vt 0 0 
vt 0 0 
vt 0 0 
vt 0 0 
vt 0 0 
vt 0 0 
vt 0 0 
vt 0 0 
vt 0 0 
vt 0 0 
vt 0 0 
vt 0 0 
vt 0 0 
vt 0 0 
vt 0 0 
vt 0 0 
vt 0 0 
vt 0 0 
vt 0 0 
vt 0 0 
vt 0 0 
vt 0 0 
vt 0 0 
vt 0 0 
vt 0 0 
vt 0 0 
vt 0 0 
vt 0 0 
vt 0 0 
vt 0 0 
vt 0 0 
vt 0 0 
vt 0 0 
vt 0 0 
vt 0 0 
vt 0 0 
vt 0 0 
vt 0 0 
vt 0 0 
vt 0 0 
vt 0 0 
vt 0 0 
vt 0 0 
vt 0 0 
vt 0 0 
vt 0 0 
vt 0 0 
vt 0 0 
vt 0 0 
vt 0 0 
vt 0 0 
vt 0 0 
vt 0 0 
vt 0 0 
vt 0 0 
vt 0 0 
vt 0 0 
vt 0 0 
vt 0 0 
vt 0 0 
vt 0 0 
vt 0 0 
vt 0 0 
vt 0 0 
vt 0 0 
vt 0 0 
vt 0 0 
vt 0 0 
vt 0 0 
vt 0 0 
vt 0 0 
vt 0 0 
vt 0 0 
vt 0 0 
vt 0 0 
vt 0 0 
vt 0 0 
vt 0 0 
vt 0 0 
vt 0 0 
vt 0 0 
vt 0 0 
vt 0 0 
vt 0 0 
vt 0 0 
vt 0 0 
vt 0 0 
vt 0 0 
vt 0 0 
vt 0 0 
vt 0 0 
vt 0 0 
vt 0 0 
vt 0 0 
vt 0 0 
vt 0 0 
vt 0 0 
vt 0 0 
vt 0 0 
vt 0 0 
vt 0 0 
vt 0 0 
vt 0 0 
vt 0 0 
vt 0 0 
vt 0 0 
vt 0 0 
vt 0 0 
vt 0 0 
vt 0 0 
vt 0 0 
vt 0 0 
vt 0 0 
vt 0 0 
vt 0 0 
vt 0 0 
vt 0 0 
vt 0 0 
vt 0 0 
vt 0 0 
vt 0 0 
vt 0 0 
vt 0 0 
vt 0 0 
vt 0 0 
vt 0 0 
vt 0 0 
vt 0 0 
vt 0 0 
vt 0 0 
vt 0 0 
vt 0 0 
vt 0 0 
vt 0 0 
vt 0 0 
vt 0 0 
vt 0 0 
vt 0 0 
vt 0 0 
vt 0 0 
vt 0 0 
vt 0 0 
vt 0 0 
vt 0 0 
vt 0 0 
vt 0 0 
vt 0 0 
vt 0 0 
vt 0 0 
vt 0 0 
vt 0 0 
vt 0 0 
vt 0 0 
vt 0 0 
vt 0 0 
vt 0 0 
vt 0 0 
vt 0 0 
vt 0 0 
vt 0 0 
vt 0 0 
vt 0 0 
vt 0 0 
vt 0 0 
vt 0 0 
vt 0 0 
vt 0 0 
vt 0 0 
vt 0 0 
vt 0 0 
vt 0 0 
vt 0 0 
vt 0 0 
vt 0 0 
vt 0 0 
vt 0 0 
vt 0 0 
vt 0 0 
vt 0 0 
vt 0 0 
vt 0 0 
vt 0 0 
vt 0 0 
vt 0 0 
vt 0 0 
vt 0 0 
vt 0 0 
vt 0 0 
vt 0 0 
vt 0 0 
vt 0 0 
vt 0 0 
vt 0 0 
vt 0 0 
vt 0 0 
vt 0 0 
vt 0 0 
vt 0 0 
vt 0 0 
vt 0 0 
vt 0 0 
vt 0 0 
vt 0 0 
vt 0 0 
vt 0 0 
vt 0 0 
vt 0 0 
vt 0 0 
vt 0 0 
vt 0 0 
vt 0 0 
vt 0 0 
vt 0 0 
vt 0 0 
vt 0 0 
vt 0 0 
vt 0 0 
vt 0 0 
vt 0 0 
vt 0 0 
vt 0 0 
vt 0 0 
vt 0 0 
vt 0 0 
vt 0 0 
vt 0 0 
vt 0 0 
vt 0 0 
vt 0 0 
vt 0 0 
vt 0 0 
vt 0 0 
vt 0 0 
vt 0 0 
vt 0 0 
vt 0 0 
vt 0 0 
vt 0 0 
vt 0 0 
vt 0 0 
vt 0 0 
vt 0 0 
vt 0 0 
vt 0 0 
vt 0 0 
vt 0 0 
vt 0 0 
vt 0 0 
vt 0 0 
vt 0 0 
vt 0 0 
vt 0 0 
vt 0 0 
vt 0 0 
vt 0 0 
vt 0 0 
vt 0 0 
vt 0 0 
vt 0 0 
vt 0 0 
vt 0 0 
vt 0 0 
vt 0 0 
vt 0 0 
vt 0 0 
vt 0 0 
vt 0 0 
vt 0 0 
vt 0 0 
vt 0 0 
vt 0 0 
vt 0 0 
vt 0 0 
vt 0 0 
vt 0 0 
vt 0 0 
vt 0 0 
vt 0 0 
vt 0 0 
vt 0 0 
vt 0 0 
vt 0 0 
vt 0 0 
vt 0 0 
vt 0 0 
vt 0 0 
vt 0 0 
vt 0 0 
vt 0 0 
vt 0 0 
vt 0 0 
vt 0 0 
vt 0 0 
vt 0 0 
vt 0 0 
vt 0 0 
vt 0 0 
vt 0 0 
vt 0 0 
vt 0 0 
vt 0 0 
vt 0 0 
vt 0 0 
vt 0 0 
vt 0 0 
vt 0 0 
vt 0 0 
vt 0 0 
vt 0 0 
vt 0 0 
vt 0 0 
vt 0 0 
vt 0 0 
vt 0 0 
vt 0 0 
vt 0 0 
vt 0 0 
vt 0 0 
vt 0 0 
vt 0 0 
vt 0 0 
vt 0 0 
vt 0 0 
vt 0 0 
vt 0 0 
vt 0 0 
vt 0 0 
vt 0 0 
vt 0 0 
vt 0 0 
vt 0 0 
vt 0 0 
vt 0 0 
vt 0 0 
vt 0 0 
vt 0 0 
vt 0 0 
vt 0 0 
vt 0 0 
vt 0 0 
vt 0 0 
vt 0 0 
vt 0 0 
vt 0 0 
vt 0 0 
vt 0 0 
vt 0 0 
vt 0 0 
vt 0 0 
vt 0 0 
vt 0 0 
vt 0 0 
vt 0 0 
vt 0 0 
vt 0 0 
vt 0 0 
vt 0 0 
vt 0 0 
vt 0 0 
vt 0 0 
vt 0 0 
vt 0 0 
vt 0 0 
vt 0 0 
vt 0 0 
vt 0 0 
vt 0 0 
vt 0 0 
vt 0 0 
vt 0 0 
vt 0 0 
vt 0 0 
vt 0 0 
vt 0 0 
vt 0 0 
vt 0 0 
vt 0 0 
vt 0 0 
vt 0 0 
vt 0 0 
vt 0 0 
vt 0 0 
vt 0 0 
vt 0 0 
vt 0 0 
vt 0 0 
vt 0 0 
vt 0 0 
vt 0 0 
vt 0 0 
vt 0 0 
vt 0 0 
vt 0 0 
vt 0 0 
vt 0 0 
vt 0 0 
vt 0 0 
vt 0 0 
vt 0 0 
vt 0 0 
vt 0 0 
vt 0 0 
vt 0 0 
vt 0 0 
vt 0 0 
vt 0 0 
vt 0 0 
vt 0 0 
vt 0 0 
vt 0 0 
vt 0 0 
vt 0 0 
vt 0 0 
vt 0 0 
vt 0 0 
vt 0 0 
vt 0 0 
vt 0 0 
vt 0 0 
vt 0 0 
vt 0 0 
vt 0 0 
vt 0 0 
vt 0 0 
vt 0 0 
vt 0 0 
vt 0 0 
vt 0 0 
vt 0 0 
vt 0 0 
vt 0 0 
vt 0 0 
vt 0 0 
vt 0 0 
vt 0 0 
vt 0 0 
vt 0 0 
vt 0 0 
vt 0 0 
vt 0 0 
vt 0 0 
vt 0 0 
vt 0 0 
vt 0 0 
vt 0 0 
vt 0 0 
vt 0 0 
vt 0 0 
vt 0 0 
vt 0 0 
vt 0 0 
vt 0 0 
vt 0 0 
vt 0 0 
vt 0 0 
vt 0 0 
vt 0 0 
vt 0 0 
vt 0 0 
vt 0 0 
vt 0 0 
vt 0 0 
vt 0 0 
vt 0 0 
vt 0 0 
vt 0 0 
vt 0 0 
vt 0 0 
vt 0 0 
vt 0 0 
vt 0 0 
vt 0 0 
vt 0 0 
vt 0 0 
vt 0 0 
vt 0 0 
vt 0 0 
vt 0 0 
vt 0 0 
vt 0 0 
vt 0 0 
vt 0 0 
vt 0 0 
vt 0 0 
vt 0 0 
vt 0 0 
vt 0 0 
vt 0 0 
vt 0 0 
vt 0 0 
vt 0 0 
vt 0 0 
vt 0 0 
vt 0 0 
vt 0 0 
vt 0 0 
vt 0 0 
vt 0 0 
vt 0 0 
vt 0 0 
vt 0 0 
vt 0 0 
vt 0 0 
vt 0 0 
vt 0 0 
vt 0 0 
vt 0 0 
vt 0 0 
vt 0 0 
vt 0 0 
vt 0 0 
vt 0 0 
vt 0 0 
vt 0 0 
vt 0 0 
vt 0 0 
vt 0 0 
vt 0 0 
vt 0 0 
vt 0 0 
vt 0 0 
vt 0 0 
vt 0 0 
vt 0 0 
vt 0 0 
vt 0 0 
vt 0 0 
vt 0 0 
vt 0 0 
vt 0 0 
vt 0 0 
vt 0 0 
vt 0 0 
vt 0 0 
vt 0 0 
vt 0 0 
vt 0 0 
vt 0 0 
vt 0 0 
vt 0 0 
vt 0 0 
vt 0 0 
vt 0 0 
vt 0 0 
vt 0 0 
vt 0 0 
vt 0 0 
vt 0 0 
vt 0 0 
vt 0 0 
vt 0 0 
vt 0 0 
vt 0 0 
vt 0 0 
vt 0 0 
vt 0 0 
vt 0 0 
vt 0 0 
vt 0 0 
vt 0 0 
vt 0 0 
vt 0 0 
vt 0 0 
vt 0 0 
vt 0 0 
vt 0 0 
vt 0 0 
vt 0 0 
vt 0 0 
vt 0 0 
vt 0 0 
vt 0 0 
vt 0 0 
vt 0 0 
vt 0 0 
vt 0 0 
vt 0 0 
vt 0 0 
vt 0 0 
vt 0 0 
vt 0 0 
vt 0 0 
vt 0 0 
vt 0 0 
vt 0 0 
vt 0 0 
vt 0 0 
vt 0 0 
vt 0 0 
vt 0 0 
vt 0 0 
vt 0 0 
vt 0 0 
vt 0 0 
vt 0 0 
vt 0 0 
vt 0 0 
vt 0 0 
vt 0 0 
vt 0 0 
vt 0 0 
vt 0 0 
vt 0 0 
vt 0 0 
vt 0 0 
vt 0 0 
vt 0 0 
vt 0 0 
vt 0 0 
vt 0 0 
vt 0 0 
vt 0 0 
vt 0 0 
vt 0 0 
vt 0 0 
vt 0 0 
vt 0 0 
vt 0 0 
vt 0 0 
vt 0 0 
vt 0 0 
vt 0 0 
vt 0 0 
vt 0 0 
vt 0 0 
vt 0 0 
vt 0 0 
vt 0 0 
vt 0 0 
vt 0 0 
vt 0 0 
vt 0 0 
vt 0 0 
vt 0 0 
vt 0 0 
vt 0 0 
vt 0 0 
vt 0 0 
vt 0 0 
vt 0 0 
vt 0 0 
vt 0 0 
vt 0 0 
vt 0 0 
vt 0 0 
vt 0 0 
vt 0 0 
vt 0 0 
vt 0 0 
vt 0 0 
vt 0 0 
vt 0 0 
vt 0 0 
vt 0 0 
vt 0 0 
vt 0 0 
vt 0 0 
vt 0 0 
vt 0 0 
vt 0 0 
vt 0 0 
vt 0 0 
vt 0 0 
vt 0 0 
vt 0 0 
vt 0 0 
vt 0 0 
vt 0 0 

usemtl Part1Mtl

f 1/1/1 2/2/2 3/3/3 
f 3/3/3 2/2/2 4/4/4 
f 2/2/2 1/1/1 5/5/5 
f 4/4/4 2/2/2 6/6/6 
f 1/1/1 7/7/7 5/5/5 
f 7/7/7 1/1/1 8/8/8 
f 9/9/9 7/7/7 8/8/8 
f 5/5/5 10/10/10 2/2/2 
f 10/10/10 6/6/6 2/2/2 
f 11/11/11 4/4/4 6/6/6 
f 4/4/4 11/11/11 12/12/12 
f 13/13/13 12/12/12 11/11/11 
f 6/6/6 14/14/14 11/11/11 
f 15/15/15 13/13/13 11/11/11 
f 15/15/15 11/11/11 14/14/14 
f 14/14/14 6/6/6 16/16/16 
f 6/6/6 10/10/10 16/16/16 
f 17/17/17 15/15/15 14/14/14 
f 18/18/18 13/13/13 15/15/15 
f 13/13/13 18/18/18 19/19/19 
f 18/18/18 9/9/9 19/19/19 
f 15/15/15 20/20/20 18/18/18 
f 20/20/20 15/15/15 17/17/17 
f 18/18/18 21/21/21 9/9/9 
f 20/20/20 21/21/21 18/18/18 
f 7/7/7 9/9/9 21/21/21 
f 14/14/14 22/22/22 17/17/17 
f 20/20/20 17/17/17 22/22/22 
f 22/22/22 14/14/14 23/23/23 
f 20/20/20 24/24/24 21/21/21 
f 21/21/21 25/25/25 7/7/7 
f 25/25/25 21/21/21 24/24/24 
f 25/25/25 5/5/5 7/7/7 
f 23/23/23 14/14/14 26/26/26 
f 14/14/14 16/16/16 26/26/26 
f 10/10/10 26/26/26 16/16/16 
f 10/10/10 5/5/5 27/27/27 
f 5/5/5 25/25/25 27/27/27 
f 26/26/26 10/10/10 28/28/28 
f 23/23/23 26/26/26 29/29/29 
f 26/26/26 28/28/28 29/29/29 
f 22/22/22 23/23/23 29/29/29 
f 10/10/10 30/30/30 28/28/28 
f 27/27/27 30/30/30 10/10/10 
f 25/25/25 30/30/30 27/27/27 
f 28/28/28 30/30/30 29/29/29 
f 30/30/30 25/25/25 31/31/31 
f 30/30/30 31/31/31 29/29/29 
f 32/32/32 22/22/22 29/29/29 
f 22/22/22 32/32/32 20/20/20 
f 31/31/31 33/33/33 29/29/29 
f 25/25/25 33/33/33 31/31/31 
f 33/33/33 32/32/32 29/29/29 
f 33/33/33 20/20/20 32/32/32 
f 33/33/33 25/25/25 24/24/24 
f 20/20/20 33/33/33 24/24/24 
f 34/34/34 35/35/35 36/36/36 
f 37/37/37 34/34/34 36/36/36 
f 35/35/35 34/34/34 38/38/38 
f 34/34/34 37/37/37 39/39/39 
f 40/40/40 35/35/35 38/38/38 
f 40/40/40 41/41/41 35/35/35 
f 40/40/40 42/42/42 41/41/41 
f 43/43/43 38/38/38 34/34/34 
f 39/39/39 43/43/43 34/34/34 
f 44/44/44 40/40/40 38/38/38 
f 37/37/37 45/45/45 39/39/39 
f 45/45/45 37/37/37 46/46/46 
f 47/47/47 45/45/45 46/46/46 
f 38/38/38 43/43/43 48/48/48 
f 44/44/44 38/38/38 48/48/48 
f 43/43/43 39/39/39 49/49/49 
f 50/50/50 39/39/39 45/45/45 
f 39/39/39 50/50/50 49/49/49 
f 51/51/51 45/45/45 47/47/47 
f 51/51/51 50/50/50 45/45/45 
f 47/47/47 52/52/52 51/51/51 
f 52/52/52 47/47/47 53/53/53 
f 53/53/53 42/42/42 52/52/52 
f 54/54/54 43/43/43 49/49/49 
f 49/49/49 50/50/50 54/54/54 
f 43/43/43 54/54/54 55/55/55 
f 56/56/56 50/50/50 51/51/51 
f 57/57/57 54/54/54 50/50/50 
f 51/51/51 58/58/58 56/56/56 
f 58/58/58 51/51/51 52/52/52 
f 59/59/59 50/50/50 56/56/56 
f 50/50/50 59/59/59 57/57/57 
f 56/56/56 58/58/58 59/59/59 
f 57/57/57 60/60/60 54/54/54 
f 54/54/54 60/60/60 55/55/55 
f 59/59/59 60/60/60 57/57/57 
f 61/61/61 43/43/43 55/55/55 
f 55/55/55 60/60/60 61/61/61 
f 43/43/43 61/61/61 48/48/48 
f 62/62/62 60/60/60 59/59/59 
f 58/58/58 62/62/62 59/59/59 
f 61/61/61 60/60/60 63/63/63 
f 61/61/61 44/44/44 48/48/48 
f 44/44/44 61/61/61 63/63/63 
f 63/63/63 60/60/60 64/64/64 
f 64/64/64 60/60/60 62/62/62 
f 64/64/64 44/44/44 63/63/63 
f 58/58/58 64/64/64 62/62/62 
f 64/64/64 65/65/65 44/44/44 
f 64/64/64 58/58/58 65/65/65 
f 66/66/66 44/44/44 65/65/65 
f 66/66/66 65/65/65 58/58/58 
f 44/44/44 66/66/66 40/40/40 
f 52/52/52 66/66/66 58/58/58 
f 42/42/42 40/40/40 66/66/66 
f 42/42/42 66/66/66 52/52/52 
f 67/67/67 68/68/68 69/69/69 
f 68/68/68 67/67/67 70/70/70 
f 71/71/71 70/70/70 67/67/67 
f 68/68/68 72/72/72 69/69/69 
f 72/72/72 68/68/68 73/73/73 
f 74/74/74 72/72/72 73/73/73 
f 75/75/75 69/69/69 72/72/72 
f 72/72/72 74/74/74 76/76/76 
f 76/76/76 75/75/75 72/72/72 
f 76/76/76 74/74/74 77/77/77 
f 74/74/74 78/78/78 77/77/77 
f 79/79/79 77/77/77 78/78/78 
f 76/76/76 77/77/77 80/80/80 
f 77/77/77 79/79/79 81/81/81 
f 81/81/81 80/80/80 77/77/77 
f 82/82/82 76/76/76 80/80/80 
f 75/75/75 76/76/76 82/82/82 
f 80/80/80 81/81/81 83/83/83 
f 81/81/81 79/79/79 84/84/84 
f 79/79/79 85/85/85 84/84/84 
f 71/71/71 84/84/84 85/85/85 
f 81/81/81 84/84/84 86/86/86 
f 83/83/83 81/81/81 86/86/86 
f 84/84/84 71/71/71 87/87/87 
f 87/87/87 86/86/86 84/84/84 
f 87/87/87 71/71/71 67/67/67 
f 87/87/87 67/67/67 88/88/88 
f 69/69/69 88/88/88 67/67/67 
f 86/86/86 87/87/87 89/89/89 
f 89/89/89 87/87/87 88/88/88 
f 86/86/86 90/90/90 83/83/83 
f 80/80/80 83/83/83 90/90/90 
f 86/86/86 89/89/89 91/91/91 
f 88/88/88 91/91/91 89/89/89 
f 90/90/90 86/86/86 92/92/92 
f 92/92/92 86/86/86 91/91/91 
f 88/88/88 69/69/69 93/93/93 
f 90/90/90 92/92/92 94/94/94 
f 92/92/92 91/91/91 94/94/94 
f 95/95/95 80/80/80 90/90/90 
f 95/95/95 90/90/90 94/94/94 
f 69/69/69 75/75/75 93/93/93 
f 96/96/96 80/80/80 95/95/95 
f 96/96/96 95/95/95 94/94/94 
f 80/80/80 96/96/96 82/82/82 
f 96/96/96 75/75/75 82/82/82 
f 75/75/75 96/96/96 97/97/97 
f 97/97/97 96/96/96 94/94/94 
f 75/75/75 98/98/98 93/93/93 
f 98/98/98 75/75/75 97/97/97 
f 88/88/88 93/93/93 98/98/98 
f 98/98/98 97/97/97 94/94/94 
f 99/99/99 88/88/88 98/98/98 
f 99/99/99 98/98/98 94/94/94 
f 91/91/91 88/88/88 99/99/99 
f 91/91/91 99/99/99 94/94/94 
f 100/100/100 101/101/101 102/102/102 
f 103/103/103 100/100/100 102/102/102 
f 101/101/101 100/100/100 104/104/104 
f 105/105/105 100/100/100 103/103/103 
f 106/106/106 101/101/101 104/104/104 
f 106/106/106 107/107/107 101/101/101 
f 106/106/106 108/108/108 107/107/107 
f 109/109/109 104/104/104 100/100/100 
f 105/105/105 109/109/109 100/100/100 
f 110/110/110 106/106/106 104/104/104 
f 103/103/103 111/111/111 105/105/105 
f 111/111/111 103/103/103 112/112/112 
f 113/113/113 111/111/111 112/112/112 
f 104/104/104 109/109/109 114/114/114 
f 110/110/110 104/104/104 114/114/114 
f 115/115/115 109/109/109 105/105/105 
f 116/116/116 105/105/105 111/111/111 
f 105/105/105 116/116/116 115/115/115 
f 117/117/117 111/111/111 113/113/113 
f 117/117/117 116/116/116 111/111/111 
f 113/113/113 118/118/118 117/117/117 
f 118/118/118 113/113/113 119/119/119 
f 108/108/108 118/118/118 119/119/119 
f 120/120/120 109/109/109 115/115/115 
f 115/115/115 116/116/116 120/120/120 
f 109/109/109 120/120/120 121/121/121 
f 122/122/122 116/116/116 117/117/117 
f 123/123/123 120/120/120 116/116/116 
f 117/117/117 124/124/124 122/122/122 
f 124/124/124 117/117/117 118/118/118 
f 125/125/125 116/116/116 122/122/122 
f 116/116/116 125/125/125 123/123/123 
f 122/122/122 124/124/124 125/125/125 
f 123/123/123 126/126/126 120/120/120 
f 120/120/120 126/126/126 121/121/121 
f 125/125/125 126/126/126 123/123/123 
f 127/127/127 109/109/109 121/121/121 
f 121/121/121 126/126/126 127/127/127 
f 114/114/114 109/109/109 127/127/127 
f 128/128/128 126/126/126 125/125/125 
f 125/125/125 124/124/124 128/128/128 
f 127/127/127 110/110/110 114/114/114 
f 127/127/127 126/126/126 129/129/129 
f 110/110/110 127/127/127 129/129/129 
f 130/130/130 126/126/126 128/128/128 
f 129/129/129 126/126/126 130/130/130 
f 124/124/124 130/130/130 128/128/128 
f 130/130/130 110/110/110 129/129/129 
f 130/130/130 124/124/124 131/131/131 
f 130/130/130 131/131/131 110/110/110 
f 131/131/131 124/124/124 132/132/132 
f 132/132/132 110/110/110 131/131/131 
f 132/132/132 124/124/124 118/118/118 
f 110/110/110 132/132/132 106/106/106 
f 132/132/132 118/118/118 108/108/108 
f 108/108/108 106/106/106 132/132/132 
f 133/133/133 134/134/134 135/135/135 
f 134/134/134 133/133/133 136/136/136 
f 133/133/133 137/137/137 136/136/136 
f 138/138/138 135/135/135 134/134/134 
f 133/133/133 139/139/139 137/137/137 
f 140/140/140 137/137/137 139/139/139 
f 135/135/135 141/141/141 133/133/133 
f 141/141/141 139/139/139 133/133/133 
f 135/135/135 138/138/138 142/142/142 
f 143/143/143 140/140/140 139/139/139 
f 141/141/141 135/135/135 144/144/144 
f 142/142/142 144/144/144 135/135/135 
f 138/138/138 145/145/145 142/142/142 
f 145/145/145 138/138/138 146/146/146 
f 144/144/144 142/142/142 147/147/147 
f 148/148/148 142/142/142 145/145/145 
f 142/142/142 148/148/148 147/147/147 
f 146/146/146 149/149/149 145/145/145 
f 149/149/149 146/146/146 150/150/150 
f 151/151/151 149/149/149 150/150/150 
f 152/152/152 145/145/145 149/149/149 
f 145/145/145 152/152/152 148/148/148 
f 149/149/149 151/151/151 153/153/153 
f 140/140/140 153/153/153 151/151/151 
f 153/153/153 152/152/152 149/149/149 
f 153/153/153 140/140/140 143/143/143 
f 148/148/148 154/154/154 147/147/147 
f 154/154/154 144/144/144 147/147/147 
f 154/154/154 148/148/148 155/155/155 
f 152/152/152 155/155/155 148/148/148 
f 144/144/144 154/154/154 156/156/156 
f 155/155/155 152/152/152 157/157/157 
f 141/141/141 144/144/144 156/156/156 
f 154/154/154 155/155/155 158/158/158 
f 155/155/155 157/157/157 158/158/158 
f 156/156/156 154/154/154 158/158/158 
f 141/141/141 156/156/156 159/159/159 
f 159/159/159 156/156/156 158/158/158 
f 160/160/160 141/141/141 159/159/159 
f 160/160/160 159/159/159 158/158/158 
f 141/141/141 160/160/160 161/161/161 
f 139/139/139 141/141/141 161/161/161 
f 143/143/143 139/139/139 161/161/161 
f 162/162/162 161/161/161 160/160/160 
f 162/162/162 160/160/160 158/158/158 
f 163/163/163 143/143/143 161/161/161 
f 161/161/161 162/162/162 163/163/163 
f 164/164/164 143/143/143 163/163/163 
f 164/164/164 163/163/163 162/162/162 
f 143/143/143 164/164/164 153/153/153 
f 152/152/152 153/153/153 164/164/164 
f 162/162/162 165/165/165 164/164/164 
f 165/165/165 152/152/152 164/164/164 
f 165/165/165 162/162/162 158/158/158 
f 152/152/152 165/165/165 157/157/157 
f 157/157/157 165/165/165 158/158/158 
f 166/166/166 167/167/167 168/168/168 
f 167/167/167 166/166/166 169/169/169 
f 167/167/167 169/169/169 170/170/170 
f 168/168/168 171/171/171 166/166/166 
f 170/170/170 172/172/172 167/167/167 
f 173/173/173 172/172/172 170/170/170 
f 174/174/174 168/168/168 167/167/167 
f 174/174/174 167/167/167 172/172/172 
f 171/171/171 168/168/168 175/175/175 
f 168/168/168 174/174/174 176/176/176 
f 176/176/176 175/175/175 168/168/168 
f 171/171/171 175/175/175 177/177/177 
f 177/177/177 178/178/178 171/171/171 
f 175/175/175 176/176/176 179/179/179 
f 180/180/180 178/178/178 177/177/177 
f 178/178/178 180/180/180 181/181/181 
f 180/180/180 182/182/182 181/181/181 
f 183/183/183 177/177/177 175/175/175 
f 175/175/175 179/179/179 183/183/183 
f 177/177/177 184/184/184 180/180/180 
f 184/184/184 177/177/177 183/183/183 
f 182/182/182 180/180/180 185/185/185 
f 184/184/184 185/185/185 180/180/180 
f 185/185/185 173/173/173 182/182/182 
f 186/186/186 183/183/183 179/179/179 
f 179/179/179 176/176/176 186/186/186 
f 183/183/183 186/186/186 187/187/187 
f 187/187/187 184/184/184 183/183/183 
f 176/176/176 188/188/188 186/186/186 
f 184/184/184 187/187/187 189/189/189 
f 188/188/188 176/176/176 174/174/174 
f 186/186/186 190/190/190 187/187/187 
f 188/188/188 190/190/190 186/186/186 
f 187/187/187 190/190/190 189/189/189 
f 174/174/174 191/191/191 188/188/188 
f 191/191/191 190/190/190 188/188/188 
f 174/174/174 192/192/192 191/191/191 
f 192/192/192 190/190/190 191/191/191 
f 192/192/192 174/174/174 193/193/193 
f 189/189/189 190/190/190 194/194/194 
f 194/194/194 184/184/184 189/189/189 
f 195/195/195 190/190/190 192/192/192 
f 194/194/194 190/190/190 195/195/195 
f 193/193/193 195/195/195 192/192/192 
f 172/172/172 193/193/193 174/174/174 
f 195/195/195 196/196/196 194/194/194 
f 184/184/184 194/194/194 196/196/196 
f 185/185/185 184/184/184 196/196/196 
f 196/196/196 195/195/195 197/197/197 
f 195/195/195 193/193/193 197/197/197 
f 196/196/196 198/198/198 185/185/185 
f 198/198/198 196/196/196 197/197/197 
f 197/197/197 193/193/193 198/198/198 
f 198/198/198 193/193/193 172/172/172 
f 173/173/173 185/185/185 198/198/198 
f 198/198/198 172/172/172 173/173/173 
f 199/199/199 200/200/200 201/201/201 
f 200/200/200 202/202/202 201/201/201 
f 200/200/200 199/199/199 203/203/203 
f 204/204/204 203/203/203 199/199/199 
f 202/202/202 200/200/200 205/205/205 
f 206/206/206 202/202/202 205/205/205 
f 203/203/203 207/207/207 200/200/200 
f 207/207/207 205/205/205 200/200/200 
f 203/203/203 204/204/204 208/208/208 
f 209/209/209 206/206/206 205/205/205 
f 207/207/207 203/203/203 210/210/210 
f 208/208/208 210/210/210 203/203/203 
f 204/204/204 211/211/211 208/208/208 
f 211/211/211 204/204/204 212/212/212 
f 210/210/210 208/208/208 213/213/213 
f 214/214/214 208/208/208 211/211/211 
f 208/208/208 214/214/214 213/213/213 
f 215/215/215 211/211/211 212/212/212 
f 215/215/215 212/212/212 216/216/216 
f 217/217/217 215/215/215 216/216/216 
f 218/218/218 211/211/211 215/215/215 
f 211/211/211 218/218/218 214/214/214 
f 215/215/215 217/217/217 219/219/219 
f 206/206/206 219/219/219 217/217/217 
f 219/219/219 218/218/218 215/215/215 
f 219/219/219 206/206/206 209/209/209 
f 214/214/214 220/220/220 213/213/213 
f 220/220/220 210/210/210 213/213/213 
f 220/220/220 214/214/214 221/221/221 
f 218/218/218 221/221/221 214/214/214 
f 210/210/210 220/220/220 222/222/222 
f 221/221/221 218/218/218 223/223/223 
f 222/222/222 207/207/207 210/210/210 
f 220/220/220 221/221/221 224/224/224 
f 222/222/222 220/220/220 224/224/224 
f 221/221/221 223/223/223 224/224/224 
f 207/207/207 222/222/222 225/225/225 
f 225/225/225 222/222/222 224/224/224 
f 226/226/226 207/207/207 225/225/225 
f 226/226/226 225/225/225 224/224/224 
f 207/207/207 226/226/226 227/227/227 
f 205/205/205 207/207/207 227/227/227 
f 209/209/209 205/205/205 227/227/227 
f 228/228/228 227/227/227 226/226/226 
f 228/228/228 226/226/226 224/224/224 
f 229/229/229 209/209/209 227/227/227 
f 227/227/227 228/228/228 229/229/229 
f 230/230/230 209/209/209 229/229/229 
f 230/230/230 229/229/229 228/228/228 
f 209/209/209 230/230/230 219/219/219 
f 218/218/218 219/219/219 230/230/230 
f 228/228/228 231/231/231 230/230/230 
f 218/218/218 230/230/230 231/231/231 
f 231/231/231 228/228/228 224/224/224 
f 218/218/218 231/231/231 223/223/223 
f 223/223/223 231/231/231 224/224/224 
f 232/232/232 233/233/233 234/234/234 
f 233/233/233 232/232/232 235/235/235 
f 236/236/236 233/233/233 235/235/235 
f 234/234/234 237/237/237 232/232/232 
f 233/233/233 236/236/236 238/238/238 
f 239/239/239 238/238/238 236/236/236 
f 240/240/240 234/234/234 233/233/233 
f 238/238/238 240/240/240 233/233/233 
f 237/237/237 234/234/234 241/241/241 
f 242/242/242 238/238/238 239/239/239 
f 237/237/237 241/241/241 243/243/243 
f 243/243/243 244/244/244 237/237/237 
f 245/245/245 241/241/241 234/234/234 
f 234/234/234 240/240/240 245/245/245 
f 241/241/241 245/245/245 246/246/246 
f 247/247/247 243/243/243 241/241/241 
f 241/241/241 246/246/246 247/247/247 
f 244/244/244 243/243/243 248/248/248 
f 248/248/248 249/249/249 244/244/244 
f 248/248/248 250/250/250 249/249/249 
f 251/251/251 248/248/248 243/243/243 
f 243/243/243 247/247/247 251/251/251 
f 250/250/250 248/248/248 252/252/252 
f 252/252/252 239/239/239 250/250/250 
f 251/251/251 252/252/252 248/248/248 
f 239/239/239 252/252/252 242/242/242 
f 253/253/253 242/242/242 252/252/252 
f 252/252/252 251/251/251 253/253/253 
f 242/242/242 253/253/253 254/254/254 
f 254/254/254 255/255/255 242/242/242 
f 242/242/242 255/255/255 238/238/238 
f 253/253/253 256/256/256 254/254/254 
f 256/256/256 255/255/255 254/254/254 
f 257/257/257 253/253/253 251/251/251 
f 256/256/256 253/253/253 257/257/257 
f 240/240/240 238/238/238 255/255/255 
f 251/251/251 258/258/258 257/257/257 
f 259/259/259 240/240/240 255/255/255 
f 255/255/255 256/256/256 259/259/259 
f 240/240/240 259/259/259 260/260/260 
f 257/257/257 261/261/261 256/256/256 
f 256/256/256 261/261/261 259/259/259 
f 258/258/258 261/261/261 257/257/257 
f 259/259/259 261/261/261 260/260/260 
f 251/251/251 262/262/262 258/258/258 
f 262/262/262 261/261/261 258/258/258 
f 262/262/262 251/251/251 247/247/247 
f 263/263/263 240/240/240 260/260/260 
f 260/260/260 261/261/261 263/263/263 
f 240/240/240 263/263/263 245/245/245 
f 264/264/264 261/261/261 262/262/262 
f 247/247/247 264/264/264 262/262/262 
f 263/263/263 261/261/261 264/264/264 
f 245/245/245 263/263/263 264/264/264 
f 264/264/264 247/247/247 246/246/246 
f 246/246/246 245/245/245 264/264/264 
f 265/265/265 266/266/266 267/267/267 
f 268/268/268 265/265/265 267/267/267 
f 266/266/266 265/265/265 269/269/269 
f 265/265/265 268/268/268 270/270/270 
f 269/269/269 271/271/271 266/266/266 
f 266/266/266 271/271/271 272/272/272 
f 271/271/271 273/273/273 272/272/272 
f 274/274/274 269/269/269 265/265/265 
f 270/270/270 274/274/274 265/265/265 
f 269/269/269 275/275/275 271/271/271 
f 268/268/268 276/276/276 270/270/270 
f 276/276/276 268/268/268 277/277/277 
f 276/276/276 277/277/277 278/278/278 
f 273/273/273 271/271/271 279/279/279 
f 275/275/275 279/279/279 271/271/271 
f 273/273/273 279/279/279 280/280/280 
f 281/281/281 273/273/273 280/280/280 
f 280/280/280 278/278/278 281/281/281 
f 276/276/276 278/278/278 282/282/282 
f 278/278/278 280/280/280 282/282/282 
f 283/283/283 276/276/276 282/282/282 
f 283/283/283 270/270/270 276/276/276 
f 284/284/284 282/282/282 280/280/280 
f 280/280/280 279/279/279 284/284/284 
f 283/283/283 282/282/282 285/285/285 
f 282/282/282 284/284/284 285/285/285 
f 270/270/270 283/283/283 286/286/286 
f 274/274/274 270/270/270 286/286/286 
f 287/287/287 283/283/283 285/285/285 
f 285/285/285 284/284/284 287/287/287 
f 279/279/279 288/288/288 284/284/284 
f 279/279/279 275/275/275 288/288/288 
f 284/284/284 289/289/289 287/287/287 
f 290/290/290 284/284/284 288/288/288 
f 284/284/284 290/290/290 289/289/289 
f 288/288/288 275/275/275 290/290/290 
f 283/283/283 287/287/287 291/291/291 
f 289/289/289 292/292/292 287/287/287 
f 290/290/290 292/292/292 289/289/289 
f 287/287/287 292/292/292 291/291/291 
f 293/293/293 290/290/290 275/275/275 
f 293/293/293 292/292/292 290/290/290 
f 294/294/294 283/283/283 291/291/291 
f 291/291/291 292/292/292 294/294/294 
f 294/294/294 286/286/286 283/283/283 
f 294/294/294 274/274/274 286/286/286 
f 294/294/294 292/292/292 295/295/295 
f 274/274/274 294/294/294 295/295/295 
f 296/296/296 292/292/292 293/293/293 
f 295/295/295 292/292/292 296/296/296 
f 296/296/296 274/274/274 295/295/295 
f 275/275/275 296/296/296 293/293/293 
f 274/274/274 296/296/296 297/297/297 
f 296/296/296 275/275/275 297/297/297 
f 269/269/269 274/274/274 297/297/297 
f 297/297/297 275/275/275 269/269/269 
f 298/298/298 299/299/299 300/300/300 
f 300/300/300 299/299/299 301/301/301 
f 299/299/299 298/298/298 302/302/302 
f 301/301/301 299/299/299 303/303/303 
f 302/302/302 298/298/298 304/304/304 
f 298/298/298 305/305/305 304/304/304 
f 306/306/306 304/304/304 305/305/305 
f 302/302/302 307/307/307 299/299/299 
f 307/307/307 303/303/303 299/299/299 
f 308/308/308 301/301/301 303/303/303 
f 301/301/301 308/308/308 309/309/309 
f 308/308/308 310/310/310 309/309/309 
f 303/303/303 311/311/311 308/308/308 
f 310/310/310 308/308/308 312/312/312 
f 311/311/311 312/312/312 308/308/308 
f 313/313/313 310/310/310 312/312/312 
f 310/310/310 313/313/313 314/314/314 
f 313/313/313 306/306/306 314/314/314 
f 303/303/303 307/307/307 315/315/315 
f 311/311/311 303/303/303 315/315/315 
f 313/313/313 316/316/316 306/306/306 
f 304/304/304 306/306/306 316/316/316 
f 312/312/312 317/317/317 313/313/313 
f 317/317/317 316/316/316 313/313/313 
f 312/312/312 311/311/311 318/318/318 
f 317/317/317 312/312/312 318/318/318 
f 319/319/319 311/311/311 315/315/315 
f 307/307/307 319/319/319 315/315/315 
f 311/311/311 319/319/319 320/320/320 
f 311/311/311 321/321/321 318/318/318 
f 321/321/321 311/311/311 320/320/320 
f 317/317/317 318/318/318 321/321/321 
f 320/320/320 319/319/319 322/322/322 
f 321/321/321 320/320/320 322/322/322 
f 319/319/319 307/307/307 323/323/323 
f 319/319/319 323/323/323 322/322/322 
f 321/321/321 324/324/324 317/317/317 
f 324/324/324 321/321/321 322/322/322 
f 325/325/325 317/317/317 324/324/324 
f 325/325/325 324/324/324 322/322/322 
f 317/317/317 325/325/325 326/326/326 
f 317/317/317 326/326/326 316/316/316 
f 327/327/327 325/325/325 322/322/322 
f 323/323/323 328/328/328 322/322/322 
f 328/328/328 327/327/327 322/322/322 
f 307/307/307 328/328/328 323/323/323 
f 327/327/327 329/329/329 325/325/325 
f 329/329/329 326/326/326 325/325/325 
f 329/329/329 316/316/316 326/326/326 
f 328/328/328 329/329/329 327/327/327 
f 316/316/316 329/329/329 304/304/304 
f 330/330/330 328/328/328 307/307/307 
f 329/329/329 328/328/328 330/330/330 
f 307/307/307 302/302/302 330/330/330 
f 302/302/302 304/304/304 329/329/329 
f 330/330/330 302/302/302 329/329/329 
f 331/331/331 332/332/332 333/333/333 
f 332/332/332 331/331/331 334/334/334 
f 332/332/332 334/334/334 335/335/335 
f 333/333/333 336/336/336 331/331/331 
f 331/331/331 336/336/336 337/337/337 
f 336/336/336 338/338/338 337/337/337 
f 333/333/333 339/339/339 336/336/336 
f 338/338/338 336/336/336 340/340/340 
f 339/339/339 340/340/340 336/336/336 
f 341/341/341 338/338/338 340/340/340 
f 341/341/341 342/342/342 338/338/338 
f 341/341/341 343/343/343 342/342/342 
f 344/344/344 341/341/341 340/340/340 
f 343/343/343 341/341/341 345/345/345 
f 344/344/344 345/345/345 341/341/341 
f 346/346/346 343/343/343 345/345/345 
f 346/346/346 347/347/347 343/343/343 
f 346/346/346 335/335/335 347/347/347 
f 340/340/340 339/339/339 348/348/348 
f 344/344/344 340/340/340 348/348/348 
f 335/335/335 346/346/346 349/349/349 
f 332/332/332 335/335/335 349/349/349 
f 350/350/350 346/346/346 345/345/345 
f 350/350/350 349/349/349 346/346/346 
f 345/345/345 344/344/344 351/351/351 
f 350/350/350 345/345/345 351/351/351 
f 352/352/352 344/344/344 348/348/348 
f 348/348/348 339/339/339 352/352/352 
f 344/344/344 352/352/352 353/353/353 
f 354/354/354 351/351/351 344/344/344 
f 354/354/354 344/344/344 353/353/353 
f 354/354/354 350/350/350 351/351/351 
f 355/355/355 352/352/352 339/339/339 
f 352/352/352 356/356/356 353/353/353 
f 353/353/353 356/356/356 354/354/354 
f 355/355/355 356/356/356 352/352/352 
f 350/350/350 354/354/354 357/357/357 
f 354/354/354 356/356/356 357/357/357 
f 358/358/358 350/350/350 357/357/357 
f 357/357/357 356/356/356 358/358/358 
f 358/358/358 359/359/359 350/350/350 
f 349/349/349 350/350/350 359/359/359 
f 358/358/358 356/356/356 360/360/360 
f 361/361/361 349/349/349 359/359/359 
f 358/358/358 361/361/361 359/359/359 
f 361/361/361 358/358/358 360/360/360 
f 361/361/361 332/332/332 349/349/349 
f 361/361/361 333/333/333 332/332/332 
f 333/333/333 361/361/361 362/362/362 
f 362/362/362 339/339/339 333/333/333 
f 363/363/363 361/361/361 360/360/360 
f 363/363/363 362/362/362 361/361/361 
f 363/363/363 339/339/339 362/362/362 
f 360/360/360 356/356/356 363/363/363 
f 339/339/339 363/363/363 355/355/355 
f 363/363/363 356/356/356 355/355/355 
f 364/364/364 365/365/365 366/366/366 
f 365/365/365 367/367/367 366/366/366 
f 365/365/365 364/364/364 368/368/368 
f 367/367/367 365/365/365 369/369/369 
f 368/368/368 364/364/364 370/370/370 
f 364/364/364 371/371/371 370/370/370 
f 372/372/372 370/370/370 371/371/371 
f 368/368/368 373/373/373 365/365/365 
f 373/373/373 369/369/369 365/365/365 
f 374/374/374 367/367/367 369/369/369 
f 367/367/367 374/374/374 375/375/375 
f 374/374/374 376/376/376 375/375/375 
f 369/369/369 377/377/377 374/374/374 
f 376/376/376 374/374/374 378/378/378 
f 377/377/377 378/378/378 374/374/374 
f 379/379/379 376/376/376 378/378/378 
f 376/376/376 379/379/379 380/380/380 
f 379/379/379 372/372/372 380/380/380 
f 369/369/369 373/373/373 381/381/381 
f 377/377/377 369/369/369 381/381/381 
f 372/372/372 379/379/379 382/382/382 
f 370/370/370 372/372/372 382/382/382 
f 378/378/378 383/383/383 379/379/379 
f 383/383/383 382/382/382 379/379/379 
f 378/378/378 377/377/377 384/384/384 
f 383/383/383 378/378/378 384/384/384 
f 385/385/385 377/377/377 381/381/381 
f 373/373/373 385/385/385 381/381/381 
f 377/377/377 385/385/385 386/386/386 
f 377/377/377 387/387/387 384/384/384 
f 387/387/387 377/377/377 386/386/386 
f 387/387/387 383/383/383 384/384/384 
f 386/386/386 385/385/385 388/388/388 
f 387/387/387 386/386/386 388/388/388 
f 385/385/385 373/373/373 389/389/389 
f 385/385/385 389/389/389 388/388/388 
f 383/383/383 387/387/387 390/390/390 
f 390/390/390 387/387/387 388/388/388 
f 391/391/391 383/383/383 390/390/390 
f 391/391/391 390/390/390 388/388/388 
f 383/383/383 391/391/391 392/392/392 
f 382/382/382 383/383/383 392/392/392 
f 393/393/393 391/391/391 388/388/388 
f 394/394/394 382/382/382 392/392/392 
f 394/394/394 392/392/392 391/391/391 
f 393/393/393 394/394/394 391/391/391 
f 382/382/382 394/394/394 370/370/370 
f 368/368/368 370/370/370 394/394/394 
f 395/395/395 393/393/393 388/388/388 
f 389/389/389 395/395/395 388/388/388 
f 395/395/395 394/394/394 393/393/393 
f 373/373/373 395/395/395 389/389/389 
f 396/396/396 368/368/368 394/394/394 
f 373/373/373 368/368/368 396/396/396 
f 394/394/394 395/395/395 396/396/396 
f 395/395/395 373/373/373 396/396/396 
f 397/397/397 398/398/398 399/399/399 
f 400/400/400 397/397/397 399/399/399 
f 398/398/398 397/397/397 401/401/401 
f 401/401/401 402/402/402 398/398/398 
f 400/400/400 403/403/403 397/397/397 
f 403/403/403 400/400/400 404/404/404 
f 405/405/405 401/401/401 397/397/397 
f 403/403/403 405/405/405 397/397/397 
f 402/402/402 401/401/401 406/406/406 
f 404/404/404 407/407/407 403/403/403 
f 406/406/406 408/408/408 402/402/402 
f 402/402/402 408/408/408 409/409/409 
f 410/410/410 406/406/406 401/401/401 
f 401/401/401 405/405/405 410/410/410 
f 406/406/406 410/410/410 411/411/411 
f 412/412/412 409/409/409 408/408/408 
f 409/409/409 412/412/412 413/413/413 
f 412/412/412 414/414/414 413/413/413 
f 415/415/415 404/404/404 414/414/414 
f 414/414/414 412/412/412 415/415/415 
f 404/404/404 415/415/415 407/407/407 
f 406/406/406 416/416/416 408/408/408 
f 411/411/411 416/416/416 406/406/406 
f 408/408/408 417/417/417 412/412/412 
f 417/417/417 415/415/415 412/412/412 
f 417/417/417 408/408/408 416/416/416 
f 418/418/418 407/407/407 415/415/415 
f 415/415/415 417/417/417 418/418/418 
f 407/407/407 418/418/418 419/419/419 
f 420/420/420 416/416/416 411/411/411 
f 410/410/410 420/420/420 411/411/411 
f 421/421/421 417/417/417 416/416/416 
f 416/416/416 420/420/420 421/421/421 
f 417/417/417 421/421/421 422/422/422 
f 407/407/407 419/419/419 423/423/423 
f 423/423/423 403/403/403 407/407/407 
f 403/403/403 423/423/423 405/405/405 
f 424/424/424 423/423/423 419/419/419 
f 419/419/419 418/418/418 424/424/424 
f 417/417/417 425/425/425 418/418/418 
f 418/418/418 425/425/425 424/424/424 
f 425/425/425 417/417/417 422/422/422 
f 421/421/421 426/426/426 422/422/422 
f 422/422/422 426/426/426 425/425/425 
f 425/425/425 426/426/426 424/424/424 
f 420/420/420 426/426/426 421/421/421 
f 423/423/423 424/424/424 427/427/427 
f 424/424/424 426/426/426 427/427/427 
f 427/427/427 405/405/405 423/423/423 
f 427/427/427 426/426/426 428/428/428 
f 405/405/405 427/427/427 428/428/428 
f 429/429/429 426/426/426 420/420/420 
f 428/428/428 426/426/426 429/429/429 
f 405/405/405 428/428/428 429/429/429 
f 420/420/420 410/410/410 429/429/429 
f 410/410/410 405/405/405 429/429/429 
f 430/430/430 431/431/431 432/432/432 
f 431/431/431 430/430/430 433/433/433 
f 434/434/434 433/433/433 430/430/430 
f 435/435/435 432/432/432 431/431/431 
f 436/436/436 434/434/434 430/430/430 
f 436/436/436 437/437/437 434/434/434 
f 432/432/432 438/438/438 430/430/430 
f 436/436/436 430/430/430 438/438/438 
f 432/432/432 435/435/435 439/439/439 
f 437/437/437 436/436/436 440/440/440 
f 438/438/438 432/432/432 441/441/441 
f 439/439/439 441/441/441 432/432/432 
f 439/439/439 435/435/435 442/442/442 
f 435/435/435 443/443/443 442/442/442 
f 441/441/441 439/439/439 444/444/444 
f 443/443/443 445/445/445 442/442/442 
f 446/446/446 445/445/445 443/443/443 
f 447/447/447 445/445/445 446/446/446 
f 444/444/444 439/439/439 448/448/448 
f 439/439/439 442/442/442 448/448/448 
f 441/441/441 444/444/444 449/449/449 
f 448/448/448 449/449/449 444/444/444 
f 449/449/449 450/450/450 441/441/441 
f 438/438/438 441/441/441 450/450/450 
f 449/449/449 448/448/448 451/451/451 
f 442/442/442 452/452/452 448/448/448 
f 452/452/452 451/451/451 448/448/448 
f 445/445/445 452/452/452 442/442/442 
f 449/449/449 451/451/451 453/453/453 
f 450/450/450 449/449/449 453/453/453 
f 454/454/454 438/438/438 450/450/450 
f 454/454/454 450/450/450 453/453/453 
f 455/455/455 438/438/438 454/454/454 
f 455/455/455 454/454/454 453/453/453 
f 451/451/451 456/456/456 453/453/453 
f 451/451/451 452/452/452 456/456/456 
f 456/456/456 457/457/457 453/453/453 
f 452/452/452 457/457/457 456/456/456 
f 457/457/457 458/458/458 453/453/453 
f 458/458/458 455/455/455 453/453/453 
f 459/459/459 457/457/457 452/452/452 
f 459/459/459 458/458/458 457/457/457 
f 438/438/438 455/455/455 460/460/460 
f 458/458/458 460/460/460 455/455/455 
f 460/460/460 436/436/436 438/438/438 
f 458/458/458 459/459/459 461/461/461 
f 460/460/460 458/458/458 461/461/461 
f 460/460/460 440/440/440 436/436/436 
f 440/440/440 460/460/460 461/461/461 
f 459/459/459 440/440/440 461/461/461 
f 452/452/452 462/462/462 459/459/459 
f 440/440/440 459/459/459 462/462/462 
f 462/462/462 452/452/452 445/445/445 
f 462/462/462 437/437/437 440/440/440 
f 445/445/445 447/447/447 462/462/462 
f 437/437/437 462/462/462 447/447/447 
f 463/463/463 464/464/464 465/465/465 
f 466/466/466 463/463/463 465/465/465 
f 464/464/464 463/463/463 467/467/467 
f 467/467/467 468/468/468 464/464/464 
f 463/463/463 466/466/466 469/469/469 
f 469/469/469 466/466/466 470/470/470 
f 471/471/471 467/467/467 463/463/463 
f 469/469/469 471/471/471 463/463/463 
f 468/468/468 467/467/467 472/472/472 
f 470/470/470 473/473/473 469/469/469 
f 472/472/472 474/474/474 468/468/468 
f 468/468/468 474/474/474 475/475/475 
f 476/476/476 472/472/472 467/467/467 
f 467/467/467 471/471/471 476/476/476 
f 472/472/472 476/476/476 477/477/477 
f 475/475/475 474/474/474 478/478/478 
f 475/475/475 478/478/478 479/479/479 
f 478/478/478 480/480/480 479/479/479 
f 481/481/481 470/470/470 480/480/480 
f 480/480/480 478/478/478 481/481/481 
f 470/470/470 481/481/481 473/473/473 
f 472/472/472 482/482/482 474/474/474 
f 477/477/477 482/482/482 472/472/472 
f 474/474/474 483/483/483 478/478/478 
f 483/483/483 481/481/481 478/478/478 
f 474/474/474 482/482/482 483/483/483 
f 484/484/484 473/473/473 481/481/481 
f 481/481/481 483/483/483 484/484/484 
f 473/473/473 484/484/484 485/485/485 
f 486/486/486 482/482/482 477/477/477 
f 476/476/476 486/486/486 477/477/477 
f 487/487/487 483/483/483 482/482/482 
f 482/482/482 486/486/486 487/487/487 
f 483/483/483 487/487/487 488/488/488 
f 473/473/473 485/485/485 489/489/489 
f 489/489/489 469/469/469 473/473/473 
f 471/471/471 469/469/469 489/489/489 
f 490/490/490 489/489/489 485/485/485 
f 485/485/485 484/484/484 490/490/490 
f 484/484/484 483/483/483 491/491/491 
f 483/483/483 488/488/488 491/491/491 
f 484/484/484 491/491/491 490/490/490 
f 488/488/488 492/492/492 491/491/491 
f 487/487/487 492/492/492 488/488/488 
f 491/491/491 492/492/492 490/490/490 
f 486/486/486 492/492/492 487/487/487 
f 489/489/489 490/490/490 493/493/493 
f 490/490/490 492/492/492 493/493/493 
f 493/493/493 471/471/471 489/489/489 
f 493/493/493 492/492/492 494/494/494 
f 471/471/471 493/493/493 494/494/494 
f 495/495/495 492/492/492 486/486/486 
f 494/494/494 492/492/492 495/495/495 
f 495/495/495 471/471/471 494/494/494 
f 486/486/486 476/476/476 495/495/495 
f 471/471/471 495/495/495 476/476/476 
f 496/496/496 497/497/497 498/498/498 
f 498/498/498 497/497/497 499/499/499 
f 497/497/497 496/496/496 500/500/500 
f 501/501/501 500/500/500 496/496/496 
f 499/499/499 497/497/497 502/502/502 
f 502/502/502 503/503/503 499/499/499 
f 500/500/500 504/504/504 497/497/497 
f 497/497/497 504/504/504 502/502/502 
f 500/500/500 501/501/501 505/505/505 
f 503/503/503 502/502/502 506/506/506 
f 504/504/504 500/500/500 507/507/507 
f 505/505/505 507/507/507 500/500/500 
f 505/505/505 501/501/501 508/508/508 
f 501/501/501 509/509/509 508/508/508 
f 507/507/507 505/505/505 510/510/510 
f 508/508/508 509/509/509 511/511/511 
f 509/509/509 512/512/512 511/511/511 
f 513/513/513 511/511/511 512/512/512 
f 510/510/510 505/505/505 514/514/514 
f 505/505/505 508/508/508 514/514/514 
f 507/507/507 510/510/510 515/515/515 
f 514/514/514 515/515/515 510/510/510 
f 515/515/515 516/516/516 507/507/507 
f 507/507/507 516/516/516 504/504/504 
f 515/515/515 514/514/514 517/517/517 
f 514/514/514 508/508/508 518/518/518 
f 518/518/518 517/517/517 514/514/514 
f 508/508/508 511/511/511 518/518/518 
f 504/504/504 516/516/516 519/519/519 
f 516/516/516 515/515/515 520/520/520 
f 515/515/515 517/517/517 520/520/520 
f 519/519/519 516/516/516 520/520/520 
f 517/517/517 518/518/518 521/521/521 
f 517/517/517 521/521/521 520/520/520 
f 521/521/521 518/518/518 522/522/522 
f 521/521/521 522/522/522 520/520/520 
f 523/523/523 504/504/504 519/519/519 
f 523/523/523 519/519/519 520/520/520 
f 504/504/504 523/523/523 524/524/524 
f 502/502/502 504/504/504 524/524/524 
f 525/525/525 523/523/523 520/520/520 
f 522/522/522 525/525/525 520/520/520 
f 525/525/525 524/524/524 523/523/523 
f 524/524/524 506/506/506 502/502/502 
f 524/524/524 525/525/525 526/526/526 
f 506/506/506 524/524/524 526/526/526 
f 527/527/527 525/525/525 522/522/522 
f 525/525/525 527/527/527 526/526/526 
f 527/527/527 506/506/506 526/526/526 
f 518/518/518 527/527/527 522/522/522 
f 506/506/506 527/527/527 528/528/528 
f 518/518/518 528/528/528 527/527/527 
f 528/528/528 503/503/503 506/506/506 
f 528/528/528 518/518/518 511/511/511 
f 503/503/503 528/528/528 513/513/513 
f 511/511/511 513/513/513 528/528/528 
f 529/529/529 530/530/530 531/531/531 
f 532/532/532 529/529/529 531/531/531 
f 530/530/530 529/529/529 533/533/533 
f 529/529/529 532/532/532 534/534/534 
f 535/535/535 530/530/530 533/533/533 
f 536/536/536 534/534/534 532/532/532 
f 530/530/530 535/535/535 537/537/537 
f 536/536/536 532/532/532 538/538/538 
f 535/535/535 539/539/539 537/537/537 
f 540/540/540 536/536/536 538/538/538 
f 539/539/539 535/535/535 541/541/541 
f 536/536/536 540/540/540 542/542/542 
f 543/543/543 539/539/539 541/541/541 
f 543/543/543 542/542/542 540/540/540 
f 539/539/539 543/543/543 544/544/544 
f 540/540/540 544/544/544 543/543/543 
f 545/545/545 546/546/546 547/547/547 
f 547/547/547 548/548/548 545/545/545 
f 547/547/547 546/546/546 549/549/549 
f 548/548/548 547/547/547 550/550/550 
f 546/546/546 551/551/551 549/549/549 
f 550/550/550 552/552/552 548/548/548 
f 551/551/551 546/546/546 553/553/553 
f 554/554/554 548/548/548 552/552/552 
f 555/555/555 551/551/551 553/553/553 
f 552/552/552 556/556/556 554/554/554 
f 551/551/551 555/555/555 557/557/557 
f 556/556/556 552/552/552 558/558/558 
f 555/555/555 559/559/559 557/557/557 
f 559/559/559 556/556/556 558/558/558 
f 559/559/559 555/555/555 560/560/560 
f 560/560/560 556/556/556 559/559/559 
f 561/561/561 562/562/562 563/563/563 
f 564/564/564 561/561/561 563/563/563 
f 562/562/562 561/561/561 565/565/565 
f 561/561/561 564/564/564 566/566/566 
f 567/567/567 562/562/562 565/565/565 
f 568/568/568 566/566/566 564/564/564 
f 562/562/562 567/567/567 569/569/569 
f 568/568/568 564/564/564 570/570/570 
f 567/567/567 571/571/571 569/569/569 
f 572/572/572 568/568/568 570/570/570 
f 571/571/571 567/567/567 573/573/573 
f 568/568/568 572/572/572 574/574/574 
f 575/575/575 571/571/571 573/573/573 
f 575/575/575 574/574/574 572/572/572 
f 571/571/571 575/575/575 576/576/576 
f 572/572/572 576/576/576 575/575/575 
f 577/577/577 578/578/578 579/579/579 
f 579/579/579 580/580/580 577/577/577 
f 579/579/579 578/578/578 581/581/581 
f 580/580/580 579/579/579 582/582/582 
f 578/578/578 583/583/583 581/581/581 
f 582/582/582 584/584/584 580/580/580 
f 583/583/583 578/578/578 585/585/585 
f 586/586/586 580/580/580 584/584/584 
f 587/587/587 583/583/583 585/585/585 
f 584/584/584 588/588/588 586/586/586 
f 583/583/583 587/587/587 589/589/589 
f 588/588/588 584/584/584 590/590/590 
f 587/587/587 591/591/591 589/589/589 
f 591/591/591 588/588/588 590/590/590 
f 591/591/591 587/587/587 592/592/592 
f 592/592/592 588/588/588 591/591/591 
f 593/593/593 594/594/594 595/595/595 
f 596/596/596 593/593/593 595/595/595 
f 594/594/594 593/593/593 597/597/597 
f 593/593/593 596/596/596 598/598/598 
f 599/599/599 594/594/594 597/597/597 
f 600/600/600 598/598/598 596/596/596 
f 599/599/599 597/597/597 601/601/601 
f 598/598/598 600/600/600 602/602/602 
f 603/603/603 599/599/599 601/601/601 
f 600/600/600 604/604/604 602/602/602 
f 599/599/599 603/603/603 605/605/605 
f 604/604/604 600/600/600 606/606/606 
f 607/607/607 605/605/605 603/603/603 
f 607/607/607 604/604/604 606/606/606 
f 605/605/605 607/607/607 608/608/608 
f 606/606/606 608/608/608 607/607/607 
f 609/609/609 610/610/610 611/611/611 
f 611/611/611 612/612/612 609/609/609 
f 611/611/611 610/610/610 613/613/613 
f 612/612/612 611/611/611 614/614/614 
f 610/610/610 615/615/615 613/613/613 
f 614/614/614 616/616/616 612/612/612 
f 613/613/613 615/615/615 617/617/617 
f 616/616/616 614/614/614 618/618/618 
f 615/615/615 619/619/619 617/617/617 
f 620/620/620 616/616/616 618/618/618 
f 619/619/619 615/615/615 621/621/621 
f 616/616/616 620/620/620 622/622/622 
f 621/621/621 623/623/623 619/619/619 
f 623/623/623 622/622/622 620/620/620 
f 623/623/623 621/621/621 624/624/624 
f 622/622/622 623/623/623 624/624/624 
f 625/625/625 626/626/626 627/627/627 
f 628/628/628 625/625/625 627/627/627 
f 626/626/626 625/625/625 629/629/629 
f 625/625/625 628/628/628 630/630/630 
f 631/631/631 626/626/626 629/629/629 
f 632/632/632 630/630/630 628/628/628 
f 631/631/631 629/629/629 633/633/633 
f 630/630/630 632/632/632 634/634/634 
f 635/635/635 631/631/631 633/633/633 
f 632/632/632 636/636/636 634/634/634 
f 631/631/631 635/635/635 637/637/637 
f 636/636/636 632/632/632 638/638/638 
f 639/639/639 637/637/637 635/635/635 
f 639/639/639 636/636/636 638/638/638 
f 637/637/637 639/639/639 640/640/640 
f 638/638/638 640/640/640 639/639/639 
f 641/641/641 642/642/642 643/643/643 
f 643/643/643 644/644/644 641/641/641 
f 643/643/643 642/642/642 645/645/645 
f 644/644/644 643/643/643 646/646/646 
f 642/642/642 647/647/647 645/645/645 
f 646/646/646 648/648/648 644/644/644 
f 645/645/645 647/647/647 649/649/649 
f 648/648/648 646/646/646 650/650/650 
f 647/647/647 651/651/651 649/649/649 
f 652/652/652 648/648/648 650/650/650 
f 651/651/651 647/647/647 653/653/653 
f 648/648/648 652/652/652 654/654/654 
f 653/653/653 655/655/655 651/651/651 
f 655/655/655 654/654/654 652/652/652 
f 655/655/655 653/653/653 656/656/656 
f 654/654/654 655/655/655 656/656/656 
f 657/657/657 658/658/658 659/659/659 
f 658/658/658 660/660/660 659/659/659 
f 661/661/661 658/658/658 657/657/657 
f 660/660/660 658/658/658 662/662/662 
f 657/657/657 663/663/663 661/661/661 
f 662/662/662 664/664/664 660/660/660 
f 663/663/663 657/657/657 665/665/665 
f 666/666/666 660/660/660 664/664/664 
f 667/667/667 663/663/663 665/665/665 
f 664/664/664 668/668/668 666/666/666 
f 663/663/663 667/667/667 669/669/669 
f 668/668/668 664/664/664 670/670/670 
f 667/667/667 671/671/671 669/669/669 
f 670/670/670 671/671/671 668/668/668 
f 671/671/671 667/667/667 672/672/672 
f 668/668/668 671/671/671 672/672/672 
f 673/673/673 674/674/674 675/675/675 
f 676/676/676 675/675/675 674/674/674 
f 675/675/675 677/677/677 673/673/673 
f 675/675/675 676/676/676 678/678/678 
f 679/679/679 673/673/673 677/677/677 
f 676/676/676 680/680/680 678/678/678 
f 673/673/673 679/679/679 681/681/681 
f 680/680/680 676/676/676 682/682/682 
f 679/679/679 683/683/683 681/681/681 
f 684/684/684 680/680/680 682/682/682 
f 679/679/679 685/685/685 683/683/683 
f 680/680/680 684/684/684 686/686/686 
f 687/687/687 683/683/683 685/685/685 
f 684/684/684 687/687/687 686/686/686 
f 683/683/683 687/687/687 688/688/688 
f 687/687/687 684/684/684 688/688/688 
f 689/689/689 690/690/690 691/691/691 
f 690/690/690 692/692/692 691/691/691 
f 693/693/693 690/690/690 689/689/689 
f 692/692/692 690/690/690 694/694/694 
f 689/689/689 695/695/695 693/693/693 
f 694/694/694 696/696/696 692/692/692 
f 695/695/695 689/689/689 697/697/697 
f 698/698/698 692/692/692 696/696/696 
f 699/699/699 695/695/695 697/697/697 
f 696/696/696 700/700/700 698/698/698 
f 695/695/695 699/699/699 701/701/701 
f 700/700/700 696/696/696 702/702/702 
f 699/699/699 703/703/703 701/701/701 
f 702/702/702 703/703/703 700/700/700 
f 703/703/703 699/699/699 704/704/704 
f 700/700/700 703/703/703 704/704/704 
f 705/705/705 706/706/706 707/707/707 
f 708/708/708 707/707/707 706/706/706 
f 707/707/707 709/709/709 705/705/705 
f 707/707/707 708/708/708 710/710/710 
f 711/711/711 705/705/705 709/709/709 
f 708/708/708 712/712/712 710/710/710 
f 705/705/705 711/711/711 713/713/713 
f 712/712/712 708/708/708 714/714/714 
f 711/711/711 715/715/715 713/713/713 
f 716/716/716 712/712/712 714/714/714 
f 711/711/711 717/717/717 715/715/715 
f 712/712/712 716/716/716 718/718/718 
f 719/719/719 715/715/715 717/717/717 
f 716/716/716 719/719/719 718/718/718 
f 715/715/715 719/719/719 720/720/720 
f 719/719/719 716/716/716 720/720/720 
f 721/721/721 722/722/722 723/723/723 
f 722/722/722 721/721/721 724/724/724 
f 725/725/725 723/723/723 722/722/722 
f 721/721/721 726/726/726 724/724/724 
f 723/723/723 725/725/725 727/727/727 
f 726/726/726 721/721/721 728/728/728 
f 725/725/725 729/729/729 727/727/727 
f 728/728/728 730/730/730 726/726/726 
f 729/729/729 725/725/725 731/731/731 
f 730/730/730 728/728/728 732/732/732 
f 731/731/731 733/733/733 729/729/729 
f 734/734/734 730/730/730 732/732/732 
f 733/733/733 731/731/731 735/735/735 
f 736/736/736 730/730/730 734/734/734 
f 733/733/733 736/736/736 734/734/734 
f 735/735/735 736/736/736 733/733/733 
f 737/737/737 738/738/738 739/739/739 
f 739/739/739 740/740/740 737/737/737 
f 738/738/738 741/741/741 739/739/739 
f 742/742/742 737/737/737 740/740/740 
f 741/741/741 738/738/738 743/743/743 
f 737/737/737 742/742/742 744/744/744 
f 745/745/745 741/741/741 743/743/743 
f 746/746/746 744/744/744 742/742/742 
f 741/741/741 745/745/745 747/747/747 
f 744/744/744 746/746/746 748/748/748 
f 749/749/749 747/747/747 745/745/745 
f 746/746/746 750/750/750 748/748/748 
f 747/747/747 749/749/749 751/751/751 
f 746/746/746 752/752/752 750/750/750 
f 749/749/749 752/752/752 751/751/751 
f 752/752/752 749/749/749 750/750/750 
f 753/753/753 754/754/754 755/755/755 
f 754/754/754 753/753/753 756/756/756 
f 757/757/757 755/755/755 754/754/754 
f 753/753/753 758/758/758 756/756/756 
f 755/755/755 757/757/757 759/759/759 
f 758/758/758 753/753/753 760/760/760 
f 757/757/757 761/761/761 759/759/759 
f 760/760/760 762/762/762 758/758/758 
f 761/761/761 757/757/757 763/763/763 
f 762/762/762 760/760/760 764/764/764 
f 763/763/763 765/765/765 761/761/761 
f 766/766/766 762/762/762 764/764/764 
f 765/765/765 763/763/763 767/767/767 
f 768/768/768 762/762/762 766/766/766 
f 765/765/765 768/768/768 766/766/766 
f 767/767/767 768/768/768 765/765/765 
f 769/769/769 770/770/770 771/771/771 
f 771/771/771 772/772/772 769/769/769 
f 770/770/770 773/773/773 771/771/771 
f 774/774/774 769/769/769 772/772/772 
f 773/773/773 770/770/770 775/775/775 
f 769/769/769 774/774/774 776/776/776 
f 777/777/777 773/773/773 775/775/775 
f 778/778/778 776/776/776 774/774/774 
f 773/773/773 777/777/777 779/779/779 
f 776/776/776 778/778/778 780/780/780 
f 781/781/781 779/779/779 777/777/777 
f 778/778/778 782/782/782 780/780/780 
f 779/779/779 781/781/781 783/783/783 
f 778/778/778 784/784/784 782/782/782 
f 781/781/781 784/784/784 783/783/783 
f 784/784/784 781/781/781 782/782/782 
f 785/785/785 786/786/786 787/787/787 
f 786/786/786 788/788/788 787/787/787 
f 786/786/786 785/785/785 789/789/789 
f 788/788/788 786/786/786 790/790/790 
f 785/785/785 791/791/791 789/789/789 
f 792/792/792 788/788/788 790/790/790 
f 791/791/791 785/785/785 793/793/793 
f 788/788/788 792/792/792 794/794/794 
f 795/795/795 791/791/791 793/793/793 
f 796/796/796 794/794/794 792/792/792 
f 791/791/791 795/795/795 797/797/797 
f 798/798/798 796/796/796 792/792/792 
f 799/799/799 797/797/797 795/795/795 
f 799/799/799 796/796/796 798/798/798 
f 799/799/799 795/795/795 800/800/800 
f 796/796/796 799/799/799 800/800/800 
f 801/801/801 802/802/802 803/803/803 
f 801/801/801 804/804/804 802/802/802 
f 803/803/803 805/805/805 801/801/801 
f 805/805/805 803/803/803 806/806/806 
f 805/805/805 806/806/806 807/807/807 
f 808/808/808 805/805/805 807/807/807 
f 806/806/806 809/809/809 807/807/807 
f 809/809/809 808/808/808 807/807/807 
f 809/809/809 806/806/806 810/810/810 
f 805/805/805 808/808/808 811/811/811 
f 805/805/805 811/811/811 801/801/801 
f 808/808/808 809/809/809 812/812/812 
f 801/801/801 811/811/811 813/813/813 
f 810/810/810 814/814/814 809/809/809 
f 814/814/814 812/812/812 809/809/809 
f 814/814/814 810/810/810 815/815/815 
f 812/812/812 814/814/814 816/816/816 
f 817/817/817 801/801/801 813/813/813 
f 818/818/818 814/814/814 815/815/815 
f 816/816/816 814/814/814 819/819/819 
f 814/814/814 818/818/818 820/820/820 
f 819/819/819 814/814/814 820/820/820 
f 821/821/821 820/820/820 818/818/818 
f 819/819/819 820/820/820 822/822/822 
f 821/821/821 823/823/823 820/820/820 
f 823/823/823 822/822/822 820/820/820 
f 821/821/821 824/824/824 823/823/823 
f 824/824/824 822/822/822 823/823/823 
f 822/822/822 824/824/824 817/817/817 
f 824/824/824 821/821/821 804/804/804 
f 801/801/801 817/817/817 824/824/824 
f 804/804/804 801/801/801 824/824/824 
f 825/825/825 826/826/826 827/827/827 
f 828/828/828 825/825/825 827/827/827 
f 826/826/826 825/825/825 829/829/829 
f 828/828/828 830/830/830 825/825/825 
f 831/831/831 826/826/826 829/829/829 
f 828/828/828 832/832/832 830/830/830 
f 826/826/826 831/831/831 833/833/833 
f 832/832/832 828/828/828 834/834/834 
f 831/831/831 835/835/835 833/833/833 
f 832/832/832 834/834/834 836/836/836 
f 835/835/835 831/831/831 837/837/837 
f 838/838/838 832/832/832 836/836/836 
f 839/839/839 835/835/835 837/837/837 
f 836/836/836 839/839/839 838/838/838 
f 840/840/840 835/835/835 839/839/839 
f 839/839/839 836/836/836 840/840/840 
f 841/841/841 842/842/842 843/843/843 
f 842/842/842 841/841/841 844/844/844 
f 843/843/843 845/845/845 841/841/841 
f 846/846/846 842/842/842 844/844/844 
f 845/845/845 843/843/843 847/847/847 
f 848/848/848 846/846/846 844/844/844 
f 845/845/845 847/847/847 849/849/849 
f 850/850/850 846/846/846 848/848/848 
f 847/847/847 851/851/851 849/849/849 
f 852/852/852 850/850/850 848/848/848 
f 849/849/849 851/851/851 853/853/853 
f 854/854/854 850/850/850 852/852/852 
f 851/851/851 855/855/855 853/853/853 
f 856/856/856 854/854/854 852/852/852 
f 855/855/855 854/854/854 856/856/856 
f 853/853/853 855/855/855 856/856/856 
f 857/857/857 858/858/858 859/859/859 
f 859/859/859 858/858/858 860/860/860 
f 857/857/857 859/859/859 861/861/861 
f 858/858/858 862/862/862 860/860/860 
f 857/857/857 861/861/861 863/863/863 
f 860/860/860 862/862/862 864/864/864 
f 863/863/863 861/861/861 865/865/865 
f 866/866/866 864/864/864 862/862/862 
f 863/863/863 865/865/865 867/867/867 
f 866/866/866 868/868/868 864/864/864 
f 867/867/867 865/865/865 869/869/869 
f 870/870/870 868/868/868 866/866/866 
f 867/867/867 869/869/869 871/871/871 
f 870/870/870 872/872/872 868/868/868 
f 871/871/871 869/869/869 872/872/872 
f 871/871/871 872/872/872 870/870/870 
f 873/873/873 874/874/874 875/875/875 
f 873/873/873 875/875/875 876/876/876 
f 877/877/877 874/874/874 873/873/873 
f 878/878/878 876/876/876 875/875/875 
f 877/877/877 879/879/879 874/874/874 
f 880/880/880 876/876/876 878/878/878 
f 877/877/877 881/881/881 879/879/879 
f 878/878/878 882/882/882 880/880/880 
f 881/881/881 877/877/877 883/883/883 
f 882/882/882 878/878/878 884/884/884 
f 883/883/883 885/885/885 881/881/881 
f 886/886/886 882/882/882 884/884/884 
f 881/881/881 885/885/885 887/887/887 
f 882/882/882 886/886/886 888/888/888 
f 885/885/885 888/888/888 887/887/887 
f 887/887/887 888/888/888 886/886/886 
f 889/889/889 801/801/801 890/890/890 
f 801/801/801 891/891/891 890/890/890 
f 801/801/801 889/889/889 892/892/892 
f 892/892/892 889/889/889 893/893/893 
f 894/894/894 893/893/893 889/889/889 
f 895/895/895 801/801/801 892/892/892 
f 895/895/895 892/892/892 893/893/893 
f 801/801/801 895/895/895 896/896/896 
f 801/801/801 896/896/896 897/897/897 
f 895/895/895 893/893/893 898/898/898 
f 899/899/899 893/893/893 894/894/894 
f 893/893/893 900/900/900 898/898/898 
f 893/893/893 899/899/899 901/901/901 
f 900/900/900 893/893/893 901/901/901 
f 801/801/801 897/897/897 902/902/902 
f 891/891/891 801/801/801 902/902/902 
f 897/897/897 903/903/903 902/902/902 
f 903/903/903 891/891/891 902/902/902 
f 903/903/903 897/897/897 904/904/904 
f 891/891/891 903/903/903 905/905/905 
f 903/903/903 904/904/904 906/906/906 
f 903/903/903 907/907/907 905/905/905 
f 906/906/906 908/908/908 903/903/903 
f 907/907/907 903/903/903 908/908/908 
f 906/906/906 814/814/814 908/908/908 
f 814/814/814 907/907/907 908/908/908 
f 814/814/814 906/906/906 909/909/909 
f 814/814/814 909/909/909 900/900/900 
f 900/900/900 901/901/901 814/814/814 
f 901/901/901 899/899/899 814/814/814 
f 907/907/907 814/814/814 910/910/910 
f 814/814/814 899/899/899 910/910/910 
f 911/911/911 912/912/912 913/913/913 
f 914/914/914 911/911/911 913/913/913 
f 912/912/912 911/911/911 915/915/915 
f 911/911/911 914/914/914 916/916/916 
f 915/915/915 917/917/917 912/912/912 
f 914/914/914 918/918/918 916/916/916 
f 912/912/912 917/917/917 919/919/919 
f 918/918/918 914/914/914 920/920/920 
f 917/917/917 921/921/921 919/919/919 
f 918/918/918 920/920/920 922/922/922 
f 921/921/921 917/917/917 923/923/923 
f 918/918/918 922/922/922 924/924/924 
f 921/921/921 923/923/923 925/925/925 
f 922/922/922 925/925/925 924/924/924 
f 926/926/926 921/921/921 925/925/925 
f 925/925/925 922/922/922 926/926/926 
f 927/927/927 801/801/801 928/928/928 
f 801/801/801 929/929/929 928/928/928 
f 801/801/801 927/927/927 930/930/930 
f 930/930/930 927/927/927 931/931/931 
f 932/932/932 931/931/931 927/927/927 
f 933/933/933 931/931/931 932/932/932 
f 934/934/934 930/930/930 931/931/931 
f 934/934/934 801/801/801 930/930/930 
f 934/934/934 931/931/931 935/935/935 
f 801/801/801 934/934/934 936/936/936 
f 931/931/931 937/937/937 935/935/935 
f 931/931/931 933/933/933 938/938/938 
f 937/937/937 931/931/931 938/938/938 
f 933/933/933 814/814/814 938/938/938 
f 814/814/814 937/937/937 938/938/938 
f 814/814/814 933/933/933 939/939/939 
f 814/814/814 940/940/940 937/937/937 
f 801/801/801 936/936/936 941/941/941 
f 942/942/942 814/814/814 939/939/939 
f 814/814/814 943/943/943 940/940/940 
f 814/814/814 942/942/942 944/944/944 
f 943/943/943 814/814/814 944/944/944 
f 942/942/942 945/945/945 944/944/944 
f 943/943/943 944/944/944 945/945/945 
f 945/945/945 942/942/942 946/946/946 
f 945/945/945 947/947/947 943/943/943 
f 945/945/945 941/941/941 947/947/947 
f 929/929/929 945/945/945 946/946/946 
f 941/941/941 945/945/945 948/948/948 
f 945/945/945 929/929/929 948/948/948 
f 941/941/941 948/948/948 801/801/801 
f 948/948/948 929/929/929 801/801/801 
f 949/949/949 950/950/950 951/951/951 
f 950/950/950 952/952/952 951/951/951 
f 950/950/950 949/949/949 953/953/953 
f 952/952/952 950/950/950 954/954/954 
f 949/949/949 955/955/955 953/953/953 
f 954/954/954 956/956/956 952/952/952 
f 955/955/955 949/949/949 957/957/957 
f 956/956/956 954/954/954 958/958/958 
f 957/957/957 959/959/959 955/955/955 
f 958/958/958 960/960/960 956/956/956 
f 959/959/959 957/957/957 961/961/961 
f 960/960/960 958/958/958 962/962/962 
f 963/963/963 959/959/959 961/961/961 
f 963/963/963 960/960/960 962/962/962 
f 959/959/959 963/963/963 964/964/964 
f 962/962/962 964/964/964 963/963/963 
f 965/965/965 966/966/966 967/967/967 
f 968/968/968 965/965/965 967/967/967 
f 966/966/966 965/965/965 969/969/969 
f 970/970/970 965/965/965 968/968/968 
f 969/969/969 971/971/971 966/966/966 
f 972/972/972 970/970/970 968/968/968 
f 966/966/966 971/971/971 973/973/973 
f 974/974/974 970/970/970 972/972/972 
f 975/975/975 973/973/973 971/971/971 
f 972/972/972 976/976/976 974/974/974 
f 973/973/973 975/975/975 977/977/977 
f 976/976/976 972/972/972 978/978/978 
f 979/979/979 977/977/977 975/975/975 
f 978/978/978 980/980/980 976/976/976 
f 977/977/977 979/979/979 980/980/980 
f 980/980/980 979/979/979 976/976/976 
f 981/981/981 982/982/982 983/983/983 
f 982/982/982 984/984/984 983/983/983 
f 981/981/981 985/985/985 982/982/982 
f 983/983/983 984/984/984 986/986/986 
f 985/985/985 981/981/981 987/987/987 
f 984/984/984 988/988/988 986/986/986 
f 989/989/989 985/985/985 987/987/987 
f 990/990/990 986/986/986 988/988/988 
f 985/985/985 989/989/989 991/991/991 
f 986/986/986 990/990/990 992/992/992 
f 989/989/989 993/993/993 991/991/991 
f 990/990/990 994/994/994 992/992/992 
f 993/993/993 989/989/989 995/995/995 
f 994/994/994 990/990/990 996/996/996 
f 995/995/995 996/996/996 993/993/993 
f 996/996/996 995/995/995 994/994/994 
f 997/997/997 998/998/998 999/999/999 
f 999/999/999 998/998/998 1000/1000/1000 
f 998/998/998 997/997/997 1001/1001/1001 
f 1002/1002/1002 999/999/999 1000/1000/1000 
f 1003/1003/1003 1001/1001/1001 997/997/997 
f 1004/1004/1004 1003/1003/1003 997/997/997 
f 1005/1005/1005 1001/1001/1001 1003/1003/1003 
f 1004/1004/1004 1005/1005/1005 1003/1003/1003 
f 1001/1001/1001 1005/1005/1005 1006/1006/1006 
f 1004/1004/1004 997/997/997 1007/1007/1007 
f 1007/1007/1007 997/997/997 999/999/999 
f 1005/1005/1005 1004/1004/1004 1008/1008/1008 
f 999/999/999 1009/1009/1009 1007/1007/1007 
f 1010/1010/1010 1006/1006/1006 1005/1005/1005 
f 1008/1008/1008 1010/1010/1010 1005/1005/1005 
f 1006/1006/1006 1010/1010/1010 1011/1011/1011 
f 1010/1010/1010 1008/1008/1008 1012/1012/1012 
f 999/999/999 1013/1013/1013 1009/1009/1009 
f 1011/1011/1011 1010/1010/1010 1014/1014/1014 
f 1015/1015/1015 1010/1010/1010 1012/1012/1012 
f 1014/1014/1014 1010/1010/1010 1016/1016/1016 
f 1010/1010/1010 1015/1015/1015 1016/1016/1016 
f 1016/1016/1016 1017/1017/1017 1014/1014/1014 
f 1016/1016/1016 1015/1015/1015 1018/1018/1018 
f 1017/1017/1017 1016/1016/1016 1019/1019/1019 
f 1016/1016/1016 1018/1018/1018 1019/1019/1019 
f 1020/1020/1020 1017/1017/1017 1019/1019/1019 
f 1018/1018/1018 1020/1020/1020 1019/1019/1019 
f 1020/1020/1020 1018/1018/1018 1013/1013/1013 
f 1017/1017/1017 1020/1020/1020 1002/1002/1002 
f 1013/1013/1013 999/999/999 1020/1020/1020 
f 999/999/999 1002/1002/1002 1020/1020/1020 
f 1021/1021/1021 1022/1022/1022 1023/1023/1023 
f 1024/1024/1024 1021/1021/1021 1023/1023/1023 
f 1022/1022/1022 1021/1021/1021 1025/1025/1025 
f 1021/1021/1021 1024/1024/1024 1026/1026/1026 
f 1025/1025/1025 1027/1027/1027 1022/1022/1022 
f 1028/1028/1028 1026/1026/1026 1024/1024/1024 
f 1027/1027/1027 1025/1025/1025 1029/1029/1029 
f 1026/1026/1026 1028/1028/1028 1030/1030/1030 
f 1029/1029/1029 1031/1031/1031 1027/1027/1027 
f 1032/1032/1032 1030/1030/1030 1028/1028/1028 
f 1031/1031/1031 1029/1029/1029 1033/1033/1033 
f 1030/1030/1030 1032/1032/1032 1034/1034/1034 
f 1035/1035/1035 1031/1031/1031 1033/1033/1033 
f 1035/1035/1035 1034/1034/1034 1032/1032/1032 
f 1033/1033/1033 1036/1036/1036 1035/1035/1035 
f 1034/1034/1034 1035/1035/1035 1036/1036/1036 
f 1037/1037/1037 1038/1038/1038 1039/1039/1039 
f 1039/1039/1039 1038/1038/1038 1040/1040/1040 
f 1041/1041/1041 1037/1037/1037 1039/1039/1039 
f 1038/1038/1038 1042/1042/1042 1040/1040/1040 
f 1037/1037/1037 1041/1041/1041 1043/1043/1043 
f 1042/1042/1042 1038/1038/1038 1044/1044/1044 
f 1045/1045/1045 1043/1043/1043 1041/1041/1041 
f 1044/1044/1044 1046/1046/1046 1042/1042/1042 
f 1043/1043/1043 1045/1045/1045 1047/1047/1047 
f 1046/1046/1046 1044/1044/1044 1048/1048/1048 
f 1045/1045/1045 1049/1049/1049 1047/1047/1047 
f 1048/1048/1048 1050/1050/1050 1046/1046/1046 
f 1049/1049/1049 1051/1051/1051 1047/1047/1047 
f 1050/1050/1050 1048/1048/1048 1052/1052/1052 
f 1049/1049/1049 1052/1052/1052 1051/1051/1051 
f 1052/1052/1052 1049/1049/1049 1050/1050/1050 
f 1053/1053/1053 1054/1054/1054 1055/1055/1055 
f 1056/1056/1056 1055/1055/1055 1054/1054/1054 
f 1054/1054/1054 1053/1053/1053 1057/1057/1057 
f 1056/1056/1056 1054/1054/1054 1058/1058/1058 
f 1059/1059/1059 1057/1057/1057 1053/1053/1053 
f 1060/1060/1060 1056/1056/1056 1058/1058/1058 
f 1057/1057/1057 1059/1059/1059 1061/1061/1061 
f 1060/1060/1060 1058/1058/1058 1062/1062/1062 
f 1063/1063/1063 1061/1061/1061 1059/1059/1059 
f 1062/1062/1062 1064/1064/1064 1060/1060/1060 
f 1061/1061/1061 1063/1063/1063 1065/1065/1065 
f 1064/1064/1064 1062/1062/1062 1066/1066/1066 
f 1067/1067/1067 1065/1065/1065 1063/1063/1063 
f 1068/1068/1068 1064/1064/1064 1066/1066/1066 
f 1065/1065/1065 1067/1067/1067 1068/1068/1068 
f 1064/1064/1064 1068/1068/1068 1067/1067/1067 
f 999/999/999 1069/1069/1069 1070/1070/1070 
f 999/999/999 1070/1070/1070 1071/1071/1071 
f 1069/1069/1069 999/999/999 1072/1072/1072 
f 1069/1069/1069 1072/1072/1072 1073/1073/1073 
f 1073/1073/1073 1074/1074/1074 1069/1069/1069 
f 999/999/999 1075/1075/1075 1072/1072/1072 
f 1075/1075/1075 1073/1073/1073 1072/1072/1072 
f 1075/1075/1075 999/999/999 1076/1076/1076 
f 1073/1073/1073 1075/1075/1075 1077/1077/1077 
f 1073/1073/1073 1078/1078/1078 1074/1074/1074 
f 1079/1079/1079 1073/1073/1073 1077/1077/1077 
f 1078/1078/1078 1073/1073/1073 1080/1080/1080 
f 1073/1073/1073 1079/1079/1079 1080/1080/1080 
f 1010/1010/1010 1078/1078/1078 1080/1080/1080 
f 1079/1079/1079 1010/1010/1010 1080/1080/1080 
f 1078/1078/1078 1010/1010/1010 1081/1081/1081 
f 1082/1082/1082 1010/1010/1010 1079/1079/1079 
f 1010/1010/1010 1083/1083/1083 1081/1081/1081 
f 1084/1084/1084 1010/1010/1010 1082/1082/1082 
f 1083/1083/1083 1010/1010/1010 1085/1085/1085 
f 1010/1010/1010 1084/1084/1084 1085/1085/1085 
f 1083/1083/1083 1085/1085/1085 1086/1086/1086 
f 1085/1085/1085 1084/1084/1084 1086/1086/1086 
f 1083/1083/1083 1086/1086/1086 1087/1087/1087 
f 1088/1088/1088 1086/1086/1086 1084/1084/1084 
f 1086/1086/1086 1071/1071/1071 1087/1087/1087 
f 1089/1089/1089 1086/1086/1086 1088/1088/1088 
f 1071/1071/1071 1086/1086/1086 1090/1090/1090 
f 1086/1086/1086 1089/1089/1089 1090/1090/1090 
f 1071/1071/1071 1090/1090/1090 999/999/999 
f 1090/1090/1090 1089/1089/1089 999/999/999 
f 1076/1076/1076 999/999/999 1089/1089/1089 
f 1091/1091/1091 999/999/999 1092/1092/1092 
f 1092/1092/1092 999/999/999 1093/1093/1093 
f 999/999/999 1091/1091/1091 1094/1094/1094 
f 1091/1091/1091 1095/1095/1095 1094/1094/1094 
f 1095/1095/1095 1091/1091/1091 1096/1096/1096 
f 1097/1097/1097 999/999/999 1094/1094/1094 
f 1097/1097/1097 1094/1094/1094 1095/1095/1095 
f 999/999/999 1097/1097/1097 1098/1098/1098 
f 1099/1099/1099 999/999/999 1098/1098/1098 
f 1095/1095/1095 1100/1100/1100 1097/1097/1097 
f 1101/1101/1101 1095/1095/1095 1096/1096/1096 
f 1095/1095/1095 1102/1102/1102 1100/1100/1100 
f 1095/1095/1095 1101/1101/1101 1103/1103/1103 
f 1102/1102/1102 1095/1095/1095 1103/1103/1103 
f 999/999/999 1099/1099/1099 1104/1104/1104 
f 1093/1093/1093 999/999/999 1104/1104/1104 
f 1099/1099/1099 1105/1105/1105 1104/1104/1104 
f 1105/1105/1105 1093/1093/1093 1104/1104/1104 
f 1105/1105/1105 1099/1099/1099 1106/1106/1106 
f 1093/1093/1093 1105/1105/1105 1107/1107/1107 
f 1108/1108/1108 1105/1105/1105 1106/1106/1106 
f 1107/1107/1107 1105/1105/1105 1109/1109/1109 
f 1108/1108/1108 1110/1110/1110 1105/1105/1105 
f 1110/1110/1110 1109/1109/1109 1105/1105/1105 
f 1108/1108/1108 1010/1010/1010 1110/1110/1110 
f 1010/1010/1010 1109/1109/1109 1110/1110/1110 
f 1010/1010/1010 1108/1108/1108 1111/1111/1111 
f 1010/1010/1010 1111/1111/1111 1102/1102/1102 
f 1102/1102/1102 1103/1103/1103 1010/1010/1010 
f 1103/1103/1103 1101/1101/1101 1010/1010/1010 
f 1109/1109/1109 1010/1010/1010 1112/1112/1112 
f 1112/1112/1112 1010/1010/1010 1101/1101/1101 
f 1113/1113/1113 801/801/801 1114/1114/1114 
f 801/801/801 1115/1115/1115 1114/1114/1114 
f 801/801/801 1113/1113/1113 1116/1116/1116 
f 1116/1116/1116 1113/1113/1113 1117/1117/1117 
f 1116/1116/1116 1117/1117/1117 1118/1118/1118 
f 1119/1119/1119 1116/1116/1116 1118/1118/1118 
f 1117/1117/1117 1120/1120/1120 1118/1118/1118 
f 1120/1120/1120 1119/1119/1119 1118/1118/1118 
f 1120/1120/1120 1117/1117/1117 1121/1121/1121 
f 1116/1116/1116 1119/1119/1119 1122/1122/1122 
f 1116/1116/1116 1122/1122/1122 801/801/801 
f 1119/1119/1119 1120/1120/1120 1123/1123/1123 
f 1124/1124/1124 801/801/801 1122/1122/1122 
f 1121/1121/1121 814/814/814 1120/1120/1120 
f 814/814/814 1123/1123/1123 1120/1120/1120 
f 814/814/814 1121/1121/1121 1125/1125/1125 
f 1123/1123/1123 814/814/814 1126/1126/1126 
f 1127/1127/1127 801/801/801 1124/1124/1124 
f 1128/1128/1128 814/814/814 1125/1125/1125 
f 1126/1126/1126 814/814/814 1129/1129/1129 
f 814/814/814 1128/1128/1128 1130/1130/1130 
f 1130/1130/1130 1129/1129/1129 814/814/814 
f 1131/1131/1131 1130/1130/1130 1128/1128/1128 
f 1129/1129/1129 1130/1130/1130 1132/1132/1132 
f 1131/1131/1131 1133/1133/1133 1130/1130/1130 
f 1133/1133/1133 1132/1132/1132 1130/1130/1130 
f 1131/1131/1131 1134/1134/1134 1133/1133/1133 
f 1134/1134/1134 1132/1132/1132 1133/1133/1133 
f 1132/1132/1132 1134/1134/1134 1127/1127/1127 
f 1134/1134/1134 1131/1131/1131 1115/1115/1115 
f 801/801/801 1127/1127/1127 1134/1134/1134 
f 1115/1115/1115 801/801/801 1134/1134/1134 
f 999/999/999 1135/1135/1135 1136/1136/1136 
f 1137/1137/1137 999/999/999 1136/1136/1136 
f 1135/1135/1135 999/999/999 1138/1138/1138 
f 1135/1135/1135 1138/1138/1138 1139/1139/1139 
f 1140/1140/1140 1139/1139/1139 1138/1138/1138 
f 1141/1141/1141 1140/1140/1140 1138/1138/1138 
f 1142/1142/1142 1139/1139/1139 1140/1140/1140 
f 1141/1141/1141 1142/1142/1142 1140/1140/1140 
f 1139/1139/1139 1142/1142/1142 1143/1143/1143 
f 1141/1141/1141 1138/1138/1138 1144/1144/1144 
f 999/999/999 1144/1144/1144 1138/1138/1138 
f 1142/1142/1142 1141/1141/1141 1145/1145/1145 
f 999/999/999 1146/1146/1146 1144/1144/1144 
f 1010/1010/1010 1143/1143/1143 1142/1142/1142 
f 1145/1145/1145 1010/1010/1010 1142/1142/1142 
f 1143/1143/1143 1010/1010/1010 1147/1147/1147 
f 1010/1010/1010 1145/1145/1145 1148/1148/1148 
f 999/999/999 1149/1149/1149 1146/1146/1146 
f 1010/1010/1010 1150/1150/1150 1147/1147/1147 
f 1010/1010/1010 1148/1148/1148 1151/1151/1151 
f 1150/1150/1150 1010/1010/1010 1152/1152/1152 
f 1010/1010/1010 1151/1151/1151 1152/1152/1152 
f 1152/1152/1152 1153/1153/1153 1150/1150/1150 
f 1152/1152/1152 1151/1151/1151 1154/1154/1154 
f 1153/1153/1153 1152/1152/1152 1155/1155/1155 
f 1152/1152/1152 1154/1154/1154 1155/1155/1155 
f 1156/1156/1156 1153/1153/1153 1155/1155/1155 
f 1154/1154/1154 1156/1156/1156 1155/1155/1155 
f 1156/1156/1156 1154/1154/1154 1149/1149/1149 
f 1153/1153/1153 1156/1156/1156 1137/1137/1137 
f 1149/1149/1149 999/999/999 1156/1156/1156 
f 999/999/999 1137/1137/1137 1156/1156/1156 
f 1157/1157/1157 1158/1158/1158 1159/1159/1159 
f 1159/1159/1159 1158/1158/1158 1160/1160/1160 
f 1158/1158/1158 1157/1157/1157 1161/1161/1161 
f 1158/1158/1158 1162/1162/1162 1160/1160/1160 
f 1157/1157/1157 1163/1163/1163 1161/1161/1161 
f 1164/1164/1164 1160/1160/1160 1162/1162/1162 
f 1163/1163/1163 1157/1157/1157 1165/1165/1165 
f 1160/1160/1160 1164/1164/1164 1166/1166/1166 
f 1167/1167/1167 1163/1163/1163 1165/1165/1165 
f 1168/1168/1168 1166/1166/1166 1164/1164/1164 
f 1163/1163/1163 1167/1167/1167 1169/1169/1169 
f 1168/1168/1168 1164/1164/1164 1170/1170/1170 
f 1167/1167/1167 1171/1171/1171 1169/1169/1169 
f 1171/1171/1171 1168/1168/1168 1170/1170/1170 
f 1171/1171/1171 1167/1167/1167 1172/1172/1172 
f 1168/1168/1168 1171/1171/1171 1172/1172/1172 
f 1173/1173/1173 1174/1174/1174 1175/1175/1175 
f 1174/1174/1174 1176/1176/1176 1175/1175/1175 
f 1174/1174/1174 1173/1173/1173 1177/1177/1177 
f 1176/1176/1176 1174/1174/1174 1178/1178/1178 
f 1179/1179/1179 1177/1177/1177 1173/1173/1173 
f 1180/1180/1180 1176/1176/1176 1178/1178/1178 
f 1173/1173/1173 1181/1181/1181 1179/1179/1179 
f 1176/1176/1176 1180/1180/1180 1182/1182/1182 
f 1183/1183/1183 1179/1179/1179 1181/1181/1181 
f 1184/1184/1184 1182/1182/1182 1180/1180/1180 
f 1179/1179/1179 1183/1183/1183 1185/1185/1185 
f 1184/1184/1184 1180/1180/1180 1186/1186/1186 
f 1183/1183/1183 1187/1187/1187 1185/1185/1185 
f 1187/1187/1187 1184/1184/1184 1186/1186/1186 
f 1183/1183/1183 1188/1188/1188 1187/1187/1187 
f 1184/1184/1184 1187/1187/1187 1188/1188/1188 
f 1189/1189/1189 1190/1190/1190 1191/1191/1191 
f 1192/1192/1192 1189/1189/1189 1191/1191/1191 
f 1190/1190/1190 1189/1189/1189 1193/1193/1193 
f 1194/1194/1194 1189/1189/1189 1192/1192/1192 
f 1193/1193/1193 1195/1195/1195 1190/1190/1190 
f 1192/1192/1192 1196/1196/1196 1194/1194/1194 
f 1190/1190/1190 1195/1195/1195 1197/1197/1197 
f 1196/1196/1196 1192/1192/1192 1198/1198/1198 
f 1195/1195/1195 1199/1199/1199 1197/1197/1197 
f 1200/1200/1200 1196/1196/1196 1198/1198/1198 
f 1199/1199/1199 1195/1195/1195 1201/1201/1201 
f 1202/1202/1202 1196/1196/1196 1200/1200/1200 
f 1203/1203/1203 1199/1199/1199 1201/1201/1201 
f 1200/1200/1200 1203/1203/1203 1202/1202/1202 
f 1204/1204/1204 1199/1199/1199 1203/1203/1203 
f 1203/1203/1203 1200/1200/1200 1204/1204/1204 
f 1205/1205/1205 1206/1206/1206 1207/1207/1207 
f 1206/1206/1206 1208/1208/1208 1207/1207/1207 
f 1206/1206/1206 1205/1205/1205 1209/1209/1209 
f 1208/1208/1208 1206/1206/1206 1210/1210/1210 
f 1211/1211/1211 1209/1209/1209 1205/1205/1205 
f 1212/1212/1212 1208/1208/1208 1210/1210/1210 
f 1205/1205/1205 1213/1213/1213 1211/1211/1211 
f 1208/1208/1208 1212/1212/1212 1214/1214/1214 
f 1215/1215/1215 1211/1211/1211 1213/1213/1213 
f 1216/1216/1216 1214/1214/1214 1212/1212/1212 
f 1211/1211/1211 1215/1215/1215 1217/1217/1217 
f 1216/1216/1216 1212/1212/1212 1218/1218/1218 
f 1215/1215/1215 1219/1219/1219 1217/1217/1217 
f 1219/1219/1219 1216/1216/1216 1218/1218/1218 
f 1215/1215/1215 1220/1220/1220 1219/1219/1219 
f 1216/1216/1216 1219/1219/1219 1220/1220/1220 
f 1221/1221/1221 1222/1222/1222 1223/1223/1223 
f 1224/1224/1224 1221/1221/1221 1223/1223/1223 
f 1222/1222/1222 1221/1221/1221 1225/1225/1225 
f 1226/1226/1226 1221/1221/1221 1224/1224/1224 
f 1225/1225/1225 1227/1227/1227 1222/1222/1222 
f 1224/1224/1224 1228/1228/1228 1226/1226/1226 
f 1222/1222/1222 1227/1227/1227 1229/1229/1229 
f 1228/1228/1228 1224/1224/1224 1230/1230/1230 
f 1227/1227/1227 1231/1231/1231 1229/1229/1229 
f 1232/1232/1232 1228/1228/1228 1230/1230/1230 
f 1231/1231/1231 1227/1227/1227 1233/1233/1233 
f 1234/1234/1234 1228/1228/1228 1232/1232/1232 
f 1235/1235/1235 1231/1231/1231 1233/1233/1233 
f 1232/1232/1232 1235/1235/1235 1234/1234/1234 
f 1236/1236/1236 1231/1231/1231 1235/1235/1235 
f 1235/1235/1235 1232/1232/1232 1236/1236/1236 
f 1237/1237/1237 1238/1238/1238 1239/1239/1239 
f 1237/1237/1237 1239/1239/1239 1240/1240/1240 
f 1241/1241/1241 1239/1239/1239 1238/1238/1238 
f 1242/1242/1242 1237/1237/1237 1240/1240/1240 
f 1238/1238/1238 1243/1243/1243 1241/1241/1241 
f 1237/1237/1237 1242/1242/1242 1244/1244/1244 
f 1245/1245/1245 1241/1241/1241 1243/1243/1243 
f 1246/1246/1246 1244/1244/1244 1242/1242/1242 
f 1241/1241/1241 1245/1245/1245 1247/1247/1247 
f 1244/1244/1244 1246/1246/1246 1248/1248/1248 
f 1249/1249/1249 1247/1247/1247 1245/1245/1245 
f 1246/1246/1246 1250/1250/1250 1248/1248/1248 
f 1247/1247/1247 1249/1249/1249 1251/1251/1251 
f 1250/1250/1250 1246/1246/1246 1252/1252/1252 
f 1252/1252/1252 1251/1251/1251 1249/1249/1249 
f 1252/1252/1252 1249/1249/1249 1250/1250/1250 
f 1253/1253/1253 1254/1254/1254 1255/1255/1255 
f 1254/1254/1254 1253/1253/1253 1256/1256/1256 
f 1257/1257/1257 1255/1255/1255 1254/1254/1254 
f 1253/1253/1253 1258/1258/1258 1256/1256/1256 
f 1259/1259/1259 1255/1255/1255 1257/1257/1257 
f 1258/1258/1258 1253/1253/1253 1260/1260/1260 
f 1257/1257/1257 1261/1261/1261 1259/1259/1259 
f 1260/1260/1260 1262/1262/1262 1258/1258/1258 
f 1261/1261/1261 1257/1257/1257 1263/1263/1263 
f 1262/1262/1262 1260/1260/1260 1264/1264/1264 
f 1263/1263/1263 1265/1265/1265 1261/1261/1261 
f 1266/1266/1266 1262/1262/1262 1264/1264/1264 
f 1265/1265/1265 1263/1263/1263 1267/1267/1267 
f 1268/1268/1268 1262/1262/1262 1266/1266/1266 
f 1266/1266/1266 1265/1265/1265 1268/1268/1268 
f 1268/1268/1268 1265/1265/1265 1267/1267/1267 
f 1269/1269/1269 1270/1270/1270 1271/1271/1271 
f 1269/1269/1269 1271/1271/1271 1272/1272/1272 
f 1273/1273/1273 1271/1271/1271 1270/1270/1270 
f 1274/1274/1274 1269/1269/1269 1272/1272/1272 
f 1270/1270/1270 1275/1275/1275 1273/1273/1273 
f 1269/1269/1269 1274/1274/1274 1276/1276/1276 
f 1277/1277/1277 1273/1273/1273 1275/1275/1275 
f 1278/1278/1278 1276/1276/1276 1274/1274/1274 
f 1273/1273/1273 1277/1277/1277 1279/1279/1279 
f 1276/1276/1276 1278/1278/1278 1280/1280/1280 
f 1281/1281/1281 1279/1279/1279 1277/1277/1277 
f 1278/1278/1278 1282/1282/1282 1280/1280/1280 
f 1279/1279/1279 1281/1281/1281 1283/1283/1283 
f 1282/1282/1282 1278/1278/1278 1284/1284/1284 
f 1284/1284/1284 1283/1283/1283 1281/1281/1281 
f 1284/1284/1284 1281/1281/1281 1282/1282/1282 
f 1285/1285/1285 1286/1286/1286 1287/1287/1287 
f 1286/1286/1286 1285/1285/1285 1288/1288/1288 
f 1289/1289/1289 1287/1287/1287 1286/1286/1286 
f 1285/1285/1285 1290/1290/1290 1288/1288/1288 
f 1291/1291/1291 1287/1287/1287 1289/1289/1289 
f 1290/1290/1290 1285/1285/1285 1292/1292/1292 
f 1289/1289/1289 1293/1293/1293 1291/1291/1291 
f 1292/1292/1292 1294/1294/1294 1290/1290/1290 
f 1293/1293/1293 1289/1289/1289 1295/1295/1295 
f 1294/1294/1294 1292/1292/1292 1296/1296/1296 
f 1295/1295/1295 1297/1297/1297 1293/1293/1293 
f 1298/1298/1298 1294/1294/1294 1296/1296/1296 
f 1297/1297/1297 1295/1295/1295 1299/1299/1299 
f 1300/1300/1300 1294/1294/1294 1298/1298/1298 
f 1298/1298/1298 1297/1297/1297 1300/1300/1300 
f 1300/1300/1300 1297/1297/1297 1299/1299/1299 
f 1301/1301/1301 1302/1302/1302 1303/1303/1303 
f 1303/1303/1303 1304/1304/1304 1301/1301/1301 
f 1302/1302/1302 1301/1301/1301 1305/1305/1305 
f 1301/1301/1301 1304/1304/1304 1306/1306/1306 
f 1305/1305/1305 1307/1307/1307 1302/1302/1302 
f 1304/1304/1304 1308/1308/1308 1306/1306/1306 
f 1302/1302/1302 1307/1307/1307 1309/1309/1309 
f 1308/1308/1308 1304/1304/1304 1310/1310/1310 
f 1307/1307/1307 1311/1311/1311 1309/1309/1309 
f 1312/1312/1312 1308/1308/1308 1310/1310/1310 
f 1311/1311/1311 1307/1307/1307 1313/1313/1313 
f 1314/1314/1314 1308/1308/1308 1312/1312/1312 
f 1313/1313/1313 1315/1315/1315 1311/1311/1311 
f 1312/1312/1312 1315/1315/1315 1314/1314/1314 
f 1311/1311/1311 1315/1315/1315 1316/1316/1316 
f 1315/1315/1315 1312/1312/1312 1316/1316/1316 
f 1317/1317/1317 1318/1318/1318 1319/1319/1319 
f 1318/1318/1318 1320/1320/1320 1319/1319/1319 
f 1318/1318/1318 1317/1317/1317 1321/1321/1321 
f 1318/1318/1318 1322/1322/1322 1320/1320/1320 
f 1323/1323/1323 1321/1321/1321 1317/1317/1317 
f 1324/1324/1324 1320/1320/1320 1322/1322/1322 
f 1323/1323/1323 1317/1317/1317 1325/1325/1325 
f 1320/1320/1320 1324/1324/1324 1326/1326/1326 
f 1327/1327/1327 1323/1323/1323 1325/1325/1325 
f 1324/1324/1324 1328/1328/1328 1326/1326/1326 
f 1323/1323/1323 1327/1327/1327 1329/1329/1329 
f 1328/1328/1328 1324/1324/1324 1330/1330/1330 
f 1331/1331/1331 1329/1329/1329 1327/1327/1327 
f 1331/1331/1331 1328/1328/1328 1330/1330/1330 
f 1327/1327/1327 1332/1332/1332 1331/1331/1331 
f 1328/1328/1328 1331/1331/1331 1332/1332/1332 
f 1333/1333/1333 1334/1334/1334 1335/1335/1335 
f 1335/1335/1335 1336/1336/1336 1333/1333/1333 
f 1334/1334/1334 1333/1333/1333 1337/1337/1337 
f 1333/1333/1333 1336/1336/1336 1338/1338/1338 
f 1337/1337/1337 1339/1339/1339 1334/1334/1334 
f 1336/1336/1336 1340/1340/1340 1338/1338/1338 
f 1334/1334/1334 1339/1339/1339 1341/1341/1341 
f 1340/1340/1340 1336/1336/1336 1342/1342/1342 
f 1339/1339/1339 1343/1343/1343 1341/1341/1341 
f 1344/1344/1344 1340/1340/1340 1342/1342/1342 
f 1343/1343/1343 1339/1339/1339 1345/1345/1345 
f 1346/1346/1346 1340/1340/1340 1344/1344/1344 
f 1345/1345/1345 1347/1347/1347 1343/1343/1343 
f 1344/1344/1344 1347/1347/1347 1346/1346/1346 
f 1343/1343/1343 1347/1347/1347 1348/1348/1348 
f 1347/1347/1347 1344/1344/1344 1348/1348/1348 
f 1349/1349/1349 1350/1350/1350 1351/1351/1351 
f 1350/1350/1350 1352/1352/1352 1351/1351/1351 
f 1350/1350/1350 1349/1349/1349 1353/1353/1353 
f 1350/1350/1350 1354/1354/1354 1352/1352/1352 
f 1355/1355/1355 1353/1353/1353 1349/1349/1349 
f 1356/1356/1356 1352/1352/1352 1354/1354/1354 
f 1355/1355/1355 1349/1349/1349 1357/1357/1357 
f 1352/1352/1352 1356/1356/1356 1358/1358/1358 
f 1359/1359/1359 1355/1355/1355 1357/1357/1357 
f 1356/1356/1356 1360/1360/1360 1358/1358/1358 
f 1355/1355/1355 1359/1359/1359 1361/1361/1361 
f 1360/1360/1360 1356/1356/1356 1362/1362/1362 
f 1363/1363/1363 1361/1361/1361 1359/1359/1359 
f 1363/1363/1363 1360/1360/1360 1362/1362/1362 
f 1359/1359/1359 1364/1364/1364 1363/1363/1363 
f 1360/1360/1360 1363/1363/1363 1364/1364/1364 
f 1365/1365/1365 1366/1366/1366 1367/1367/1367 
f 1367/1367/1367 1366/1366/1366 1368/1368/1368 
f 1367/1367/1367 1369/1369/1369 1365/1365/1365 
f 1366/1366/1366 1370/1370/1370 1368/1368/1368 
f 1365/1365/1365 1369/1369/1369 1371/1371/1371 
f 1370/1370/1370 1366/1366/1366 1372/1372/1372 
f 1369/1369/1369 1373/1373/1373 1371/1371/1371 
f 1372/1372/1372 1374/1374/1374 1370/1370/1370 
f 1373/1373/1373 1369/1369/1369 1375/1375/1375 
f 1374/1374/1374 1372/1372/1372 1376/1376/1376 
f 1375/1375/1375 1377/1377/1377 1373/1373/1373 
f 1376/1376/1376 1378/1378/1378 1374/1374/1374 
f 1377/1377/1377 1375/1375/1375 1379/1379/1379 
f 1374/1374/1374 1378/1378/1378 1380/1380/1380 
f 1377/1377/1377 1380/1380/1380 1378/1378/1378 
f 1380/1380/1380 1377/1377/1377 1379/1379/1379 
f 1381/1381/1381 1382/1382/1382 1383/1383/1383 
f 1384/1384/1384 1383/1383/1383 1382/1382/1382 
f 1381/1381/1381 1383/1383/1383 1385/1385/1385 
f 1383/1383/1383 1384/1384/1384 1386/1386/1386 
f 1385/1385/1385 1387/1387/1387 1381/1381/1381 
f 1388/1388/1388 1386/1386/1386 1384/1384/1384 
f 1387/1387/1387 1385/1385/1385 1389/1389/1389 
f 1386/1386/1386 1388/1388/1388 1390/1390/1390 
f 1391/1391/1391 1387/1387/1387 1389/1389/1389 
f 1392/1392/1392 1390/1390/1390 1388/1388/1388 
f 1387/1387/1387 1391/1391/1391 1393/1393/1393 
f 1388/1388/1388 1394/1394/1394 1392/1392/1392 
f 1395/1395/1395 1393/1393/1393 1391/1391/1391 
f 1395/1395/1395 1392/1392/1392 1394/1394/1394 
f 1393/1393/1393 1395/1395/1395 1396/1396/1396 
f 1395/1395/1395 1394/1394/1394 1396/1396/1396 
f 1397/1397/1397 1398/1398/1398 1399/1399/1399 
f 1399/1399/1399 1398/1398/1398 1400/1400/1400 
f 1399/1399/1399 1401/1401/1401 1397/1397/1397 
f 1398/1398/1398 1402/1402/1402 1400/1400/1400 
f 1397/1397/1397 1401/1401/1401 1403/1403/1403 
f 1402/1402/1402 1398/1398/1398 1404/1404/1404 
f 1401/1401/1401 1405/1405/1405 1403/1403/1403 
f 1404/1404/1404 1406/1406/1406 1402/1402/1402 
f 1405/1405/1405 1401/1401/1401 1407/1407/1407 
f 1406/1406/1406 1404/1404/1404 1408/1408/1408 
f 1407/1407/1407 1409/1409/1409 1405/1405/1405 
f 1408/1408/1408 1410/1410/1410 1406/1406/1406 
f 1409/1409/1409 1407/1407/1407 1411/1411/1411 
f 1406/1406/1406 1410/1410/1410 1412/1412/1412 
f 1409/1409/1409 1412/1412/1412 1410/1410/1410 
f 1412/1412/1412 1409/1409/1409 1411/1411/1411 
f 1413/1413/1413 1414/1414/1414 1415/1415/1415 
f 1416/1416/1416 1415/1415/1415 1414/1414/1414 
f 1413/1413/1413 1415/1415/1415 1417/1417/1417 
f 1415/1415/1415 1416/1416/1416 1418/1418/1418 
f 1417/1417/1417 1419/1419/1419 1413/1413/1413 
f 1420/1420/1420 1418/1418/1418 1416/1416/1416 
f 1419/1419/1419 1417/1417/1417 1421/1421/1421 
f 1418/1418/1418 1420/1420/1420 1422/1422/1422 
f 1423/1423/1423 1419/1419/1419 1421/1421/1421 
f 1424/1424/1424 1422/1422/1422 1420/1420/1420 
f 1419/1419/1419 1423/1423/1423 1425/1425/1425 
f 1420/1420/1420 1426/1426/1426 1424/1424/1424 
f 1427/1427/1427 1425/1425/1425 1423/1423/1423 
f 1427/1427/1427 1424/1424/1424 1426/1426/1426 
f 1425/1425/1425 1427/1427/1427 1428/1428/1428 
f 1427/1427/1427 1426/1426/1426 1428/1428/1428 
f 1429/1429/1429 1430/1430/1430 1431/1431/1431 
f 1430/1430/1430 1429/1429/1429 1432/1432/1432 
f 1431/1431/1431 1433/1433/1433 1429/1429/1429 
f 1434/1434/1434 1430/1430/1430 1432/1432/1432 
f 1433/1433/1433 1431/1431/1431 1435/1435/1435 
f 1430/1430/1430 1434/1434/1434 1436/1436/1436 
f 1435/1435/1435 1437/1437/1437 1433/1433/1433 
f 1438/1438/1438 1436/1436/1436 1434/1434/1434 
f 1437/1437/1437 1435/1435/1435 1439/1439/1439 
f 1436/1436/1436 1438/1438/1438 1440/1440/1440 
f 1439/1439/1439 1441/1441/1441 1437/1437/1437 
f 1442/1442/1442 1440/1440/1440 1438/1438/1438 
f 1441/1441/1441 1439/1439/1439 1443/1443/1443 
f 1443/1443/1443 1442/1442/1442 1441/1441/1441 
f 1444/1444/1444 1440/1440/1440 1442/1442/1442 
f 1442/1442/1442 1443/1443/1443 1444/1444/1444 
f 1445/1445/1445 1446/1446/1446 1447/1447/1447 
f 1445/1445/1445 1447/1447/1447 1448/1448/1448 
f 1446/1446/1446 1445/1445/1445 1449/1449/1449 
f 1450/1450/1450 1445/1445/1445 1448/1448/1448 
f 1449/1449/1449 1451/1451/1451 1446/1446/1446 
f 1452/1452/1452 1450/1450/1450 1448/1448/1448 
f 1451/1451/1451 1449/1449/1449 1453/1453/1453 
f 1450/1450/1450 1452/1452/1452 1454/1454/1454 
f 1453/1453/1453 1455/1455/1455 1451/1451/1451 
f 1456/1456/1456 1454/1454/1454 1452/1452/1452 
f 1455/1455/1455 1453/1453/1453 1457/1457/1457 
f 1454/1454/1454 1456/1456/1456 1458/1458/1458 
f 1459/1459/1459 1455/1455/1455 1457/1457/1457 
f 1456/1456/1456 1459/1459/1459 1458/1458/1458 
f 1460/1460/1460 1455/1455/1455 1459/1459/1459 
f 1459/1459/1459 1456/1456/1456 1460/1460/1460 
f 1461/1461/1461 1462/1462/1462 1463/1463/1463 
f 1464/1464/1464 1463/1463/1463 1462/1462/1462 
f 1462/1462/1462 1461/1461/1461 1465/1465/1465 
f 1463/1463/1463 1464/1464/1464 1466/1466/1466 
f 1467/1467/1467 1465/1465/1465 1461/1461/1461 
f 1468/1468/1468 1466/1466/1466 1464/1464/1464 
f 1461/1461/1461 1469/1469/1469 1467/1467/1467 
f 1466/1466/1466 1468/1468/1468 1470/1470/1470 
f 1469/1469/1469 1471/1471/1471 1467/1467/1467 
f 1468/1468/1468 1472/1472/1472 1470/1470/1470 
f 1469/1469/1469 1473/1473/1473 1471/1471/1471 
f 1472/1472/1472 1468/1468/1468 1474/1474/1474 
f 1473/1473/1473 1475/1475/1475 1471/1471/1471 
f 1475/1475/1475 1472/1472/1472 1474/1474/1474 
f 1473/1473/1473 1476/1476/1476 1475/1475/1475 
f 1472/1472/1472 1475/1475/1475 1476/1476/1476 

g Part2

v -0.136636 0.0984106 -0.141821 
v -0.165456 0.110349 -0.141821 
v -0.148574 0.110349 -0.141821 
v -0.177394 0.0984106 -0.141821 
v -0.136636 0.0815286 -0.141821 
v -0.177394 0.0815286 -0.141821 
v -0.148574 0.0695906 -0.141821 
v -0.165456 0.0695906 -0.141821 
v -0.136636 0.0984106 0.134691 
v -0.165456 0.110349 0.134691 
v -0.177394 0.0984106 0.134691 
v -0.148574 0.110349 0.134691 
v -0.177394 0.0815286 0.134691 
v -0.136636 0.0815286 0.134691 
v -0.165456 0.0695906 0.134691 
v -0.148574 0.0695906 0.134691 
v -0.165456 0.0695906 -0.141821 
v -0.148574 0.0695906 -0.141821 
v -0.147008 0.0658106 -0.130095 
v -0.132856 0.0799626 -0.130095 
v -0.167022 0.0658106 -0.130095 
v -0.136636 0.0815286 -0.141821 
v -0.177394 0.0815286 -0.141821 
v -0.132856 0.0999766 -0.130095 
v -0.181175 0.0799626 -0.130095 
v -0.136636 0.0984106 -0.141821 
v -0.177394 0.0984106 -0.141821 
v -0.148574 0.110349 -0.141821 
v -0.181175 0.0999766 -0.130095 
v -0.147008 0.11413 -0.130095 
v -0.167022 0.11413 -0.130095 
v -0.165456 0.110349 -0.141821 
v -0.167022 0.0658106 0.122965 
v -0.147008 0.0658106 0.122965 
v -0.165456 0.0695906 0.134691 
v -0.148574 0.0695906 0.134691 
v -0.177394 0.0815286 0.134691 
v -0.132856 0.0799626 0.122965 
v -0.181175 0.0799626 0.122965 
v -0.136636 0.0815286 0.134691 
v -0.177394 0.0984106 0.134691 
v -0.132856 0.0999766 0.122965 
v -0.181175 0.0999766 0.122965 
v -0.136636 0.0984106 0.134691 
v -0.167022 0.11413 0.122965 
v -0.148574 0.110349 0.134691 
v -0.165456 0.110349 0.134691 
v -0.147008 0.11413 0.122965 
v -0.192722 0.10476 -0.118589 
v -0.201144 0.0716906 -0.111732 
v -0.201144 0.108249 -0.111732 
v -0.192722 0.0751796 -0.118589 
v -0.171806 0.125677 -0.118589 
v -0.171806 0.0542626 -0.118589 
v -0.175294 0.134099 -0.111732 
v -0.175294 0.0458416 -0.111732 
v -0.142225 0.125677 -0.118589 
v -0.142225 0.0542626 -0.118589 
v -0.138737 0.134099 -0.111732 
v -0.138737 0.0458416 -0.111732 
v -0.112887 0.108249 -0.111732 
v -0.112887 0.0716906 -0.111732 
v -0.121308 0.10476 -0.118589 
v -0.121308 0.0751796 -0.118589 
v -0.192722 0.10476 0.111459 
v -0.201144 0.0716906 0.104602 
v -0.192722 0.0751796 0.111459 
v -0.171806 0.0542626 0.111459 
v -0.201144 0.108249 0.104602 
v -0.175294 0.0458416 0.104602 
v -0.171806 0.125677 0.111459 
v -0.142225 0.0542626 0.111459 
v -0.175294 0.134099 0.104602 
v -0.138737 0.0458416 0.104602 
v -0.142225 0.125677 0.111459 
v -0.112887 0.0716906 0.104602 
v -0.138737 0.134099 0.104602 
v -0.121308 0.0751796 0.111459 
v -0.112887 0.108249 0.104602 
v -0.121308 0.10476 0.111459 
v -0.201144 0.108249 -0.111732 
v -0.175294 0.134099 -0.060177 
v -0.175294 0.134099 -0.111732 
v -0.138737 0.134099 -0.060177 
v -0.201144 0.108249 -0.060177 
v -0.138737 0.134099 -0.111732 
v -0.201144 0.0716906 -0.111732 
v -0.112887 0.108249 -0.060177 
v -0.201144 0.0716906 -0.060177 
v -0.112887 0.108249 -0.111732 
v -0.175294 0.0458416 -0.111732 
v -0.112887 0.0716906 -0.060177 
v -0.175294 0.0458416 -0.060177 
v -0.112887 0.0716906 -0.111732 
v -0.138737 0.0458416 -0.111732 
v -0.138737 0.0458416 -0.060177 
v -0.201144 0.108249 0.053047 
v -0.201144 0.108249 0.104602 
v -0.175294 0.134099 0.053047 
v -0.175294 0.134099 0.104602 
v -0.201144 0.0716906 0.104602 
v -0.138737 0.134099 0.053047 
v -0.201144 0.0716906 0.053047 
v -0.138737 0.134099 0.104602 
v -0.175294 0.0458416 0.104602 
v -0.112887 0.108249 0.053047 
v -0.175294 0.0458416 0.053047 
v -0.112887 0.108249 0.104602 
v -0.138737 0.0458416 0.104602 
v -0.112887 0.0716906 0.053047 
v -0.138737 0.0458416 0.053047 
v -0.112887 0.0716906 0.104602 

vn 0 0 -1 
vn 0 0 -1 
vn 0 0 -1 
vn 0 0 -1 
vn 0 0 -1 
vn 0 0 -1 
vn 0 0 -1 
vn 0 0 -1 
vn 0 0 1 
vn 0 0 1 
vn 0 0 1 
vn 0 0 1 
vn 0 0 1 
vn 0 0 1 
vn 0 0 1 
vn 0 0 1 
vn -0.362205 -0.874016 -0.330709 
vn 0.362205 -0.874016 -0.330709 
vn 0.362205 -0.874016 -0.330709 
vn 0.874016 -0.362205 -0.330709 
vn -0.362205 -0.874016 -0.330709 
vn 0.874016 -0.362205 -0.330709 
vn -0.874016 -0.362205 -0.330709 
vn 0.874016 0.362205 -0.330709 
vn -0.874016 -0.362205 -0.330709 
vn 0.874016 0.362205 -0.330709 
vn -0.874016 0.362205 -0.330709 
vn 0.362205 0.874016 -0.330709 
vn -0.874016 0.362205 -0.330709 
vn 0.362205 0.874016 -0.330709 
vn -0.362205 0.874016 -0.330709 
vn -0.362205 0.874016 -0.330709 
vn -0.362205 -0.874016 0.330709 
vn 0.362205 -0.874016 0.330709 
vn -0.362205 -0.874016 0.330709 
vn 0.362205 -0.874016 0.330709 
vn -0.874016 -0.362205 0.330709 
vn 0.874016 -0.362205 0.330709 
vn -0.874016 -0.362205 0.330709 
vn 0.874016 -0.362205 0.330709 
vn -0.874016 0.362205 0.330709 
vn 0.874016 0.362205 0.330709 
vn -0.874016 0.362205 0.330709 
vn 0.874016 0.362205 0.330709 
vn -0.362205 0.874016 0.330709 
vn 0.362205 0.874016 0.330709 
vn -0.362205 0.874016 0.330709 
vn 0.362205 0.874016 0.330709 
vn -0.559055 0.228346 -0.795276 
vn -0.559055 -0.228346 -0.795276 
vn -0.559055 0.228346 -0.795276 
vn -0.559055 -0.228346 -0.795276 
vn -0.228346 0.559055 -0.795276 
vn -0.228346 -0.559055 -0.795276 
vn -0.228346 0.559055 -0.795276 
vn -0.228346 -0.559055 -0.795276 
vn 0.228346 0.559055 -0.795276 
vn 0.228346 -0.559055 -0.795276 
vn 0.228346 0.559055 -0.795276 
vn 0.228346 -0.559055 -0.795276 
vn 0.559055 0.228346 -0.795276 
vn 0.559055 -0.228346 -0.795276 
vn 0.559055 0.228346 -0.795276 
vn 0.559055 -0.228346 -0.795276 
vn -0.559055 0.228346 0.795276 
vn -0.559055 -0.228346 0.795276 
vn -0.559055 -0.228346 0.795276 
vn -0.228346 -0.559055 0.795276 
vn -0.559055 0.228346 0.795276 
vn -0.228346 -0.559055 0.795276 
vn -0.228346 0.559055 0.795276 
vn 0.228346 -0.559055 0.795276 
vn -0.228346 0.559055 0.795276 
vn 0.228346 -0.559055 0.795276 
vn 0.228346 0.559055 0.795276 
vn 0.559055 -0.228346 0.795276 
vn 0.228346 0.559055 0.795276 
vn 0.559055 -0.228346 0.795276 
vn 0.559055 0.228346 0.795276 
vn 0.559055 0.228346 0.795276 
vn -0.92126 0.385827 0 
vn -0.385827 0.92126 0 
vn -0.385827 0.92126 0 
vn 0.385827 0.92126 0 
vn -0.92126 0.385827 0 
vn 0.385827 0.92126 0 
vn -0.92126 -0.385827 0 
vn 0.92126 0.385827 0 
vn -0.92126 -0.385827 0 
vn 0.92126 0.385827 0 
vn -0.385827 -0.92126 0 
vn 0.92126 -0.385827 0 
vn -0.385827 -0.92126 0 
vn 0.92126 -0.385827 0 
vn 0.385827 -0.92126 0 
vn 0.385827 -0.92126 0 
vn -0.92126 0.385827 0 
vn -0.92126 0.385827 0 
vn -0.385827 0.92126 0 
vn -0.385827 0.92126 0 
vn -0.92126 -0.385827 0 
vn 0.385827 0.92126 0 
vn -0.92126 -0.385827 0 
vn 0.385827 0.92126 0 
vn -0.385827 -0.92126 0 
vn 0.92126 0.385827 0 
vn -0.385827 -0.92126 0 
vn 0.92126 0.385827 0 
vn 0.385827 -0.92126 0 
vn 0.92126 -0.385827 0 
vn 0.385827 -0.92126 0 
vn 0.92126 -0.385827 0 

vt 0 0 
vt 0 0 
vt 0 0 
vt 0 0 
vt 0 0 
vt 0 0 
vt 0 0 
vt 0 0 
vt 0 0 
vt 0 0 
vt 0 0 
vt 0 0 
vt 0 0 
vt 0 0 
vt 0 0 
vt 0 0 
vt 0 0 
vt 0 0 
vt 0 0 
vt 0 0 
vt 0 0 
vt 0 0 
vt 0 0 
vt 0 0 
vt 0 0 
vt 0 0 
vt 0 0 
vt 0 0 
vt 0 0 
vt 0 0 
vt 0 0 
vt 0 0 
vt 0 0 
vt 0 0 
vt 0 0 
vt 0 0 
vt 0 0 
vt 0 0 
vt 0 0 
vt 0 0 
vt 0 0 
vt 0 0 
vt 0 0 
vt 0 0 
vt 0 0 
vt 0 0 
vt 0 0 
vt 0 0 
vt 0 0 
vt 0 0 
vt 0 0 
vt 0 0 
vt 0 0 
vt 0 0 
vt 0 0 
vt 0 0 
vt 0 0 
vt 0 0 
vt 0 0 
vt 0 0 
vt 0 0 
vt 0 0 
vt 0 0 
vt 0 0 
vt 0 0 
vt 0 0 
vt 0 0 
vt 0 0 
vt 0 0 
vt 0 0 
vt 0 0 
vt 0 0 
vt 0 0 
vt 0 0 
vt 0 0 
vt 0 0 
vt 0 0 
vt 0 0 
vt 0 0 
vt 0 0 
vt 0 0 
vt 0 0 
vt 0 0 
vt 0 0 
vt 0 0 
vt 0 0 
vt 0 0 
vt 0 0 
vt 0 0 
vt 0 0 
vt 0 0 
vt 0 0 
vt 0 0 
vt 0 0 
vt 0 0 
vt 0 0 
vt 0 0 
vt 0 0 
vt 0 0 
vt 0 0 
vt 0 0 
vt 0 0 
vt 0 0 
vt 0 0 
vt 0 0 
vt 0 0 
vt 0 0 
vt 0 0 
vt 0 0 
vt 0 0 
vt 0 0 
vt 0 0 

usemtl Part1Mtl

f 1477/1477/1477 1478/1478/1478 1479/1479/1479 
f 1478/1478/1478 1477/1477/1477 1480/1480/1480 
f 1481/1481/1481 1480/1480/1480 1477/1477/1477 
f 1481/1481/1481 1482/1482/1482 1480/1480/1480 
f 1483/1483/1483 1482/1482/1482 1481/1481/1481 
f 1482/1482/1482 1483/1483/1483 1484/1484/1484 
f 1485/1485/1485 1486/1486/1486 1487/1487/1487 
f 1486/1486/1486 1485/1485/1485 1488/1488/1488 
f 1489/1489/1489 1485/1485/1485 1487/1487/1487 
f 1489/1489/1489 1490/1490/1490 1485/1485/1485 
f 1491/1491/1491 1490/1490/1490 1489/1489/1489 
f 1490/1490/1490 1491/1491/1491 1492/1492/1492 
f 1493/1493/1493 1494/1494/1494 1495/1495/1495 
f 1496/1496/1496 1495/1495/1495 1494/1494/1494 
f 1493/1493/1493 1495/1495/1495 1497/1497/1497 
f 1494/1494/1494 1498/1498/1498 1496/1496/1496 
f 1499/1499/1499 1493/1493/1493 1497/1497/1497 
f 1498/1498/1498 1500/1500/1500 1496/1496/1496 
f 1497/1497/1497 1501/1501/1501 1499/1499/1499 
f 1498/1498/1498 1502/1502/1502 1500/1500/1500 
f 1503/1503/1503 1499/1499/1499 1501/1501/1501 
f 1504/1504/1504 1500/1500/1500 1502/1502/1502 
f 1503/1503/1503 1501/1501/1501 1505/1505/1505 
f 1500/1500/1500 1504/1504/1504 1506/1506/1506 
f 1507/1507/1507 1503/1503/1503 1505/1505/1505 
f 1504/1504/1504 1507/1507/1507 1506/1506/1506 
f 1503/1503/1503 1507/1507/1507 1508/1508/1508 
f 1504/1504/1504 1508/1508/1508 1507/1507/1507 
f 1509/1509/1509 1510/1510/1510 1511/1511/1511 
f 1510/1510/1510 1512/1512/1512 1511/1511/1511 
f 1509/1509/1509 1511/1511/1511 1513/1513/1513 
f 1510/1510/1510 1514/1514/1514 1512/1512/1512 
f 1515/1515/1515 1509/1509/1509 1513/1513/1513 
f 1514/1514/1514 1516/1516/1516 1512/1512/1512 
f 1515/1515/1515 1513/1513/1513 1517/1517/1517 
f 1514/1514/1514 1518/1518/1518 1516/1516/1516 
f 1519/1519/1519 1515/1515/1515 1517/1517/1517 
f 1518/1518/1518 1520/1520/1520 1516/1516/1516 
f 1517/1517/1517 1521/1521/1521 1519/1519/1519 
f 1518/1518/1518 1522/1522/1522 1520/1520/1520 
f 1521/1521/1521 1517/1517/1517 1523/1523/1523 
f 1521/1521/1521 1523/1523/1523 1522/1522/1522 
f 1522/1522/1522 1518/1518/1518 1524/1524/1524 
f 1524/1524/1524 1521/1521/1521 1522/1522/1522 
f 1525/1525/1525 1526/1526/1526 1527/1527/1527 
f 1526/1526/1526 1525/1525/1525 1528/1528/1528 
f 1529/1529/1529 1525/1525/1525 1527/1527/1527 
f 1530/1530/1530 1526/1526/1526 1528/1528/1528 
f 1527/1527/1527 1531/1531/1531 1529/1529/1529 
f 1526/1526/1526 1530/1530/1530 1532/1532/1532 
f 1531/1531/1531 1533/1533/1533 1529/1529/1529 
f 1534/1534/1534 1532/1532/1532 1530/1530/1530 
f 1531/1531/1531 1535/1535/1535 1533/1533/1533 
f 1532/1532/1532 1534/1534/1534 1536/1536/1536 
f 1537/1537/1537 1533/1533/1533 1535/1535/1535 
f 1534/1534/1534 1538/1538/1538 1536/1536/1536 
f 1533/1533/1533 1537/1537/1537 1539/1539/1539 
f 1538/1538/1538 1534/1534/1534 1540/1540/1540 
f 1540/1540/1540 1539/1539/1539 1537/1537/1537 
f 1537/1537/1537 1538/1538/1538 1540/1540/1540 
f 1541/1541/1541 1542/1542/1542 1543/1543/1543 
f 1542/1542/1542 1544/1544/1544 1543/1543/1543 
f 1545/1545/1545 1542/1542/1542 1541/1541/1541 
f 1544/1544/1544 1542/1542/1542 1546/1546/1546 
f 1545/1545/1545 1541/1541/1541 1547/1547/1547 
f 1546/1546/1546 1548/1548/1548 1544/1544/1544 
f 1549/1549/1549 1545/1545/1545 1547/1547/1547 
f 1548/1548/1548 1546/1546/1546 1550/1550/1550 
f 1551/1551/1551 1549/1549/1549 1547/1547/1547 
f 1552/1552/1552 1548/1548/1548 1550/1550/1550 
f 1549/1549/1549 1551/1551/1551 1553/1553/1553 
f 1548/1548/1548 1552/1552/1552 1554/1554/1554 
f 1551/1551/1551 1555/1555/1555 1553/1553/1553 
f 1552/1552/1552 1555/1555/1555 1554/1554/1554 
f 1555/1555/1555 1551/1551/1551 1556/1556/1556 
f 1554/1554/1554 1555/1555/1555 1556/1556/1556 
f 1557/1557/1557 1558/1558/1558 1559/1559/1559 
f 1560/1560/1560 1559/1559/1559 1558/1558/1558 
f 1558/1558/1558 1557/1557/1557 1561/1561/1561 
f 1559/1559/1559 1560/1560/1560 1562/1562/1562 
f 1563/1563/1563 1561/1561/1561 1557/1557/1557 
f 1564/1564/1564 1562/1562/1562 1560/1560/1560 
f 1561/1561/1561 1563/1563/1563 1565/1565/1565 
f 1562/1562/1562 1564/1564/1564 1566/1566/1566 
f 1567/1567/1567 1565/1565/1565 1563/1563/1563 
f 1568/1568/1568 1566/1566/1566 1564/1564/1564 
f 1565/1565/1565 1567/1567/1567 1569/1569/1569 
f 1566/1566/1566 1568/1568/1568 1570/1570/1570 
f 1571/1571/1571 1569/1569/1569 1567/1567/1567 
f 1572/1572/1572 1570/1570/1570 1568/1568/1568 
f 1569/1569/1569 1571/1571/1571 1572/1572/1572 
f 1570/1570/1570 1572/1572/1572 1571/1571/1571 
f 1573/1573/1573 1574/1574/1574 1575/1575/1575 
f 1575/1575/1575 1574/1574/1574 1576/1576/1576 
f 1573/1573/1573 1577/1577/1577 1574/1574/1574 
f 1575/1575/1575 1576/1576/1576 1578/1578/1578 
f 1579/1579/1579 1577/1577/1577 1573/1573/1573 
f 1578/1578/1578 1576/1576/1576 1580/1580/1580 
f 1579/1579/1579 1581/1581/1581 1577/1577/1577 
f 1578/1578/1578 1580/1580/1580 1582/1582/1582 
f 1581/1581/1581 1579/1579/1579 1583/1583/1583 
f 1582/1582/1582 1580/1580/1580 1584/1584/1584 
f 1583/1583/1583 1585/1585/1585 1581/1581/1581 
f 1582/1582/1582 1584/1584/1584 1586/1586/1586 
f 1587/1587/1587 1585/1585/1585 1583/1583/1583 
f 1586/1586/1586 1584/1584/1584 1588/1588/1588 
f 1587/1587/1587 1588/1588/1588 1585/1585/1585 
f 1588/1588/1588 1587/1587/1587 1586/1586/1586 

g Part3

v 0.747929 0.149825 0.037297 
v 0.749782 0.166104 0.056867 
v 0.747929 0.149825 0.066086 
v 0.748686 0.156478 0.066086 
v 0.749782 0.166104 0.037297 
v 0.747929 0.149825 -0.073216 
v 0.749782 0.166104 -0.063997 
v 0.747929 0.149825 -0.044427 
v 0.749782 0.166104 -0.044427 
v 0.748686 0.156478 -0.073216 
v 0.73609 0.0820589 0.063763 
v 0.73609 0.0820589 -0.070893 
v 0.738453 0.0986009 -0.070893 
v 0.738453 0.0986009 0.063763 
v 0.739782 0.107906 0.063763 
v 0.739782 0.107906 -0.070893 
v 0.741998 0.123415 -0.070893 
v 0.741998 0.123415 0.063763 
v -0.475381 -0.307967 -0.00356504 
v -0.728181 -0.285827 0.045483 
v -0.752321 -0.306499 -0.00356504 
v -0.498181 -0.285827 0.045483 
v -0.728181 -0.285827 -0.052613 
v -0.498181 -0.285827 -0.052613 
v -0.0521078 0.328837 -0.070035 
v -0.0521078 0.328837 0.062905 
v -0.0453178 0.321599 -0.058098 
v -0.0453178 0.321599 0.050968 
v 0.0386612 0.231644 -0.058098 
v 0.0386612 0.231644 0.050968 
v 0.0534582 0.216298 -0.070035 
v 0.0534582 0.216298 0.062905 
v -0.0521078 0.328837 0.062905 
v -0.0521078 0.328837 -0.070035 
v -0.0675158 0.32846 -0.070035 
v -0.0675158 0.32846 0.062905 
v -0.362583 0.231715 -0.073216 
v -0.354012 0.247994 -0.063997 
v -0.358931 0.238652 -0.073216 
v -0.362583 0.231715 -0.044427 
v -0.354012 0.247994 -0.044427 
v -0.362583 0.231715 0.037297 
v -0.354012 0.247994 0.056867 
v -0.354012 0.247994 0.037297 
v -0.362583 0.231715 0.066086 
v -0.358931 0.238652 0.066086 
v 0.73609 0.0820589 0.063763 
v 0.0933422 0.0256769 0.063763 
v 0.73609 0.0820589 -0.070893 
v 0.0933422 0.0256769 -0.070893 
v 0.0206752 0.234454 -0.058098 
v 0.0386612 0.231644 0.050968 
v 0.0386612 0.231644 -0.058098 
v 0.0206752 0.234454 0.050968 
v -0.122605 0.244671 -0.070035 
v 0.0206752 0.234454 -0.058098 
v 0.0206752 0.234454 -0.070035 
v -0.122605 0.244671 -0.058098 
v -0.122605 0.244671 0.062905 
v 0.0206752 0.234454 0.062905 
v -0.122605 0.244671 0.050968 
v 0.0206752 0.234454 0.050968 
v 0.748686 0.156478 0.066086 
v -0.354012 0.247994 0.056867 
v -0.358931 0.238652 0.066086 
v 0.747929 0.149825 0.066086 
v -0.362583 0.231715 0.066086 
v 0.749782 0.166104 0.056867 
v 0.749782 0.166104 0.037297 
v -0.354012 0.247994 0.037297 
v -0.354012 0.247994 -0.063997 
v 0.749782 0.166104 -0.063997 
v 0.748686 0.156478 -0.073216 
v -0.354012 0.247994 -0.044427 
v 0.749782 0.166104 -0.044427 
v -0.358931 0.238652 -0.073216 
v 0.747929 0.149825 -0.073216 
v -0.362583 0.231715 -0.073216 
v -0.360544 -0.0227141 -0.052613 
v -0.547291 0.0735219 -0.052613 
v -0.543768 0.105107 -0.00356504 
v -0.329015 -0.0267051 -0.00356504 
v -0.360544 -0.0227141 0.045483 
v -0.547291 0.0735219 0.045483 
v -0.564564 0.0690439 -0.052613 
v -0.564564 0.0690439 0.045483 
v -0.580618 0.0964719 -0.00356504 
v -0.643531 0.0325419 -0.00356504 
v -0.618735 0.0126629 -0.052613 
v -0.618735 0.0126629 0.045483 
v -0.69225 -0.0407401 -0.00356504 
v -0.664614 -0.0564321 -0.052613 
v -0.664614 -0.0564321 0.045483 
v -0.72615 -0.111804 -0.00356504 
v -0.696121 -0.122211 -0.052613 
v -0.696121 -0.122211 0.045483 
v -0.748903 -0.212467 -0.00356504 
v -0.717679 -0.218391 -0.052613 
v -0.717679 -0.218391 0.045483 
v -0.728181 -0.285827 -0.052613 
v -0.728181 -0.285827 0.045483 
v -0.752321 -0.306499 -0.00356504 
v 0.0933422 0.0256769 0.063763 
v 0.73609 0.0820589 0.063763 
v 0.738453 0.0986009 0.063763 
v 0.0628302 0.0872329 0.063763 
v 0.741998 0.123415 -0.070893 
v 0.0456672 0.121857 -0.070893 
v 0.0170612 0.179565 -0.070893 
v 0.739782 0.107906 -0.070893 
v 0.0456672 0.121857 0.063763 
v 0.739782 0.107906 0.063763 
v 0.741998 0.123415 0.063763 
v 0.0170612 0.179565 0.063763 
v 0.738453 0.0986009 -0.070893 
v 0.0933422 0.0256769 -0.070893 
v 0.0628302 0.0872329 -0.070893 
v 0.73609 0.0820589 -0.070893 
v -0.0521078 0.328837 -0.070035 
v -0.0635968 0.312586 -0.070035 
v -0.0675158 0.32846 -0.070035 
v -0.122605 0.244671 -0.070035 
v -0.0528628 0.312849 -0.070035 
v -0.152225 0.230965 -0.070035 
v 0.0206752 0.234454 -0.070035 
v 0.0534582 0.216298 -0.070035 
v -0.152225 0.230965 0.062905 
v 0.0534582 0.216298 0.062905 
v 0.0206752 0.234454 0.062905 
v -0.0521078 0.328837 0.062905 
v -0.122605 0.244671 0.062905 
v -0.0528628 0.312849 0.062905 
v -0.0675158 0.32846 0.062905 
v -0.0635968 0.312586 0.062905 
v -0.36953 0.289687 -0.069199 
v -0.33923 0.292688 -0.069199 
v -0.346665 0.242867 -0.069199 
v -0.304367 0.242867 -0.069199 
v -0.344685 0.295529 -0.069199 
v -0.365882 0.295529 -0.069199 
v -0.344685 0.295529 0.062069 
v -0.36953 0.289687 0.062069 
v -0.33923 0.292688 0.062069 
v -0.365882 0.295529 0.062069 
v -0.346665 0.242867 0.062069 
v -0.304367 0.242867 0.062069 
v -0.618735 0.0126629 -0.052613 
v -0.484362 -0.120552 -0.052613 
v -0.664614 -0.0564321 -0.052613 
v -0.696121 -0.122211 -0.052613 
v -0.500945 -0.191858 -0.052613 
v -0.717679 -0.218391 -0.052613 
v -0.498181 -0.285827 -0.052613 
v -0.728181 -0.285827 -0.052613 
v -0.446775 -0.0597491 -0.052613 
v -0.547291 0.0735219 -0.052613 
v -0.564564 0.0690439 -0.052613 
v -0.404212 -0.0326641 -0.052613 
v -0.360544 -0.0227141 -0.052613 
v -0.547291 0.0735219 0.045483 
v -0.404212 -0.0326641 0.045483 
v -0.360544 -0.0227141 0.045483 
v -0.446775 -0.0597491 0.045483 
v -0.618735 0.0126629 0.045483 
v -0.564564 0.0690439 0.045483 
v -0.484362 -0.120552 0.045483 
v -0.664614 -0.0564321 0.045483 
v -0.696121 -0.122211 0.045483 
v -0.500945 -0.191858 0.045483 
v -0.717679 -0.218391 0.045483 
v -0.498181 -0.285827 0.045483 
v -0.728181 -0.285827 0.045483 
v -0.0741558 0.320818 -0.058098 
v -0.152225 0.230965 -0.070035 
v -0.151405 0.231908 -0.058098 
v -0.0675158 0.32846 -0.070035 
v -0.152225 0.230965 0.062905 
v -0.0675158 0.32846 0.062905 
v -0.151405 0.231908 0.050968 
v -0.0741558 0.320818 0.050968 
v -0.346665 0.242867 -0.069199 
v -0.304367 0.242867 -0.069199 
v -0.304367 0.242867 -0.047616 
v -0.346665 0.242867 -0.047616 
v -0.33923 0.292688 -0.047616 
v -0.36953 0.289687 -0.069199 
v -0.33923 0.292688 -0.069199 
v -0.36953 0.289687 -0.047616 
v -0.344685 0.295529 -0.069199 
v -0.365882 0.295529 -0.047616 
v -0.344685 0.295529 -0.047616 
v -0.365882 0.295529 -0.069199 
v -0.304367 0.242867 0.062069 
v -0.346665 0.242867 0.062069 
v -0.304367 0.242867 0.040486 
v -0.346665 0.242867 0.040486 
v -0.33923 0.292688 0.040486 
v -0.36953 0.289687 0.062069 
v -0.33923 0.292688 0.062069 
v -0.36953 0.289687 0.040486 
v -0.344685 0.295529 0.062069 
v -0.365882 0.295529 0.040486 
v -0.344685 0.295529 0.040486 
v -0.365882 0.295529 0.062069 
v -0.346665 0.242867 0.040486 
v -0.36953 0.289687 0.040486 
v -0.33923 0.292688 0.040486 
v -0.304367 0.242867 0.040486 
v -0.344685 0.295529 0.040486 
v -0.365882 0.295529 0.040486 
v -0.304367 0.242867 -0.047616 
v -0.33923 0.292688 -0.047616 
v -0.346665 0.242867 -0.047616 
v -0.36953 0.289687 -0.047616 
v -0.344685 0.295529 -0.047616 
v -0.365882 0.295529 -0.047616 
v -0.0453178 0.321599 -0.058098 
v 0.0206752 0.234454 -0.058098 
v 0.0386612 0.231644 -0.058098 
v -0.0528628 0.312849 -0.058098 
v -0.0635968 0.312586 -0.058098 
v -0.0741558 0.320818 -0.058098 
v -0.122605 0.244671 -0.058098 
v 0.0336932 0.222343 -0.058098 
v -0.151405 0.231908 -0.058098 
v -0.0453178 0.321599 0.050968 
v 0.0206752 0.234454 0.050968 
v -0.0528628 0.312849 0.050968 
v 0.0386612 0.231644 0.050968 
v -0.0635968 0.312586 0.050968 
v -0.0741558 0.320818 0.050968 
v -0.122605 0.244671 0.050968 
v 0.0336932 0.222343 0.050968 
v -0.151405 0.231908 0.050968 
v -0.362583 0.231715 0.037297 
v 0.747929 0.149825 0.037297 
v 0.747929 0.149825 0.066086 
v -0.362583 0.231715 0.066086 
v -0.362583 0.231715 -0.073216 
v 0.747929 0.149825 -0.073216 
v 0.747929 0.149825 -0.044427 
v -0.362583 0.231715 -0.044427 
v -0.454981 -0.132667 -0.00356504 
v -0.500945 -0.191858 0.045483 
v -0.469322 -0.195017 -0.00356504 
v -0.498181 -0.285827 0.045483 
v -0.475381 -0.307967 -0.00356504 
v -0.498181 -0.285827 -0.052613 
v -0.500945 -0.191858 -0.052613 
v -0.484362 -0.120552 0.045483 
v -0.484362 -0.120552 -0.052613 
v -0.424156 -0.0820741 -0.00356504 
v -0.446775 -0.0597491 0.045483 
v -0.446775 -0.0597491 -0.052613 
v -0.404212 -0.0326641 0.045483 
v -0.404212 -0.0326641 -0.052613 
v -0.391972 -0.0619931 -0.00356504 
v -0.360544 -0.0227141 0.045483 
v -0.360544 -0.0227141 -0.052613 
v -0.329015 -0.0267051 -0.00356504 
v -0.0528628 0.312849 -0.070035 
v 0.0206752 0.234454 -0.070035 
v 0.0206752 0.234454 -0.058098 
v -0.0528628 0.312849 -0.058098 
v -0.0635968 0.312586 -0.070035 
v -0.0635968 0.312586 -0.058098 
v -0.122605 0.244671 -0.070035 
v -0.122605 0.244671 -0.058098 
v 0.0206752 0.234454 0.062905 
v -0.0528628 0.312849 0.062905 
v 0.0206752 0.234454 0.050968 
v -0.0528628 0.312849 0.050968 
v -0.0635968 0.312586 0.050968 
v -0.0635968 0.312586 0.062905 
v -0.122605 0.244671 0.062905 
v -0.122605 0.244671 0.050968 
v -0.0453178 0.321599 0.050968 
v -0.0741558 0.320818 -0.058098 
v -0.0453178 0.321599 -0.058098 
v -0.0741558 0.320818 0.050968 
v 0.0170612 0.179565 0.063763 
v 0.0170612 0.179565 -0.070893 
v 0.0456672 0.121857 -0.070893 
v 0.0456672 0.121857 0.063763 
v 0.0628302 0.0872329 0.063763 
v 0.0628302 0.0872329 -0.070893 
v 0.0933422 0.0256769 -0.070893 
v 0.0933422 0.0256769 0.063763 
v 0.0336932 0.222343 0.050968 
v 0.0206752 0.234454 -0.058098 
v 0.0336932 0.222343 -0.058098 
v 0.0206752 0.234454 0.050968 

vn 0.992126 -0.110236 0 
vn 0.992126 -0.110236 0 
vn 0.992126 -0.110236 0 
vn 0.992126 -0.110236 0 
vn 0.992126 -0.110236 0 
vn 0.992126 -0.110236 0 
vn 0.992126 -0.110236 0 
vn 0.992126 -0.110236 0 
vn 0.992126 -0.110236 0 
vn 0.992126 -0.110236 0 
vn 0.992126 -0.141732 0 
vn 0.992126 -0.141732 0 
vn 0.992126 -0.141732 0 
vn 0.992126 -0.141732 0 
vn 0.992126 -0.141732 0 
vn 0.992126 -0.141732 0 
vn 0.992126 -0.141732 0 
vn 0.992126 -0.141732 0 
vn 0 -1 0 
vn 0 -0.913386 0.401575 
vn 0 -1 0 
vn 0 -0.913386 0.401575 
vn 0 -0.913386 -0.401575 
vn 0 -0.913386 -0.401575 
vn 0.724409 0.685039 0 
vn 0.724409 0.685039 0 
vn 0.724409 0.685039 0 
vn 0.724409 0.685039 0 
vn 0.724409 0.685039 0 
vn 0.724409 0.685039 0 
vn 0.724409 0.685039 0 
vn 0.724409 0.685039 0 
vn -0.023622 1 0 
vn -0.023622 1 0 
vn -0.023622 1 0 
vn -0.023622 1 0 
vn -0.88189 0.464567 0 
vn -0.88189 0.464567 0 
vn -0.88189 0.464567 0 
vn -0.88189 0.464567 0 
vn -0.88189 0.464567 0 
vn -0.88189 0.464567 0 
vn -0.88189 0.464567 0 
vn -0.88189 0.464567 0 
vn -0.88189 0.464567 0 
vn -0.88189 0.464567 0 
vn 0.0866142 -1 0 
vn 0.0866142 -1 0 
vn 0.0866142 -1 0 
vn 0.0866142 -1 0 
vn 0.15748 0.984252 0 
vn 0.15748 0.984252 0 
vn 0.15748 0.984252 0 
vn 0.15748 0.984252 0 
vn 0.0708661 1 0 
vn 0.0708661 1 0 
vn 0.0708661 1 0 
vn 0.0708661 1 0 
vn 0.0708661 1 0 
vn 0.0708661 1 0 
vn 0.0708661 1 0 
vn 0.0708661 1 0 
vn 0.023622 0.370079 0.929134 
vn 0.0629921 0.897638 0.433071 
vn 0.023622 0.283465 0.96063 
vn 0 0 1 
vn 0 0 1 
vn 0.0708661 0.913386 0.393701 
vn 0.0708661 1 0 
vn 0.0708661 1 0 
vn 0.0629921 0.897638 -0.433071 
vn 0.0708661 0.913386 -0.393701 
vn 0.023622 0.370079 -0.929134 
vn 0.0708661 1 0 
vn 0.0708661 1 0 
vn 0.023622 0.283465 -0.96063 
vn 0 0 -1 
vn 0 0 -1 
vn 0.456693 0.80315 -0.385827 
vn 0.133858 0.866142 -0.488189 
vn 0.149606 0.992126 0 
vn 0.496063 0.866142 0 
vn 0.456693 0.80315 0.385827 
vn 0.133858 0.866142 0.488189 
vn -0.417323 0.732283 -0.543307 
vn -0.417323 0.732283 0.543307 
vn -0.496063 0.866142 0 
vn -0.779528 0.629921 0 
vn -0.653543 0.527559 -0.543307 
vn -0.653543 0.527559 0.543307 
vn -0.866142 0.496063 0 
vn -0.732283 0.417323 -0.543307 
vn -0.732283 0.417323 0.543307 
vn -0.944882 0.330709 0 
vn -0.795276 0.275591 -0.543307 
vn -0.795276 0.275591 0.543307 
vn -0.992126 0.149606 0 
vn -0.850394 0.133858 -0.511811 
vn -0.850394 0.133858 0.511811 
vn -0.874016 0.0787402 -0.480315 
vn -0.874016 0.0787402 0.480315 
vn -1 0.0866142 0 
vn 0 0 1 
vn 0 0 1 
vn 0 0 1 
vn 0 0 1 
vn 0 0 -1 
vn 0 0 -1 
vn 0 0 -1 
vn 0 0 -1 
vn 0 0 1 
vn 0 0 1 
vn 0 0 1 
vn 0 0 1 
vn 0 0 -1 
vn 0 0 -1 
vn 0 0 -1 
vn 0 0 -1 
vn 0 0 -1 
vn 0 0 -1 
vn 0 0 -1 
vn 0 0 -1 
vn 0 0 -1 
vn 0 0 -1 
vn 0 0 -1 
vn 0 0 -1 
vn 0 0 1 
vn 0 0 1 
vn 0 0 1 
vn 0 0 1 
vn 0 0 1 
vn 0 0 1 
vn 0 0 1 
vn 0 0 1 
vn 0 0 -1 
vn 0 0 -1 
vn 0 0 -1 
vn 0 0 -1 
vn 0 0 -1 
vn 0 0 -1 
vn 0 0 1 
vn 0 0 1 
vn 0 0 1 
vn 0 0 1 
vn 0 0 1 
vn 0 0 1 
vn 0 0 -1 
vn 0 0 -1 
vn 0 0 -1 
vn 0 0 -1 
vn 0 0 -1 
vn 0 0 -1 
vn 0 0 -1 
vn 0 0 -1 
vn 0 0 -1 
vn 0 0 -1 
vn 0 0 -1 
vn 0 0 -1 
vn 0 0 -1 
vn 0 0 1 
vn 0 0 1 
vn 0 0 1 
vn 0 0 1 
vn 0 0 1 
vn 0 0 1 
vn 0 0 1 
vn 0 0 1 
vn 0 0 1 
vn 0 0 1 
vn 0 0 1 
vn 0 0 1 
vn 0 0 1 
vn -0.755906 0.653543 0 
vn -0.755906 0.653543 0 
vn -0.755906 0.653543 0 
vn -0.755906 0.653543 0 
vn -0.755906 0.653543 0 
vn -0.755906 0.653543 0 
vn -0.755906 0.653543 0 
vn -0.755906 0.653543 0 
vn -0.527559 -0.850394 0 
vn 0.889764 -0.464567 0 
vn 0.889764 -0.464567 0 
vn -0.527559 -0.850394 0 
vn 0.661417 0.748031 0 
vn -1 0.0551181 0 
vn 0.661417 0.748031 0 
vn -1 0.0551181 0 
vn 0.23622 0.968504 0 
vn -0.488189 0.874016 0 
vn 0.23622 0.968504 0 
vn -0.488189 0.874016 0 
vn 0.889764 -0.464567 0 
vn -0.527559 -0.850394 0 
vn 0.889764 -0.464567 0 
vn -0.527559 -0.850394 0 
vn 0.661417 0.748031 0 
vn -1 0.0551181 0 
vn 0.661417 0.748031 0 
vn -1 0.0551181 0 
vn 0.23622 0.968504 0 
vn -0.488189 0.874016 0 
vn 0.23622 0.968504 0 
vn -0.488189 0.874016 0 
vn 0 0 -1 
vn 0 0 -1 
vn 0 0 -1 
vn 0 0 -1 
vn 0 0 -1 
vn 0 0 -1 
vn 0 0 1 
vn 0 0 1 
vn 0 0 1 
vn 0 0 1 
vn 0 0 1 
vn 0 0 1 
vn 0 0 1 
vn 0 0 1 
vn 0 0 1 
vn 0 0 1 
vn 0 0 1 
vn 0 0 1 
vn 0 0 1 
vn 0 0 1 
vn 0 0 1 
vn 0 0 -1 
vn 0 0 -1 
vn 0 0 -1 
vn 0 0 -1 
vn 0 0 -1 
vn 0 0 -1 
vn 0 0 -1 
vn 0 0 -1 
vn 0 0 -1 
vn -0.0708661 -1 0 
vn -0.0708661 -1 0 
vn -0.0708661 -1 0 
vn -0.0708661 -1 0 
vn -0.0708661 -1 0 
vn -0.0708661 -1 0 
vn -0.0708661 -1 0 
vn -0.0708661 -1 0 
vn 0.92126 -0.377953 0 
vn 0.850394 -0.102362 0.519685 
vn 0.992126 -0.11811 0 
vn 0.874016 -0.015748 0.488189 
vn 1 -0.015748 0 
vn 0.874016 -0.015748 -0.488189 
vn 0.850394 -0.102362 -0.519685 
vn 0.779528 -0.322835 0.543307 
vn 0.779528 -0.322835 -0.543307 
vn 0.708661 -0.700787 0 
vn 0.598425 -0.590551 0.543307 
vn 0.598425 -0.590551 -0.543307 
vn 0.401575 -0.771654 0.488189 
vn 0.401575 -0.771654 -0.488189 
vn 0.464567 -0.88189 0 
vn 0.354331 -0.826772 0.440945 
vn 0.354331 -0.826772 -0.440945 
vn 0.393701 -0.92126 0 
vn -0.385827 -0.92126 0 
vn -0.732283 -0.685039 0 
vn -0.732283 -0.685039 0 
vn -0.385827 -0.92126 0 
vn 0.425197 -0.905512 0 
vn 0.425197 -0.905512 0 
vn 0.755906 -0.653543 0 
vn 0.755906 -0.653543 0 
vn -0.732283 -0.685039 0 
vn -0.385827 -0.92126 0 
vn -0.732283 -0.685039 0 
vn -0.385827 -0.92126 0 
vn 0.425197 -0.905512 0 
vn 0.425197 -0.905512 0 
vn 0.755906 -0.653543 0 
vn 0.755906 -0.653543 0 
vn 0.023622 -1 0 
vn 0.023622 -1 0 
vn 0.023622 -1 0 
vn 0.023622 -1 0 
vn -0.897638 -0.440945 0 
vn -0.897638 -0.440945 0 
vn -0.897638 -0.440945 0 
vn -0.897638 -0.440945 0 
vn -0.897638 -0.440945 0 
vn -0.897638 -0.440945 0 
vn -0.897638 -0.440945 0 
vn -0.897638 -0.440945 0 
vn -0.677165 -0.732283 0 
vn -0.677165 -0.732283 0 
vn -0.677165 -0.732283 0 
vn -0.677165 -0.732283 0 

vt 0 0 
vt 0 0 
vt 0 0 
vt 0 0 
vt 0 0 
vt 0 0 
vt 0 0 
vt 0 0 
vt 0 0 
vt 0 0 
vt 0 0 
vt 0 0 
vt 0 0 
vt 0 0 
vt 0 0 
vt 0 0 
vt 0 0 
vt 0 0 
vt 0 0 
vt 0 0 
vt 0 0 
vt 0 0 
vt 0 0 
vt 0 0 
vt 0 0 
vt 0 0 
vt 0 0 
vt 0 0 
vt 0 0 
vt 0 0 
vt 0 0 
vt 0 0 
vt 0 0 
vt 0 0 
vt 0 0 
vt 0 0 
vt 0 0 
vt 0 0 
vt 0 0 
vt 0 0 
vt 0 0 
vt 0 0 
vt 0 0 
vt 0 0 
vt 0 0 
vt 0 0 
vt 0 0 
vt 0 0 
vt 0 0 
vt 0 0 
vt 0 0 
vt 0 0 
vt 0 0 
vt 0 0 
vt 0 0 
vt 0 0 
vt 0 0 
vt 0 0 
vt 0 0 
vt 0 0 
vt 0 0 
vt 0 0 
vt 0 0 
vt 0 0 
vt 0 0 
vt 0 0 
vt 0 0 
vt 0 0 
vt 0 0 
vt 0 0 
vt 0 0 
vt 0 0 
vt 0 0 
vt 0 0 
vt 0 0 
vt 0 0 
vt 0 0 
vt 0 0 
vt 0 0 
vt 0 0 
vt 0 0 
vt 0 0 
vt 0 0 
vt 0 0 
vt 0 0 
vt 0 0 
vt 0 0 
vt 0 0 
vt 0 0 
vt 0 0 
vt 0 0 
vt 0 0 
vt 0 0 
vt 0 0 
vt 0 0 
vt 0 0 
vt 0 0 
vt 0 0 
vt 0 0 
vt 0 0 
vt 0 0 
vt 0 0 
vt 0 0 
vt 0 0 
vt 0 0 
vt 0 0 
vt 0 0 
vt 0 0 
vt 0 0 
vt 0 0 
vt 0 0 
vt 0 0 
vt 0 0 
vt 0 0 
vt 0 0 
vt 0 0 
vt 0 0 
vt 0 0 
vt 0 0 
vt 0 0 
vt 0 0 
vt 0 0 
vt 0 0 
vt 0 0 
vt 0 0 
vt 0 0 
vt 0 0 
vt 0 0 
vt 0 0 
vt 0 0 
vt 0 0 
vt 0 0 
vt 0 0 
vt 0 0 
vt 0 0 
vt 0 0 
vt 0 0 
vt 0 0 
vt 0 0 
vt 0 0 
vt 0 0 
vt 0 0 
vt 0 0 
vt 0 0 
vt 0 0 
vt 0 0 
vt 0 0 
vt 0 0 
vt 0 0 
vt 0 0 
vt 0 0 
vt 0 0 
vt 0 0 
vt 0 0 
vt 0 0 
vt 0 0 
vt 0 0 
vt 0 0 
vt 0 0 
vt 0 0 
vt 0 0 
vt 0 0 
vt 0 0 
vt 0 0 
vt 0 0 
vt 0 0 
vt 0 0 
vt 0 0 
vt 0 0 
vt 0 0 
vt 0 0 
vt 0 0 
vt 0 0 
vt 0 0 
vt 0 0 
vt 0 0 
vt 0 0 
vt 0 0 
vt 0 0 
vt 0 0 
vt 0 0 
vt 0 0 
vt 0 0 
vt 0 0 
vt 0 0 
vt 0 0 
vt 0 0 
vt 0 0 
vt 0 0 
vt 0 0 
vt 0 0 
vt 0 0 
vt 0 0 
vt 0 0 
vt 0 0 
vt 0 0 
vt 0 0 
vt 0 0 
vt 0 0 
vt 0 0 
vt 0 0 
vt 0 0 
vt 0 0 
vt 0 0 
vt 0 0 
vt 0 0 
vt 0 0 
vt 0 0 
vt 0 0 
vt 0 0 
vt 0 0 
vt 0 0 
vt 0 0 
vt 0 0 
vt 0 0 
vt 0 0 
vt 0 0 
vt 0 0 
vt 0 0 
vt 0 0 
vt 0 0 
vt 0 0 
vt 0 0 
vt 0 0 
vt 0 0 
vt 0 0 
vt 0 0 
vt 0 0 
vt 0 0 
vt 0 0 
vt 0 0 
vt 0 0 
vt 0 0 
vt 0 0 
vt 0 0 
vt 0 0 
vt 0 0 
vt 0 0 
vt 0 0 
vt 0 0 
vt 0 0 
vt 0 0 
vt 0 0 
vt 0 0 
vt 0 0 
vt 0 0 
vt 0 0 
vt 0 0 
vt 0 0 
vt 0 0 
vt 0 0 
vt 0 0 
vt 0 0 
vt 0 0 
vt 0 0 
vt 0 0 
vt 0 0 
vt 0 0 
vt 0 0 
vt 0 0 
vt 0 0 
vt 0 0 
vt 0 0 
vt 0 0 
vt 0 0 
vt 0 0 
vt 0 0 
vt 0 0 
vt 0 0 
vt 0 0 
vt 0 0 
vt 0 0 
vt 0 0 
vt 0 0 
vt 0 0 
vt 0 0 
vt 0 0 
vt 0 0 
vt 0 0 
vt 0 0 
vt 0 0 
vt 0 0 
vt 0 0 
vt 0 0 
vt 0 0 
vt 0 0 
vt 0 0 
vt 0 0 
vt 0 0 
vt 0 0 
vt 0 0 
vt 0 0 

usemtl Part1Mtl

f 1589/1589/1589 1590/1590/1590 1591/1591/1591 
f 1591/1591/1591 1590/1590/1590 1592/1592/1592 
f 1590/1590/1590 1589/1589/1589 1593/1593/1593 
f 1594/1594/1594 1595/1595/1595 1596/1596/1596 
f 1596/1596/1596 1595/1595/1595 1597/1597/1597 
f 1595/1595/1595 1594/1594/1594 1598/1598/1598 
f 1599/1599/1599 1600/1600/1600 1601/1601/1601 
f 1601/1601/1601 1602/1602/1602 1599/1599/1599 
f 1603/1603/1603 1604/1604/1604 1605/1605/1605 
f 1605/1605/1605 1606/1606/1606 1603/1603/1603 
f 1607/1607/1607 1608/1608/1608 1609/1609/1609 
f 1608/1608/1608 1607/1607/1607 1610/1610/1610 
f 1611/1611/1611 1607/1607/1607 1609/1609/1609 
f 1611/1611/1611 1612/1612/1612 1607/1607/1607 
f 1613/1613/1613 1614/1614/1614 1615/1615/1615 
f 1615/1615/1615 1614/1614/1614 1616/1616/1616 
f 1617/1617/1617 1613/1613/1613 1615/1615/1615 
f 1614/1614/1614 1618/1618/1618 1616/1616/1616 
f 1613/1613/1613 1617/1617/1617 1619/1619/1619 
f 1618/1618/1618 1614/1614/1614 1620/1620/1620 
f 1620/1620/1620 1619/1619/1619 1617/1617/1617 
f 1620/1620/1620 1617/1617/1617 1618/1618/1618 
f 1621/1621/1621 1622/1622/1622 1623/1623/1623 
f 1623/1623/1623 1624/1624/1624 1621/1621/1621 
f 1625/1625/1625 1626/1626/1626 1627/1627/1627 
f 1626/1626/1626 1625/1625/1625 1628/1628/1628 
f 1626/1626/1626 1628/1628/1628 1629/1629/1629 
f 1630/1630/1630 1631/1631/1631 1632/1632/1632 
f 1631/1631/1631 1630/1630/1630 1633/1633/1633 
f 1631/1631/1631 1633/1633/1633 1634/1634/1634 
f 1635/1635/1635 1636/1636/1636 1637/1637/1637 
f 1638/1638/1638 1637/1637/1637 1636/1636/1636 
f 1639/1639/1639 1640/1640/1640 1641/1641/1641 
f 1640/1640/1640 1639/1639/1639 1642/1642/1642 
f 1643/1643/1643 1644/1644/1644 1645/1645/1645 
f 1644/1644/1644 1643/1643/1643 1646/1646/1646 
f 1647/1647/1647 1648/1648/1648 1649/1649/1649 
f 1650/1650/1650 1649/1649/1649 1648/1648/1648 
f 1651/1651/1651 1652/1652/1652 1653/1653/1653 
f 1653/1653/1653 1654/1654/1654 1651/1651/1651 
f 1654/1654/1654 1653/1653/1653 1655/1655/1655 
f 1652/1652/1652 1651/1651/1651 1656/1656/1656 
f 1657/1657/1657 1652/1652/1652 1656/1656/1656 
f 1657/1657/1657 1658/1658/1658 1652/1652/1652 
f 1659/1659/1659 1660/1660/1660 1661/1661/1661 
f 1660/1660/1660 1659/1659/1659 1662/1662/1662 
f 1660/1660/1660 1662/1662/1662 1663/1663/1663 
f 1661/1661/1661 1664/1664/1664 1659/1659/1659 
f 1665/1665/1665 1664/1664/1664 1661/1661/1661 
f 1664/1664/1664 1665/1665/1665 1666/1666/1666 
f 1667/1667/1667 1668/1668/1668 1669/1669/1669 
f 1669/1669/1669 1670/1670/1670 1667/1667/1667 
f 1669/1669/1669 1671/1671/1671 1670/1670/1670 
f 1671/1671/1671 1669/1669/1669 1672/1672/1672 
f 1673/1673/1673 1669/1669/1669 1668/1668/1668 
f 1669/1669/1669 1674/1674/1674 1672/1672/1672 
f 1669/1669/1669 1673/1673/1673 1675/1675/1675 
f 1675/1675/1675 1674/1674/1674 1669/1669/1669 
f 1673/1673/1673 1676/1676/1676 1675/1675/1675 
f 1676/1676/1676 1674/1674/1674 1675/1675/1675 
f 1677/1677/1677 1676/1676/1676 1673/1673/1673 
f 1674/1674/1674 1676/1676/1676 1678/1678/1678 
f 1677/1677/1677 1679/1679/1679 1676/1676/1676 
f 1679/1679/1679 1678/1678/1678 1676/1676/1676 
f 1680/1680/1680 1679/1679/1679 1677/1677/1677 
f 1678/1678/1678 1679/1679/1679 1681/1681/1681 
f 1680/1680/1680 1682/1682/1682 1679/1679/1679 
f 1682/1682/1682 1681/1681/1681 1679/1679/1679 
f 1683/1683/1683 1682/1682/1682 1680/1680/1680 
f 1681/1681/1681 1682/1682/1682 1684/1684/1684 
f 1683/1683/1683 1685/1685/1685 1682/1682/1682 
f 1685/1685/1685 1684/1684/1684 1682/1682/1682 
f 1683/1683/1683 1686/1686/1686 1685/1685/1685 
f 1684/1684/1684 1685/1685/1685 1687/1687/1687 
f 1688/1688/1688 1685/1685/1685 1686/1686/1686 
f 1685/1685/1685 1689/1689/1689 1687/1687/1687 
f 1685/1685/1685 1688/1688/1688 1690/1690/1690 
f 1690/1690/1690 1689/1689/1689 1685/1685/1685 
f 1691/1691/1691 1692/1692/1692 1693/1693/1693 
f 1693/1693/1693 1694/1694/1694 1691/1691/1691 
f 1695/1695/1695 1696/1696/1696 1697/1697/1697 
f 1696/1696/1696 1695/1695/1695 1698/1698/1698 
f 1699/1699/1699 1700/1700/1700 1701/1701/1701 
f 1701/1701/1701 1702/1702/1702 1699/1699/1699 
f 1703/1703/1703 1704/1704/1704 1705/1705/1705 
f 1704/1704/1704 1703/1703/1703 1706/1706/1706 
f 1707/1707/1707 1708/1708/1708 1709/1709/1709 
f 1710/1710/1710 1709/1709/1709 1708/1708/1708 
f 1708/1708/1708 1707/1707/1707 1711/1711/1711 
f 1712/1712/1712 1709/1709/1709 1710/1710/1710 
f 1707/1707/1707 1713/1713/1713 1711/1711/1711 
f 1713/1713/1713 1712/1712/1712 1710/1710/1710 
f 1713/1713/1713 1707/1707/1707 1714/1714/1714 
f 1712/1712/1712 1713/1713/1713 1714/1714/1714 
f 1715/1715/1715 1716/1716/1716 1717/1717/1717 
f 1718/1718/1718 1717/1717/1717 1716/1716/1716 
f 1715/1715/1715 1717/1717/1717 1719/1719/1719 
f 1717/1717/1717 1718/1718/1718 1720/1720/1720 
f 1721/1721/1721 1715/1715/1715 1719/1719/1719 
f 1718/1718/1718 1722/1722/1722 1720/1720/1720 
f 1719/1719/1719 1722/1722/1722 1721/1721/1721 
f 1722/1722/1722 1718/1718/1718 1721/1721/1721 
f 1723/1723/1723 1724/1724/1724 1725/1725/1725 
f 1725/1725/1725 1724/1724/1724 1726/1726/1726 
f 1724/1724/1724 1723/1723/1723 1727/1727/1727 
f 1727/1727/1727 1723/1723/1723 1728/1728/1728 
f 1729/1729/1729 1730/1730/1730 1731/1731/1731 
f 1730/1730/1730 1729/1729/1729 1732/1732/1732 
f 1733/1733/1733 1731/1731/1731 1730/1730/1730 
f 1731/1731/1731 1733/1733/1733 1734/1734/1734 
f 1735/1735/1735 1736/1736/1736 1737/1737/1737 
f 1737/1737/1737 1736/1736/1736 1738/1738/1738 
f 1738/1738/1738 1736/1736/1736 1739/1739/1739 
f 1739/1739/1739 1740/1740/1740 1738/1738/1738 
f 1740/1740/1740 1739/1739/1739 1741/1741/1741 
f 1740/1740/1740 1741/1741/1741 1742/1742/1742 
f 1736/1736/1736 1735/1735/1735 1743/1743/1743 
f 1735/1735/1735 1744/1744/1744 1743/1743/1743 
f 1744/1744/1744 1735/1735/1735 1745/1745/1745 
f 1743/1743/1743 1744/1744/1744 1746/1746/1746 
f 1744/1744/1744 1747/1747/1747 1746/1746/1746 
f 1748/1748/1748 1749/1749/1749 1750/1750/1750 
f 1748/1748/1748 1751/1751/1751 1749/1749/1749 
f 1748/1748/1748 1752/1752/1752 1751/1751/1751 
f 1752/1752/1752 1748/1748/1748 1753/1753/1753 
f 1751/1751/1751 1752/1752/1752 1754/1754/1754 
f 1754/1754/1754 1752/1752/1752 1755/1755/1755 
f 1756/1756/1756 1754/1754/1754 1755/1755/1755 
f 1754/1754/1754 1756/1756/1756 1757/1757/1757 
f 1758/1758/1758 1757/1757/1757 1756/1756/1756 
f 1758/1758/1758 1759/1759/1759 1757/1757/1757 
f 1759/1759/1759 1758/1758/1758 1760/1760/1760 
f 1761/1761/1761 1762/1762/1762 1763/1763/1763 
f 1764/1764/1764 1762/1762/1762 1761/1761/1761 
f 1765/1765/1765 1763/1763/1763 1762/1762/1762 
f 1766/1766/1766 1764/1764/1764 1761/1761/1761 
f 1763/1763/1763 1765/1765/1765 1767/1767/1767 
f 1766/1766/1766 1761/1761/1761 1768/1768/1768 
f 1765/1765/1765 1768/1768/1768 1767/1767/1767 
f 1765/1765/1765 1766/1766/1766 1768/1768/1768 
f 1769/1769/1769 1770/1770/1770 1771/1771/1771 
f 1769/1769/1769 1771/1771/1771 1772/1772/1772 
f 1770/1770/1770 1773/1773/1773 1771/1771/1771 
f 1774/1774/1774 1769/1769/1769 1772/1772/1772 
f 1770/1770/1770 1775/1775/1775 1773/1773/1773 
f 1774/1774/1774 1772/1772/1772 1776/1776/1776 
f 1773/1773/1773 1775/1775/1775 1777/1777/1777 
f 1778/1778/1778 1774/1774/1774 1776/1776/1776 
f 1777/1777/1777 1779/1779/1779 1773/1773/1773 
f 1777/1777/1777 1778/1778/1778 1779/1779/1779 
f 1774/1774/1774 1778/1778/1778 1780/1780/1780 
f 1777/1777/1777 1780/1780/1780 1778/1778/1778 
f 1781/1781/1781 1782/1782/1782 1783/1783/1783 
f 1784/1784/1784 1783/1783/1783 1782/1782/1782 
f 1785/1785/1785 1781/1781/1781 1783/1783/1783 
f 1782/1782/1782 1786/1786/1786 1784/1784/1784 
f 1781/1781/1781 1785/1785/1785 1787/1787/1787 
f 1788/1788/1788 1784/1784/1784 1786/1786/1786 
f 1785/1785/1785 1789/1789/1789 1787/1787/1787 
f 1786/1786/1786 1790/1790/1790 1788/1788/1788 
f 1791/1791/1791 1789/1789/1789 1785/1785/1785 
f 1791/1791/1791 1790/1790/1790 1789/1789/1789 
f 1790/1790/1790 1786/1786/1786 1792/1792/1792 
f 1790/1790/1790 1792/1792/1792 1789/1789/1789 
f 1793/1793/1793 1794/1794/1794 1795/1795/1795 
f 1795/1795/1795 1796/1796/1796 1793/1793/1793 
f 1794/1794/1794 1797/1797/1797 1795/1795/1795 
f 1797/1797/1797 1794/1794/1794 1798/1798/1798 
f 1799/1799/1799 1800/1800/1800 1801/1801/1801 
f 1800/1800/1800 1802/1802/1802 1801/1801/1801 
f 1802/1802/1802 1800/1800/1800 1803/1803/1803 
f 1802/1802/1802 1803/1803/1803 1804/1804/1804 
f 1805/1805/1805 1806/1806/1806 1807/1807/1807 
f 1806/1806/1806 1805/1805/1805 1808/1808/1808 
f 1805/1805/1805 1809/1809/1809 1808/1808/1808 
f 1805/1805/1805 1810/1810/1810 1809/1809/1809 
f 1811/1811/1811 1809/1809/1809 1810/1810/1810 
f 1811/1811/1811 1812/1812/1812 1806/1806/1806 
f 1810/1810/1810 1813/1813/1813 1811/1811/1811 
f 1812/1812/1812 1811/1811/1811 1813/1813/1813 
f 1814/1814/1814 1815/1815/1815 1816/1816/1816 
f 1815/1815/1815 1814/1814/1814 1817/1817/1817 
f 1818/1818/1818 1814/1814/1814 1816/1816/1816 
f 1814/1814/1814 1818/1818/1818 1819/1819/1819 
f 1820/1820/1820 1819/1819/1819 1818/1818/1818 
f 1821/1821/1821 1820/1820/1820 1815/1815/1815 
f 1822/1822/1822 1819/1819/1819 1820/1820/1820 
f 1820/1820/1820 1821/1821/1821 1822/1822/1822 
f 1823/1823/1823 1824/1824/1824 1825/1825/1825 
f 1823/1823/1823 1825/1825/1825 1826/1826/1826 
f 1827/1827/1827 1828/1828/1828 1829/1829/1829 
f 1827/1827/1827 1829/1829/1829 1830/1830/1830 
f 1831/1831/1831 1832/1832/1832 1833/1833/1833 
f 1834/1834/1834 1833/1833/1833 1832/1832/1832 
f 1833/1833/1833 1834/1834/1834 1835/1835/1835 
f 1836/1836/1836 1833/1833/1833 1835/1835/1835 
f 1836/1836/1836 1837/1837/1837 1833/1833/1833 
f 1837/1837/1837 1831/1831/1831 1833/1833/1833 
f 1832/1832/1832 1831/1831/1831 1838/1838/1838 
f 1839/1839/1839 1831/1831/1831 1837/1837/1837 
f 1840/1840/1840 1838/1838/1838 1831/1831/1831 
f 1839/1839/1839 1840/1840/1840 1831/1831/1831 
f 1838/1838/1838 1840/1840/1840 1841/1841/1841 
f 1842/1842/1842 1840/1840/1840 1839/1839/1839 
f 1840/1840/1840 1843/1843/1843 1841/1841/1841 
f 1844/1844/1844 1840/1840/1840 1842/1842/1842 
f 1845/1845/1845 1843/1843/1843 1840/1840/1840 
f 1840/1840/1840 1844/1844/1844 1845/1845/1845 
f 1845/1845/1845 1846/1846/1846 1843/1843/1843 
f 1847/1847/1847 1845/1845/1845 1844/1844/1844 
f 1848/1848/1848 1846/1846/1846 1845/1845/1845 
f 1845/1845/1845 1847/1847/1847 1848/1848/1848 
f 1849/1849/1849 1850/1850/1850 1851/1851/1851 
f 1849/1849/1849 1851/1851/1851 1852/1852/1852 
f 1849/1849/1849 1852/1852/1852 1853/1853/1853 
f 1853/1853/1853 1852/1852/1852 1854/1854/1854 
f 1854/1854/1854 1855/1855/1855 1853/1853/1853 
f 1855/1855/1855 1854/1854/1854 1856/1856/1856 
f 1857/1857/1857 1858/1858/1858 1859/1859/1859 
f 1860/1860/1860 1859/1859/1859 1858/1858/1858 
f 1861/1861/1861 1860/1860/1860 1858/1858/1858 
f 1861/1861/1861 1858/1858/1858 1862/1862/1862 
f 1862/1862/1862 1863/1863/1863 1861/1861/1861 
f 1864/1864/1864 1861/1861/1861 1863/1863/1863 
f 1865/1865/1865 1866/1866/1866 1867/1867/1867 
f 1866/1866/1866 1865/1865/1865 1868/1868/1868 
f 1869/1869/1869 1870/1870/1870 1871/1871/1871 
f 1871/1871/1871 1872/1872/1872 1869/1869/1869 
f 1873/1873/1873 1874/1874/1874 1875/1875/1875 
f 1875/1875/1875 1876/1876/1876 1873/1873/1873 
f 1877/1877/1877 1878/1878/1878 1879/1879/1879 
f 1878/1878/1878 1877/1877/1877 1880/1880/1880 

g Part4

v -0.417826 0.161516 -0.058303 
v -0.387977 0.0149738 -0.058303 
v -0.548497 0.111767 -0.058303 
v -0.529924 0.161516 -0.058303 
v -0.551151 0.141616 -0.058303 
v -0.344198 0.0447728 -0.058303 
v -0.31256 -0.0208952 -0.058303 
v -0.0284615 -0.0208952 -0.058303 
v 0.0325625 0.0116078 -0.058303 
v 0.20038 0.0281898 -0.058303 
v 0.722562 0.123574 -0.058303 
v 0.439525 0.0487318 -0.058303 
v 0.711815 0.0988998 -0.058303 
v 0.0325625 0.0116078 0.051173 
v -0.344198 0.0447728 0.051173 
v -0.0284615 -0.0208952 0.051173 
v -0.31256 -0.0208952 0.051173 
v 0.20038 0.0281898 0.051173 
v -0.387977 0.0149738 0.051173 
v 0.722562 0.123574 0.051173 
v 0.439525 0.0487318 0.051173 
v 0.711815 0.0988998 0.051173 
v -0.417826 0.161516 0.051173 
v -0.548497 0.111767 0.051173 
v -0.529924 0.161516 0.051173 
v -0.551151 0.141616 0.051173 
v 0.711815 0.0988998 -0.058303 
v 0.442034 0.0295208 -0.00356504 
v 0.439525 0.0487318 -0.058303 
v 0.723799 0.0836768 -0.00356504 
v 0.711815 0.0988998 0.051173 
v 0.439525 0.0487318 0.051173 
v 0.202162 0.00889778 -0.00356504 
v 0.20038 0.0281898 -0.058303 
v 0.20038 0.0281898 0.051173 
v 0.0381755 -0.00693622 -0.00356504 
v 0.0325625 0.0116078 -0.058303 
v 0.0325625 0.0116078 0.051173 
v -0.0237685 -0.0396922 -0.00356504 
v -0.0284615 -0.0208952 -0.058303 
v -0.0284615 -0.0208952 0.051173 
v -0.316826 -0.0397942 -0.00356504 
v -0.31256 -0.0208952 -0.058303 
v -0.31256 -0.0208952 0.051173 
v -0.387977 0.0149738 -0.058303 
v -0.387977 0.0149738 0.051173 
v -0.397151 -0.00209022 -0.00356504 
v -0.548497 0.111767 -0.058303 
v -0.548497 0.111767 0.051173 
v -0.564928 0.101502 -0.00356504 
v -0.569252 0.148523 -0.00356504 
v -0.551151 0.141616 -0.058303 
v -0.551151 0.141616 0.051173 
v -0.537049 0.179533 -0.00356504 
v -0.529924 0.161516 -0.058303 
v -0.529924 0.161516 0.051173 
v -0.417826 0.161516 -0.058303 
v -0.417826 0.161516 0.051173 
v -0.408468 0.178481 -0.00356504 
v -0.335464 0.0620668 -0.00356504 
v -0.344198 0.0447728 -0.058303 
v -0.344198 0.0447728 0.051173 
v 0.722562 0.123574 -0.058303 
v 0.722562 0.123574 0.051173 
v 0.738371 0.134775 -0.00356504 
v 0.711815 0.0988998 -0.058303 
v 0.711815 0.0988998 0.051173 
v 0.723799 0.0836768 -0.00356504 

vn 0 0 -1 
vn 0 0 -1 
vn 0 0 -1 
vn 0 0 -1 
vn 0 0 -1 
vn 0 0 -1 
vn 0 0 -1 
vn 0 0 -1 
vn 0 0 -1 
vn 0 0 -1 
vn 0 0 -1 
vn 0 0 -1 
vn 0 0 -1 
vn 0 0 1 
vn 0 0 1 
vn 0 0 1 
vn 0 0 1 
vn 0 0 1 
vn 0 0 1 
vn 0 0 1 
vn 0 0 1 
vn 0 0 1 
vn 0 0 1 
vn 0 0 1 
vn 0 0 1 
vn 0 0 1 
vn 0.173228 -0.929134 -0.314961 
vn 0.133858 -0.992126 0 
vn 0.125984 -0.937008 -0.322835 
vn 0.181102 -0.984252 0 
vn 0.173228 -0.929134 0.314961 
vn 0.125984 -0.937008 0.322835 
vn 0.0944882 -0.992126 0 
vn 0.0866142 -0.937008 -0.330709 
vn 0.0866142 -0.937008 0.330709 
vn 0.291339 -0.96063 0 
vn 0.275591 -0.905512 -0.338583 
vn 0.275591 -0.905512 0.338583 
vn 0.244094 -0.968504 0 
vn 0.228346 -0.913386 -0.330709 
vn 0.228346 -0.913386 0.330709 
vn -0.220472 -0.976378 0 
vn -0.204724 -0.92126 -0.330709 
vn -0.204724 -0.92126 0.330709 
vn -0.448819 -0.834646 -0.322835 
vn -0.448819 -0.834646 0.322835 
vn -0.472441 -0.88189 0 
vn -0.795276 -0.496063 -0.338583 
vn -0.795276 -0.496063 0.338583 
vn -0.850394 -0.527559 0 
vn -0.937008 0.354331 0 
vn -0.88189 0.330709 -0.338583 
vn -0.88189 0.330709 0.338583 
vn -0.370079 0.929134 0 
vn -0.346457 0.88189 -0.330709 
vn -0.346457 0.88189 0.330709 
vn 0.456693 0.818898 -0.338583 
vn 0.456693 0.818898 0.338583 
vn 0.488189 0.874016 0 
vn 0.448819 0.897638 0 
vn 0.425197 0.850394 -0.307087 
vn 0.425197 0.850394 0.307087 
vn 0.724409 0.559055 -0.409449 
vn 0.724409 0.559055 0.409449 
vn 0.795276 0.606299 0 
vn 0.92126 -0.307087 -0.244094 
vn 0.92126 -0.307087 0.244094 
vn 0.944882 -0.314961 0 

vt 0 0 
vt 0 0 
vt 0 0 
vt 0 0 
vt 0 0 
vt 0 0 
vt 0 0 
vt 0 0 
vt 0 0 
vt 0 0 
vt 0 0 
vt 0 0 
vt 0 0 
vt 0 0 
vt 0 0 
vt 0 0 
vt 0 0 
vt 0 0 
vt 0 0 
vt 0 0 
vt 0 0 
vt 0 0 
vt 0 0 
vt 0 0 
vt 0 0 
vt 0 0 
vt 0 0 
vt 0 0 
vt 0 0 
vt 0 0 
vt 0 0 
vt 0 0 
vt 0 0 
vt 0 0 
vt 0 0 
vt 0 0 
vt 0 0 
vt 0 0 
vt 0 0 
vt 0 0 
vt 0 0 
vt 0 0 
vt 0 0 
vt 0 0 
vt 0 0 
vt 0 0 
vt 0 0 
vt 0 0 
vt 0 0 
vt 0 0 
vt 0 0 
vt 0 0 
vt 0 0 
vt 0 0 
vt 0 0 
vt 0 0 
vt 0 0 
vt 0 0 
vt 0 0 
vt 0 0 
vt 0 0 
vt 0 0 
vt 0 0 
vt 0 0 
vt 0 0 
vt 0 0 
vt 0 0 
vt 0 0 

usemtl Part1Mtl

f 1881/1881/1881 1882/1882/1882 1883/1883/1883 
f 1883/1883/1883 1884/1884/1884 1881/1881/1881 
f 1884/1884/1884 1883/1883/1883 1885/1885/1885 
f 1882/1882/1882 1881/1881/1881 1886/1886/1886 
f 1882/1882/1882 1886/1886/1886 1887/1887/1887 
f 1886/1886/1886 1888/1888/1888 1887/1887/1887 
f 1886/1886/1886 1889/1889/1889 1888/1888/1888 
f 1886/1886/1886 1890/1890/1890 1889/1889/1889 
f 1890/1890/1890 1886/1886/1886 1891/1891/1891 
f 1890/1890/1890 1891/1891/1891 1892/1892/1892 
f 1892/1892/1892 1891/1891/1891 1893/1893/1893 
f 1894/1894/1894 1895/1895/1895 1896/1896/1896 
f 1897/1897/1897 1896/1896/1896 1895/1895/1895 
f 1898/1898/1898 1895/1895/1895 1894/1894/1894 
f 1895/1895/1895 1899/1899/1899 1897/1897/1897 
f 1898/1898/1898 1900/1900/1900 1895/1895/1895 
f 1900/1900/1900 1898/1898/1898 1901/1901/1901 
f 1900/1900/1900 1901/1901/1901 1902/1902/1902 
f 1899/1899/1899 1895/1895/1895 1903/1903/1903 
f 1899/1899/1899 1903/1903/1903 1904/1904/1904 
f 1904/1904/1904 1903/1903/1903 1905/1905/1905 
f 1904/1904/1904 1905/1905/1905 1906/1906/1906 
f 1907/1907/1907 1908/1908/1908 1909/1909/1909 
f 1908/1908/1908 1907/1907/1907 1910/1910/1910 
f 1911/1911/1911 1908/1908/1908 1910/1910/1910 
f 1908/1908/1908 1911/1911/1911 1912/1912/1912 
f 1913/1913/1913 1909/1909/1909 1908/1908/1908 
f 1913/1913/1913 1908/1908/1908 1912/1912/1912 
f 1909/1909/1909 1913/1913/1913 1914/1914/1914 
f 1913/1913/1913 1912/1912/1912 1915/1915/1915 
f 1916/1916/1916 1914/1914/1914 1913/1913/1913 
f 1916/1916/1916 1913/1913/1913 1915/1915/1915 
f 1914/1914/1914 1916/1916/1916 1917/1917/1917 
f 1916/1916/1916 1915/1915/1915 1918/1918/1918 
f 1919/1919/1919 1917/1917/1917 1916/1916/1916 
f 1916/1916/1916 1918/1918/1918 1919/1919/1919 
f 1917/1917/1917 1919/1919/1919 1920/1920/1920 
f 1919/1919/1919 1918/1918/1918 1921/1921/1921 
f 1922/1922/1922 1920/1920/1920 1919/1919/1919 
f 1922/1922/1922 1919/1919/1919 1921/1921/1921 
f 1920/1920/1920 1922/1922/1922 1923/1923/1923 
f 1922/1922/1922 1921/1921/1921 1924/1924/1924 
f 1923/1923/1923 1922/1922/1922 1925/1925/1925 
f 1926/1926/1926 1922/1922/1922 1924/1924/1924 
f 1925/1925/1925 1922/1922/1922 1927/1927/1927 
f 1922/1922/1922 1926/1926/1926 1927/1927/1927 
f 1928/1928/1928 1925/1925/1925 1927/1927/1927 
f 1929/1929/1929 1927/1927/1927 1926/1926/1926 
f 1928/1928/1928 1927/1927/1927 1930/1930/1930 
f 1927/1927/1927 1929/1929/1929 1930/1930/1930 
f 1931/1931/1931 1928/1928/1928 1930/1930/1930 
f 1929/1929/1929 1931/1931/1931 1930/1930/1930 
f 1928/1928/1928 1931/1931/1931 1932/1932/1932 
f 1931/1931/1931 1929/1929/1929 1933/1933/1933 
f 1934/1934/1934 1932/1932/1932 1931/1931/1931 
f 1931/1931/1931 1933/1933/1933 1934/1934/1934 
f 1932/1932/1932 1934/1934/1934 1935/1935/1935 
f 1934/1934/1934 1933/1933/1933 1936/1936/1936 
f 1937/1937/1937 1935/1935/1935 1934/1934/1934 
f 1938/1938/1938 1934/1934/1934 1936/1936/1936 
f 1937/1937/1937 1934/1934/1934 1939/1939/1939 
f 1934/1934/1934 1938/1938/1938 1939/1939/1939 
f 1940/1940/1940 1937/1937/1937 1939/1939/1939 
f 1940/1940/1940 1939/1939/1939 1938/1938/1938 
f 1937/1937/1937 1940/1940/1940 1941/1941/1941 
f 1940/1940/1940 1938/1938/1938 1942/1942/1942 
f 1943/1943/1943 1941/1941/1941 1940/1940/1940 
f 1944/1944/1944 1940/1940/1940 1942/1942/1942 
f 1943/1943/1943 1940/1940/1940 1945/1945/1945 
f 1940/1940/1940 1944/1944/1944 1945/1945/1945 
f 1943/1943/1943 1945/1945/1945 1946/1946/1946 
f 1947/1947/1947 1945/1945/1945 1944/1944/1944 
f 1946/1946/1946 1945/1945/1945 1948/1948/1948 
f 1945/1945/1945 1947/1947/1947 1948/1948/1948 

g Part5

v -0.381337 0.0718955 -0.063867 
v -0.342091 0.233301 -0.063867 
v -0.329378 0.0254635 -0.063867 
v -0.434402 0.122197 -0.063867 
v -0.434954 0.0713425 -0.063867 
v 0.0277053 0.220035 -0.063867 
v 0.0446593 0.20564 -0.063867 
v 0.120939 0.0517515 -0.063867 
v -0.434954 0.0713425 0.056737 
v -0.381337 0.0718955 0.056737 
v -0.434402 0.122197 0.056737 
v -0.342091 0.233301 0.056737 
v -0.329378 0.0254635 0.056737 
v 0.0277053 0.220035 0.056737 
v 0.0446593 0.20564 0.056737 
v 0.120939 0.0517515 0.056737 
v 0.120939 0.0517515 -0.063867 
v -0.329378 0.0254635 0.056737 
v -0.329378 0.0254635 -0.063867 
v 0.120939 0.0517515 0.056737 
v -0.381337 0.0718955 -0.063867 
v -0.381337 0.0718955 0.056737 
v -0.434954 0.0713425 -0.063867 
v -0.434954 0.0713425 0.056737 
v -0.434402 0.122197 -0.063867 
v -0.434402 0.122197 0.056737 
v -0.342091 0.233301 -0.063867 
v -0.342091 0.233301 0.056737 
v 0.0277053 0.220035 -0.063867 
v 0.0277053 0.220035 0.056737 

vn 0 0 -1 
vn 0 0 -1 
vn 0 0 -1 
vn 0 0 -1 
vn 0 0 -1 
vn 0 0 -1 
vn 0 0 -1 
vn 0 0 -1 
vn 0 0 1 
vn 0 0 1 
vn 0 0 1 
vn 0 0 1 
vn 0 0 1 
vn 0 0 1 
vn 0 0 1 
vn 0 0 1 
vn 0.0551181 -1 0 
vn -0.330709 -0.944882 0 
vn -0.330709 -0.944882 0 
vn 0.0551181 -1 0 
vn -0.354331 -0.937008 0 
vn -0.354331 -0.937008 0 
vn -0.708661 -0.708661 0 
vn -0.708661 -0.708661 0 
vn -0.937008 0.346457 0 
vn -0.937008 0.346457 0 
vn -0.409449 0.913386 0 
vn -0.409449 0.913386 0 
vn 0.0314961 1 0 
vn 0.0314961 1 0 

vt 0 0 
vt 0 0 
vt 0 0 
vt 0 0 
vt 0 0 
vt 0 0 
vt 0 0 
vt 0 0 
vt 0 0 
vt 0 0 
vt 0 0 
vt 0 0 
vt 0 0 
vt 0 0 
vt 0 0 
vt 0 0 
vt 0 0 
vt 0 0 
vt 0 0 
vt 0 0 
vt 0 0 
vt 0 0 
vt 0 0 
vt 0 0 
vt 0 0 
vt 0 0 
vt 0 0 
vt 0 0 
vt 0 0 
vt 0 0 

usemtl Part1Mtl

f 1949/1949/1949 1950/1950/1950 1951/1951/1951 
f 1950/1950/1950 1949/1949/1949 1952/1952/1952 
f 1953/1953/1953 1952/1952/1952 1949/1949/1949 
f 1951/1951/1951 1950/1950/1950 1954/1954/1954 
f 1955/1955/1955 1951/1951/1951 1954/1954/1954 
f 1951/1951/1951 1955/1955/1955 1956/1956/1956 
f 1957/1957/1957 1958/1958/1958 1959/1959/1959 
f 1958/1958/1958 1960/1960/1960 1959/1959/1959 
f 1961/1961/1961 1960/1960/1960 1958/1958/1958 
f 1961/1961/1961 1962/1962/1962 1960/1960/1960 
f 1962/1962/1962 1961/1961/1961 1963/1963/1963 
f 1963/1963/1963 1961/1961/1961 1964/1964/1964 
f 1965/1965/1965 1966/1966/1966 1967/1967/1967 
f 1966/1966/1966 1965/1965/1965 1968/1968/1968 
f 1967/1967/1967 1966/1966/1966 1969/1969/1969 
f 1969/1969/1969 1966/1966/1966 1970/1970/1970 
f 1969/1969/1969 1970/1970/1970 1971/1971/1971 
f 1971/1971/1971 1970/1970/1970 1972/1972/1972 
f 1972/1972/1972 1973/1973/1973 1971/1971/1971 
f 1973/1973/1973 1972/1972/1972 1974/1974/1974 
f 1973/1973/1973 1974/1974/1974 1975/1975/1975 
f 1975/1975/1975 1974/1974/1974 1976/1976/1976 
f 1976/1976/1976 1977/1977/1977 1975/1975/1975 
f 1977/1977/1977 1976/1976/1976 1978/1978/1978 

