# This file is brought to you by Roblox Corporation
# Generated by Roblox Studio

mtllib HourGlass.mtl

g Part1

v -5.73251e-17 -0.469602 -0.280046 
v -5.73251e-17 -0.469602 0.280046 
v -0.280046 -0.469602 -5.73251e-17 
v -0.198023 -0.469602 0.198023 
v -0.198023 -0.469602 -0.198023 
v 0.280046 -0.469602 -5.73251e-17 
v 0.198023 -0.469602 0.198023 
v 0.198023 -0.469602 -0.198023 
v 5.76943e-17 0.469602 -0.280046 
v 5.76943e-17 0.469602 0.280046 
v 0.280046 0.469602 5.76943e-17 
v 0.198023 0.469602 0.198023 
v 0.198023 0.469602 -0.198023 
v -0.280046 0.469602 5.76943e-17 
v -0.198023 0.469602 0.198023 
v -0.198023 0.469602 -0.198023 
v -5.49636e-17 -0.450319 0.299538 
v 0.211805 -0.450319 0.211805 
v 0.211268 -0.420286 0.211268 
v 0.198023 -0.469602 0.198023 
v 0.299538 -0.450319 -5.49636e-17 
v -5.73251e-17 -0.469602 0.280046 
v 0.280046 -0.469602 -5.73251e-17 
v -0.198023 -0.469602 0.198023 
v 0.198023 -0.469602 -0.198023 
v -0.211805 -0.450319 0.211805 
v 0.211805 -0.450319 -0.211805 
v -0.299538 -0.450319 -5.49636e-17 
v -0.280046 -0.469602 -5.73251e-17 
v -0.211268 -0.420286 0.211268 
v -0.198023 -0.469602 -0.198023 
v -5.12856e-17 -0.420286 0.298778 
v -0.198777 -0.395357 0.198777 
v -4.82327e-17 -0.395357 0.281113 
v 0.198777 -0.395357 0.198777 
v -0.298778 -0.420286 -5.12856e-17 
v -0.281113 -0.395357 -4.82327e-17 
v -0.198777 -0.395357 -0.198777 
v 0.298778 -0.420286 -5.12856e-17 
v 0.281113 -0.395357 -4.82327e-17 
v 0.198777 -0.395357 -0.198777 
v 0.211268 -0.420286 -0.211268 
v -0.211268 -0.420286 -0.211268 
v -0.211805 -0.450319 -0.211805 
v -5.49636e-17 -0.450319 -0.299538 
v -5.73251e-17 -0.469602 -0.280046 
v -5.12856e-17 -0.420286 -0.298778 
v -4.82327e-17 -0.395357 -0.281113 
v 0.211805 0.450319 0.211805 
v 5.53328e-17 0.450319 0.299538 
v 0.211268 0.420287 0.211268 
v 0.198023 0.469602 0.198023 
v 5.76943e-17 0.469602 0.280046 
v 0.299538 0.450319 5.53328e-17 
v 0.280046 0.469602 5.76943e-17 
v 0.198023 0.469602 -0.198023 
v -0.198023 0.469602 0.198023 
v 0.211805 0.450319 -0.211805 
v -0.211805 0.450319 0.211805 
v 5.53328e-17 0.450319 -0.299538 
v 5.76943e-17 0.469602 -0.280046 
v 0.211268 0.420287 -0.211268 
v -0.198023 0.469602 -0.198023 
v 0.298778 0.420287 5.16549e-17 
v 0.198777 0.395358 -0.198777 
v 0.281113 0.395358 4.86019e-17 
v 0.198777 0.395358 0.198777 
v 5.16549e-17 0.420287 -0.298778 
v 4.86019e-17 0.395358 -0.281113 
v -0.198777 0.395358 -0.198777 
v 5.16549e-17 0.420287 0.298778 
v 4.86019e-17 0.395358 0.281113 
v -0.198777 0.395358 0.198777 
v -0.211268 0.420287 0.211268 
v -0.211268 0.420287 -0.211268 
v -0.211805 0.450319 -0.211805 
v -0.299538 0.450319 5.53328e-17 
v -0.280046 0.469602 5.76943e-17 
v -0.298778 0.420287 5.16549e-17 
v -0.281113 0.395358 4.86019e-17 
v 4.27365e-17 0.347463 0.213812 
v -0.136069 0.395358 0.136069 
v -0.151188 0.347463 0.151188 
v -0.213812 0.347463 4.27365e-17 
v 4.86019e-17 0.395358 0.19243 
v -0.19243 0.395358 4.86019e-17 
v 0.136069 0.395358 0.136069 
v -0.136069 0.395358 -0.136069 
v 0.151188 0.347463 0.151188 
v -0.151188 0.347463 -0.151188 
v 0.213812 0.347463 4.27365e-17 
v 4.27365e-17 0.347463 -0.213812 
v 0.19243 0.395358 4.86019e-17 
v 4.86019e-17 0.395358 -0.19243 
v 0.136069 0.395358 -0.136069 
v 0.151188 0.347463 -0.151188 
v 0.213812 -0.347463 -4.23673e-17 
v 0.136069 -0.395357 0.136069 
v 0.19243 -0.395357 -4.82327e-17 
v 0.136069 -0.395357 -0.136069 
v 0.151188 -0.347463 0.151188 
v 0.151188 -0.347463 -0.151188 
v -4.23673e-17 -0.347463 0.213812 
v -4.23673e-17 -0.347463 -0.213812 
v -4.82327e-17 -0.395357 0.19243 
v -4.82327e-17 -0.395357 -0.19243 
v -0.136069 -0.395357 0.136069 
v -0.136069 -0.395357 -0.136069 
v -0.151188 -0.347463 0.151188 
v -0.151188 -0.347463 -0.151188 
v -0.213812 -0.347463 -4.23673e-17 
v -0.19243 -0.395357 -4.82327e-17 
v 0.024103 -0.0384895 0.19766 
v 0.034087 -0.0384895 0.221763 
v 0.015958 -0.0677035 0.205805 
v -4.52899e-18 -0.0384895 0.187676 
v 0.022568 -0.0677035 0.221763 
v -8.10667e-18 -0.0677035 0.199195 
v 0.015958 -0.0677035 0.237721 
v -0.015958 -0.0677035 0.205805 
v 0.024103 -0.0384895 0.245866 
v -0.024103 -0.0384895 0.19766 
v -4.52899e-18 -0.0384895 0.25585 
v -0.034087 -0.0384895 0.221763 
v -8.10667e-18 -0.0677035 0.244331 
v -0.022568 -0.0677035 0.221763 
v -0.015958 -0.0677035 0.237721 
v -0.024103 -0.0384895 0.245866 
v 0.024103 0.0384895 0.19766 
v 0.015958 0.0677035 0.205805 
v 0.034087 0.0384895 0.221763 
v 4.89822e-18 0.0384895 0.187676 
v 0.022568 0.0677035 0.221763 
v 8.4759e-18 0.0677035 0.199195 
v 0.015958 0.0677035 0.237721 
v -0.015958 0.0677035 0.205805 
v 0.024103 0.0384895 0.245866 
v -0.024103 0.0384895 0.19766 
v 4.89822e-18 0.0384895 0.25585 
v -0.034087 0.0384895 0.221763 
v 8.4759e-18 0.0677035 0.244331 
v -0.022568 0.0677035 0.221763 
v -0.015958 0.0677035 0.237721 
v -0.024103 0.0384895 0.245866 
v -0.180768 -0.0677035 -0.130426 
v -0.159127 -0.0384895 -0.119704 
v -0.170253 -0.0677035 -0.116722 
v -0.172508 -0.0677035 -0.099597 
v -0.175009 -0.0384895 -0.140401 
v -0.162532 -0.0384895 -0.093838 
v -0.200875 -0.0384895 -0.143807 
v -0.18323 -0.0384895 -0.077956 
v -0.197893 -0.0677035 -0.13268 
v -0.186211 -0.0677035 -0.089083 
v -0.211596 -0.0677035 -0.122165 
v -0.203336 -0.0677035 -0.091337 
v -0.221572 -0.0384895 -0.127925 
v -0.209096 -0.0384895 -0.081361 
v -0.224977 -0.0384895 -0.102059 
v -0.213851 -0.0677035 -0.10504 
v -0.180768 0.0677035 -0.130426 
v -0.159127 0.0384895 -0.119704 
v -0.175009 0.0384895 -0.140401 
v -0.200875 0.0384895 -0.143807 
v -0.170253 0.0677035 -0.116722 
v -0.197893 0.0677035 -0.13268 
v -0.172508 0.0677035 -0.099597 
v -0.211596 0.0677035 -0.122165 
v -0.162532 0.0384895 -0.093838 
v -0.221572 0.0384895 -0.127925 
v -0.18323 0.0384895 -0.077956 
v -0.224977 0.0384895 -0.102059 
v -0.186211 0.0677035 -0.089083 
v -0.213851 0.0677035 -0.10504 
v -0.203336 0.0677035 -0.091337 
v -0.209096 0.0384895 -0.081361 
v 0.180768 -0.0677035 -0.130426 
v 0.159127 -0.0384895 -0.119704 
v 0.175009 -0.0384895 -0.140401 
v 0.200874 -0.0384895 -0.143807 
v 0.170253 -0.0677035 -0.116722 
v 0.197893 -0.0677035 -0.13268 
v 0.172508 -0.0677035 -0.099598 
v 0.211596 -0.0677035 -0.122165 
v 0.162532 -0.0384895 -0.093838 
v 0.221572 -0.0384895 -0.127925 
v 0.18323 -0.0384895 -0.077956 
v 0.224977 -0.0384895 -0.102059 
v 0.186211 -0.0677035 -0.089083 
v 0.213851 -0.0677035 -0.105041 
v 0.203336 -0.0677035 -0.091337 
v 0.209096 -0.0384895 -0.081362 
v 0.180768 0.0677035 -0.130426 
v 0.159127 0.0384895 -0.119704 
v 0.170253 0.0677035 -0.116722 
v 0.172508 0.0677035 -0.099598 
v 0.175009 0.0384895 -0.140401 
v 0.162532 0.0384895 -0.093838 
v 0.200874 0.0384895 -0.143807 
v 0.18323 0.0384895 -0.077956 
v 0.197893 0.0677035 -0.13268 
v 0.186211 0.0677035 -0.089083 
v 0.211596 0.0677035 -0.122165 
v 0.203336 0.0677035 -0.091337 
v 0.221572 0.0384895 -0.127925 
v 0.209096 0.0384895 -0.081362 
v 0.224977 0.0384895 -0.102059 
v 0.213851 0.0677035 -0.105041 
v 0.010056 5.09084e-07 0.211707 
v -4.52899e-18 -0.0384895 0.187676 
v 1.84677e-19 5.09084e-07 0.207541 
v -0.010056 5.09084e-07 0.211707 
v 0.024103 -0.0384895 0.19766 
v -0.024103 -0.0384895 0.19766 
v 0.034087 -0.0384895 0.221763 
v -0.034087 -0.0384895 0.221763 
v 0.014222 5.09084e-07 0.221763 
v -0.014222 5.09084e-07 0.221763 
v 0.010056 5.09084e-07 0.231819 
v -0.010056 5.09084e-07 0.231819 
v 0.024103 -0.0384895 0.245866 
v -0.024103 -0.0384895 0.245866 
v -4.52899e-18 -0.0384895 0.25585 
v 1.84677e-19 5.09084e-07 0.235984 
v 4.89822e-18 0.0384895 0.187676 
v 0.010056 5.09084e-07 0.211707 
v 1.84677e-19 5.09084e-07 0.207541 
v -0.010056 5.09084e-07 0.211707 
v 0.024103 0.0384895 0.19766 
v -0.024103 0.0384895 0.19766 
v 0.034087 0.0384895 0.221763 
v -0.034087 0.0384895 0.221763 
v 0.014222 5.09084e-07 0.221763 
v -0.014222 5.09084e-07 0.221763 
v 0.010056 5.09084e-07 0.231819 
v -0.010056 5.09084e-07 0.231819 
v 0.024103 0.0384895 0.245866 
v -0.024103 0.0384895 0.245866 
v 4.89822e-18 0.0384895 0.25585 
v 1.84677e-19 5.09084e-07 0.235984 
v -0.179736 5.09084e-07 -0.103771 
v -0.159127 -0.0384895 -0.119704 
v -0.178315 5.09084e-07 -0.114562 
v -0.184941 5.09084e-07 -0.123198 
v -0.162532 -0.0384895 -0.093838 
v -0.175009 -0.0384895 -0.140401 
v -0.18323 -0.0384895 -0.077956 
v -0.200875 -0.0384895 -0.143807 
v -0.188371 5.09084e-07 -0.097144 
v -0.195733 5.09084e-07 -0.124618 
v -0.199163 5.09084e-07 -0.098565 
v -0.204369 5.09084e-07 -0.117992 
v -0.209096 -0.0384895 -0.081361 
v -0.221572 -0.0384895 -0.127925 
v -0.224977 -0.0384895 -0.102059 
v -0.205789 5.09084e-07 -0.107201 
v -0.162532 0.0384895 -0.093838 
v -0.179736 5.09084e-07 -0.103771 
v -0.159127 0.0384895 -0.119704 
v -0.18323 0.0384895 -0.077956 
v -0.178315 5.09084e-07 -0.114562 
v -0.188371 5.09084e-07 -0.097144 
v -0.184941 5.09084e-07 -0.123198 
v -0.199163 5.09084e-07 -0.098565 
v -0.175009 0.0384895 -0.140401 
v -0.209096 0.0384895 -0.081361 
v -0.200875 0.0384895 -0.143807 
v -0.224977 0.0384895 -0.102059 
v -0.195733 5.09084e-07 -0.124618 
v -0.205789 5.09084e-07 -0.107201 
v -0.204369 5.09084e-07 -0.117992 
v -0.221572 0.0384895 -0.127925 
v 0.162532 -0.0384895 -0.093838 
v 0.179736 5.09084e-07 -0.103771 
v 0.159127 -0.0384895 -0.119704 
v 0.18323 -0.0384895 -0.077956 
v 0.178315 5.09084e-07 -0.114562 
v 0.188371 5.09084e-07 -0.097144 
v 0.184941 5.09084e-07 -0.123198 
v 0.199163 5.09084e-07 -0.098565 
v 0.175009 -0.0384895 -0.140401 
v 0.209096 -0.0384895 -0.081362 
v 0.200874 -0.0384895 -0.143807 
v 0.224977 -0.0384895 -0.102059 
v 0.195733 5.09084e-07 -0.124619 
v 0.205789 5.09084e-07 -0.107201 
v 0.204369 5.09084e-07 -0.117992 
v 0.221572 -0.0384895 -0.127925 
v 0.179736 5.09084e-07 -0.103771 
v 0.159127 0.0384895 -0.119704 
v 0.178315 5.09084e-07 -0.114562 
v 0.184941 5.09084e-07 -0.123198 
v 0.162532 0.0384895 -0.093838 
v 0.175009 0.0384895 -0.140401 
v 0.18323 0.0384895 -0.077956 
v 0.200874 0.0384895 -0.143807 
v 0.188371 5.09084e-07 -0.097144 
v 0.195733 5.09084e-07 -0.124619 
v 0.199163 5.09084e-07 -0.098565 
v 0.204369 5.09084e-07 -0.117992 
v 0.209096 0.0384895 -0.081362 
v 0.221572 0.0384895 -0.127925 
v 0.224977 0.0384895 -0.102059 
v 0.205789 5.09084e-07 -0.107201 
v -0.015958 -0.0677035 0.205805 
v -0.037994 -0.103277 0.221763 
v -0.022568 -0.0677035 0.221763 
v -0.015958 -0.0677035 0.237721 
v -0.026866 -0.103277 0.194897 
v -1.24632e-17 -0.103277 0.183769 
v -8.10667e-18 -0.0677035 0.199195 
v 0.015958 -0.0677035 0.205805 
v -0.025356 -0.157034 0.196407 
v 0.026866 -0.103277 0.194897 
v -0.026866 -0.103277 0.248629 
v -1.90466e-17 -0.157034 0.185905 
v -1.24632e-17 -0.103277 0.259757 
v -8.10667e-18 -0.0677035 0.244331 
v -0.025356 -0.157034 0.247118 
v -0.035858 -0.157034 0.221763 
v 0.015958 -0.0677035 0.237721 
v -0.007955 -0.237669 0.213808 
v 0.026866 -0.103277 0.248629 
v 0.037994 -0.103277 0.221763 
v 0.022568 -0.0677035 0.221763 
v 0.025356 -0.157034 0.247118 
v 0.025356 -0.157034 0.196407 
v 0.035858 -0.157034 0.221763 
v 0.007955 -0.237669 0.213808 
v -2.89215e-17 -0.237669 0.210513 
v 0.01125 -0.237669 0.221763 
v 0.007955 -0.237669 0.229718 
v -1.90466e-17 -0.157034 0.257621 
v -3.77316e-17 -0.30961 0.203785 
v 0.017978 -0.30961 0.221763 
v 0.012712 -0.30961 0.209051 
v -4.89619e-17 -0.401311 0.196571 
v 0.017814 -0.401311 0.203949 
v 0.025192 -0.401311 0.221763 
v -0.012712 -0.30961 0.209051 
v -0.017814 -0.401311 0.203949 
v -0.025192 -0.401311 0.221763 
v 0.012712 -0.30961 0.234475 
v 0.017814 -0.401311 0.239577 
v -4.89619e-17 -0.401311 0.246955 
v -0.017978 -0.30961 0.221763 
v -0.01125 -0.237669 0.221763 
v -0.007955 -0.237669 0.229718 
v -0.012712 -0.30961 0.234475 
v -0.017814 -0.401311 0.239577 
v -3.77316e-17 -0.30961 0.239741 
v -2.89215e-17 -0.237669 0.233013 
v -0.015958 0.0677035 0.205805 
v -0.037994 0.103278 0.221763 
v -0.026866 0.103278 0.194897 
v -0.022568 0.0677035 0.221763 
v -0.015958 0.0677035 0.237721 
v 1.28325e-17 0.103278 0.183769 
v 8.4759e-18 0.0677035 0.199195 
v 0.015958 0.0677035 0.205805 
v -0.025356 0.157035 0.196407 
v 0.026866 0.103278 0.194897 
v -0.026866 0.103278 0.248629 
v 0.037994 0.103278 0.221763 
v 0.022568 0.0677035 0.221763 
v 0.025356 0.157035 0.196407 
v 0.015958 0.0677035 0.237721 
v 1.94158e-17 0.157035 0.185905 
v 0.026866 0.103278 0.248629 
v 1.28325e-17 0.103278 0.259757 
v 8.4759e-18 0.0677035 0.244331 
v 0.025356 0.157035 0.247118 
v -0.025356 0.157035 0.247118 
v 1.94158e-17 0.157035 0.257621 
v 0.035858 0.157035 0.221763 
v 0.007955 0.23767 0.229718 
v -0.035858 0.157035 0.221763 
v -0.007955 0.23767 0.229718 
v 2.92907e-17 0.23767 0.233013 
v -0.007955 0.23767 0.213808 
v -0.01125 0.23767 0.221763 
v 3.81008e-17 0.30961 0.239741 
v -0.017978 0.30961 0.221763 
v -0.012712 0.30961 0.234475 
v 4.93311e-17 0.401312 0.246955 
v -0.017814 0.401312 0.239577 
v -0.025192 0.401312 0.221763 
v 0.012712 0.30961 0.234475 
v 0.017814 0.401312 0.239577 
v 0.025192 0.401312 0.221763 
v -0.012712 0.30961 0.209051 
v -0.017814 0.401312 0.203949 
v 4.93311e-17 0.401312 0.196571 
v 3.81008e-17 0.30961 0.203785 
v 2.92907e-17 0.23767 0.210513 
v 0.007955 0.23767 0.213808 
v 0.012712 0.30961 0.209051 
v 0.017814 0.401312 0.203949 
v 0.017978 0.30961 0.221763 
v 0.01125 0.23767 0.221763 
v -0.182219 -0.103277 -0.074182 
v -0.203336 -0.0677035 -0.091337 
v -0.211049 -0.103277 -0.077978 
v -0.186211 -0.0677035 -0.089083 
v -0.172508 -0.0677035 -0.099597 
v -0.228751 -0.103277 -0.101048 
v -0.213851 -0.0677035 -0.10504 
v -0.211596 -0.0677035 -0.122165 
v -0.209981 -0.157034 -0.079827 
v -0.224956 -0.103277 -0.129878 
v -0.159149 -0.103277 -0.091884 
v -0.201886 -0.103277 -0.147581 
v -0.197893 -0.0677035 -0.13268 
v -0.223106 -0.157034 -0.12881 
v -0.180768 -0.0677035 -0.130426 
v -0.226689 -0.157034 -0.101601 
v -0.173055 -0.103277 -0.143785 
v -0.155353 -0.103277 -0.120715 
v -0.170253 -0.0677035 -0.116722 
v -0.174123 -0.157034 -0.141936 
v -0.160998 -0.157034 -0.092952 
v -0.157416 -0.157034 -0.120162 
v -0.201333 -0.157034 -0.145518 
v -0.186427 -0.237669 -0.120624 
v -0.182771 -0.157034 -0.076245 
v -0.182309 -0.237669 -0.105256 
v -0.181186 -0.237669 -0.113793 
v -0.197677 -0.237669 -0.101139 
v -0.18914 -0.237669 -0.100015 
v -0.174687 -0.30961 -0.115534 
v -0.187399 -0.30961 -0.093516 
v -0.176483 -0.30961 -0.101892 
v -0.167718 -0.401311 -0.117402 
v -0.170235 -0.401311 -0.098285 
v -0.185532 -0.401311 -0.086547 
v -0.183063 -0.30961 -0.126451 
v -0.179456 -0.401311 -0.132699 
v -0.198573 -0.401311 -0.135215 
v -0.201041 -0.30961 -0.095312 
v -0.204648 -0.401311 -0.089064 
v -0.216386 -0.401311 -0.104361 
v -0.196705 -0.30961 -0.128247 
v -0.194964 -0.237669 -0.121748 
v -0.201795 -0.237669 -0.116506 
v -0.207622 -0.30961 -0.11987 
v -0.21387 -0.401311 -0.123478 
v -0.209418 -0.30961 -0.106228 
v -0.202919 -0.237669 -0.10797 
v -0.186211 0.0677035 -0.089083 
v -0.182219 0.103278 -0.074182 
v -0.203336 0.0677035 -0.091337 
v -0.172508 0.0677035 -0.099597 
v -0.211049 0.103278 -0.077978 
v -0.228751 0.103278 -0.101048 
v -0.213851 0.0677035 -0.10504 
v -0.211596 0.0677035 -0.122165 
v -0.209981 0.157035 -0.079827 
v -0.224956 0.103278 -0.129878 
v -0.159149 0.103278 -0.091884 
v -0.201886 0.103278 -0.147581 
v -0.197893 0.0677035 -0.13268 
v -0.223106 0.157035 -0.12881 
v -0.180768 0.0677035 -0.130426 
v -0.226689 0.157035 -0.101601 
v -0.173055 0.103278 -0.143785 
v -0.201795 0.23767 -0.116506 
v -0.201333 0.157035 -0.145518 
v -0.174123 0.157035 -0.141936 
v -0.155353 0.103278 -0.120715 
v -0.170253 0.0677035 -0.116722 
v -0.160998 0.157035 -0.092952 
v -0.157416 0.157035 -0.120162 
v -0.186427 0.23767 -0.120624 
v -0.182771 0.157035 -0.076245 
v -0.182309 0.23767 -0.105256 
v -0.181186 0.23767 -0.113793 
v -0.194964 0.23767 -0.121748 
v -0.174687 0.30961 -0.115534 
v -0.196705 0.30961 -0.128247 
v -0.183063 0.30961 -0.126451 
v -0.167718 0.401312 -0.117402 
v -0.179456 0.401312 -0.132699 
v -0.198573 0.401312 -0.135215 
v -0.176483 0.30961 -0.101892 
v -0.170235 0.401312 -0.098285 
v -0.185532 0.401312 -0.086547 
v -0.207622 0.30961 -0.11987 
v -0.21387 0.401312 -0.123478 
v -0.216386 0.401312 -0.104361 
v -0.187399 0.30961 -0.093516 
v -0.18914 0.23767 -0.100015 
v -0.197677 0.23767 -0.101139 
v -0.201041 0.30961 -0.095312 
v -0.204648 0.401312 -0.089064 
v -0.209418 0.30961 -0.106228 
v -0.202919 0.23767 -0.10797 
v 0.182219 -0.103277 -0.074182 
v 0.211049 -0.103277 -0.077978 
v 0.203336 -0.0677035 -0.091337 
v 0.186211 -0.0677035 -0.089083 
v 0.172508 -0.0677035 -0.099598 
v 0.228751 -0.103277 -0.101048 
v 0.213851 -0.0677035 -0.105041 
v 0.211596 -0.0677035 -0.122165 
v 0.209981 -0.157034 -0.079827 
v 0.224956 -0.103277 -0.129878 
v 0.159149 -0.103277 -0.091885 
v 0.201886 -0.103277 -0.147581 
v 0.197893 -0.0677035 -0.13268 
v 0.223106 -0.157034 -0.128811 
v 0.180768 -0.0677035 -0.130426 
v 0.226689 -0.157034 -0.101601 
v 0.173055 -0.103277 -0.143785 
v 0.201795 -0.237669 -0.116506 
v 0.155353 -0.103277 -0.120715 
v 0.170253 -0.0677035 -0.116722 
v 0.201333 -0.157034 -0.145518 
v 0.174123 -0.157034 -0.141936 
v 0.160998 -0.157034 -0.092952 
v 0.157416 -0.157034 -0.120162 
v 0.186427 -0.237669 -0.120624 
v 0.194964 -0.237669 -0.121748 
v 0.182771 -0.157034 -0.076245 
v 0.182309 -0.237669 -0.105256 
v 0.181185 -0.237669 -0.113793 
v 0.174687 -0.30961 -0.115535 
v 0.197677 -0.237669 -0.101139 
v 0.18914 -0.237669 -0.100015 
v 0.187399 -0.30961 -0.093516 
v 0.202919 -0.237669 -0.10797 
v 0.209417 -0.30961 -0.106229 
v 0.201041 -0.30961 -0.095312 
v 0.216386 -0.401311 -0.104361 
v 0.204648 -0.401311 -0.089064 
v 0.185532 -0.401311 -0.086548 
v 0.207621 -0.30961 -0.11987 
v 0.213869 -0.401311 -0.123478 
v 0.198573 -0.401311 -0.135216 
v 0.196705 -0.30961 -0.128247 
v 0.183063 -0.30961 -0.126451 
v 0.179456 -0.401311 -0.132699 
v 0.167718 -0.401311 -0.117402 
v 0.176483 -0.30961 -0.101893 
v 0.170235 -0.401311 -0.098285 
v 0.182219 0.103278 -0.074182 
v 0.186211 0.0677035 -0.089083 
v 0.203336 0.0677035 -0.091337 
v 0.172508 0.0677035 -0.099598 
v 0.211049 0.103278 -0.077978 
v 0.228751 0.103278 -0.101048 
v 0.213851 0.0677035 -0.105041 
v 0.211596 0.0677035 -0.122165 
v 0.209981 0.157035 -0.079827 
v 0.224956 0.103278 -0.129878 
v 0.159149 0.103278 -0.091885 
v 0.201886 0.103278 -0.147581 
v 0.197893 0.0677035 -0.13268 
v 0.223106 0.157035 -0.128811 
v 0.180768 0.0677035 -0.130426 
v 0.226689 0.157035 -0.101601 
v 0.173055 0.103278 -0.143785 
v 0.155353 0.103278 -0.120715 
v 0.170253 0.0677035 -0.116722 
v 0.174123 0.157035 -0.141936 
v 0.160998 0.157035 -0.092952 
v 0.157416 0.157035 -0.120162 
v 0.201333 0.157035 -0.145518 
v 0.186427 0.23767 -0.120624 
v 0.201795 0.23767 -0.116506 
v 0.194964 0.23767 -0.121748 
v 0.181185 0.23767 -0.113793 
v 0.182309 0.23767 -0.105256 
v 0.174687 0.30961 -0.115535 
v 0.196705 0.30961 -0.128247 
v 0.183063 0.30961 -0.126451 
v 0.167718 0.401312 -0.117402 
v 0.179456 0.401312 -0.132699 
v 0.198573 0.401312 -0.135216 
v 0.176483 0.30961 -0.101893 
v 0.170235 0.401312 -0.098285 
v 0.185532 0.401312 -0.086548 
v 0.207621 0.30961 -0.11987 
v 0.213869 0.401312 -0.123478 
v 0.216386 0.401312 -0.104361 
v 0.209417 0.30961 -0.106229 
v 0.202919 0.23767 -0.10797 
v 0.197677 0.23767 -0.101139 
v 0.201041 0.30961 -0.095312 
v 0.204648 0.401312 -0.089064 
v 0.187399 0.30961 -0.093516 
v 0.18914 0.23767 -0.100015 
v 0.182771 0.157035 -0.076245 
v -0.133068 -0.325942 0.133068 
v -3.97317e-17 -0.325942 0.188187 
v 0.133068 -0.325942 0.133068 
v -0.133068 -0.325942 -0.133068 
v -0.188187 -0.325942 -3.97317e-17 
v 0.133068 -0.325942 -0.133068 
v 0.188187 -0.325942 -3.97317e-17 
v -3.97317e-17 -0.325942 -0.188187 
v 0.133068 0.325942 -0.133068 
v -0.133068 0.325942 -0.133068 
v 4.01009e-17 0.325942 -0.188187 
v 0.133068 0.325942 0.133068 
v 0.188187 0.325942 4.01009e-17 
v -0.133068 0.325942 0.133068 
v 4.01009e-17 0.325942 0.188187 
v -0.188187 0.325942 4.01009e-17 
v -3.97317e-17 -0.325942 0.188187 
v 0.151188 -0.347463 0.151188 
v 0.133068 -0.325942 0.133068 
v 0.188187 -0.325942 -3.97317e-17 
v -4.23673e-17 -0.347463 0.213812 
v 0.213812 -0.347463 -4.23673e-17 
v -0.151188 -0.347463 0.151188 
v 0.151188 -0.347463 -0.151188 
v -0.133068 -0.325942 0.133068 
v 0.133068 -0.325942 -0.133068 
v -0.188187 -0.325942 -3.97317e-17 
v -3.97317e-17 -0.325942 -0.188187 
v -0.213812 -0.347463 -4.23673e-17 
v -4.23673e-17 -0.347463 -0.213812 
v -0.151188 -0.347463 -0.151188 
v -0.133068 -0.325942 -0.133068 
v 0.151188 0.347463 0.151188 
v 4.01009e-17 0.325942 0.188187 
v 0.133068 0.325942 0.133068 
v 0.188187 0.325942 4.01009e-17 
v 4.27365e-17 0.347463 0.213812 
v 0.213812 0.347463 4.27365e-17 
v -0.151188 0.347463 0.151188 
v 0.151188 0.347463 -0.151188 
v -0.133068 0.325942 0.133068 
v 0.133068 0.325942 -0.133068 
v -0.188187 0.325942 4.01009e-17 
v 4.01009e-17 0.325942 -0.188187 
v -0.213812 0.347463 4.27365e-17 
v 4.27365e-17 0.347463 -0.213812 
v -0.151188 0.347463 -0.151188 
v -0.133068 0.325942 -0.133068 
v -0.136069 -0.395357 0.136069 
v -4.82327e-17 -0.395357 0.281113 
v -4.82327e-17 -0.395357 0.19243 
v 0.136069 -0.395357 0.136069 
v -0.198777 -0.395357 0.198777 
v 0.198777 -0.395357 0.198777 
v -0.281113 -0.395357 -4.82327e-17 
v 0.281113 -0.395357 -4.82327e-17 
v -0.19243 -0.395357 -4.82327e-17 
v 0.19243 -0.395357 -4.82327e-17 
v -0.136069 -0.395357 -0.136069 
v 0.136069 -0.395357 -0.136069 
v -0.198777 -0.395357 -0.198777 
v 0.198777 -0.395357 -0.198777 
v -4.82327e-17 -0.395357 -0.281113 
v -4.82327e-17 -0.395357 -0.19243 
v 4.86019e-17 0.395358 0.281113 
v -0.136069 0.395358 0.136069 
v 4.86019e-17 0.395358 0.19243 
v 0.136069 0.395358 0.136069 
v -0.198777 0.395358 0.198777 
v 0.198777 0.395358 0.198777 
v -0.281113 0.395358 4.86019e-17 
v 0.281113 0.395358 4.86019e-17 
v -0.19243 0.395358 4.86019e-17 
v 0.19243 0.395358 4.86019e-17 
v -0.136069 0.395358 -0.136069 
v 0.136069 0.395358 -0.136069 
v -0.198777 0.395358 -0.198777 
v 0.198777 0.395358 -0.198777 
v 4.86019e-17 0.395358 -0.281113 
v 4.86019e-17 0.395358 -0.19243 

vn 0 -1 0 
vn 0 -1 0 
vn 0 -1 0 
vn 0 -1 0 
vn 0 -1 0 
vn 0 -1 0 
vn 0 -1 0 
vn 0 -1 0 
vn 0 1 0 
vn 0 1 0 
vn 0 1 0 
vn 0 1 0 
vn 0 1 0 
vn 0 1 0 
vn 0 1 0 
vn 0 1 0 
vn 0 -0.346457 0.937008 
vn 0.661417 -0.346457 0.661417 
vn 0.677165 0.299213 0.677165 
vn 0.496063 -0.708661 0.496063 
vn 0.937008 -0.346457 0 
vn 0 -0.708661 0.700787 
vn 0.700787 -0.708661 0 
vn -0.496063 -0.708661 0.496063 
vn 0.496063 -0.708661 -0.496063 
vn -0.661417 -0.346457 0.661417 
vn 0.661417 -0.346457 -0.661417 
vn -0.937008 -0.346457 0 
vn -0.700787 -0.708661 0 
vn -0.677165 0.299213 0.677165 
vn -0.496063 -0.708661 -0.496063 
vn 0 0.299213 0.952756 
vn -0.574803 0.574803 0.574803 
vn 0 0.574803 0.818898 
vn 0.574803 0.574803 0.574803 
vn -0.952756 0.299213 0 
vn -0.818898 0.574803 0 
vn -0.574803 0.574803 -0.574803 
vn 0.952756 0.299213 0 
vn 0.818898 0.574803 0 
vn 0.574803 0.574803 -0.574803 
vn 0.677165 0.299213 -0.677165 
vn -0.677165 0.299213 -0.677165 
vn -0.661417 -0.346457 -0.661417 
vn 0 -0.346457 -0.937008 
vn 0 -0.708661 -0.700787 
vn 0 0.299213 -0.952756 
vn 0 0.574803 -0.818898 
vn 0.661417 0.346457 0.661417 
vn 0 0.346457 0.937008 
vn 0.677165 -0.299213 0.677165 
vn 0.496063 0.708661 0.496063 
vn 0 0.708661 0.700787 
vn 0.937008 0.346457 0 
vn 0.700787 0.708661 0 
vn 0.496063 0.708661 -0.496063 
vn -0.496063 0.708661 0.496063 
vn 0.661417 0.346457 -0.661417 
vn -0.661417 0.346457 0.661417 
vn 0 0.346457 -0.937008 
vn 0 0.708661 -0.700787 
vn 0.677165 -0.299213 -0.677165 
vn -0.496063 0.708661 -0.496063 
vn 0.952756 -0.299213 0 
vn 0.574803 -0.574803 -0.574803 
vn 0.818898 -0.574803 0 
vn 0.574803 -0.574803 0.574803 
vn 0 -0.299213 -0.952756 
vn 0 -0.574803 -0.818898 
vn -0.574803 -0.574803 -0.574803 
vn 0 -0.299213 0.952756 
vn 0 -0.574803 0.818898 
vn -0.574803 -0.574803 0.574803 
vn -0.677165 -0.299213 0.677165 
vn -0.677165 -0.299213 -0.677165 
vn -0.661417 0.346457 -0.661417 
vn -0.937008 0.346457 0 
vn -0.700787 0.708661 0 
vn -0.952756 -0.299213 0 
vn -0.818898 -0.574803 0 
vn 0 0.409449 0.913386 
vn -0.645669 0.409449 0.645669 
vn -0.645669 0.409449 0.645669 
vn -0.913386 0.409449 0 
vn 0 0.409449 0.913386 
vn -0.913386 0.409449 0 
vn 0.645669 0.409449 0.645669 
vn -0.645669 0.409449 -0.645669 
vn 0.645669 0.409449 0.645669 
vn -0.645669 0.409449 -0.645669 
vn 0.913386 0.409449 0 
vn 0 0.409449 -0.913386 
vn 0.913386 0.409449 0 
vn 0 0.409449 -0.913386 
vn 0.645669 0.409449 -0.645669 
vn 0.645669 0.409449 -0.645669 
vn 0.913386 -0.409449 0 
vn 0.645669 -0.409449 0.645669 
vn 0.913386 -0.409449 0 
vn 0.645669 -0.409449 -0.645669 
vn 0.645669 -0.409449 0.645669 
vn 0.645669 -0.409449 -0.645669 
vn 0 -0.409449 0.913386 
vn 0 -0.409449 -0.913386 
vn 0 -0.409449 0.913386 
vn 0 -0.409449 -0.913386 
vn -0.645669 -0.409449 0.645669 
vn -0.645669 -0.409449 -0.645669 
vn -0.645669 -0.409449 0.645669 
vn -0.645669 -0.409449 -0.645669 
vn -0.913386 -0.409449 0 
vn -0.913386 -0.409449 0 
vn 0.661417 -0.370079 -0.661417 
vn 0.929134 -0.370079 0 
vn 0.661417 -0.370079 -0.661417 
vn 0 -0.370079 -0.929134 
vn 0.929134 -0.370079 0 
vn 0 -0.370079 -0.929134 
vn 0.661417 -0.370079 0.661417 
vn -0.661417 -0.370079 -0.661417 
vn 0.661417 -0.370079 0.661417 
vn -0.661417 -0.370079 -0.661417 
vn 0 -0.370079 0.929134 
vn -0.929134 -0.370079 0 
vn 0 -0.370079 0.929134 
vn -0.929134 -0.370079 0 
vn -0.661417 -0.370079 0.661417 
vn -0.661417 -0.370079 0.661417 
vn 0.661417 0.370079 -0.661417 
vn 0.661417 0.370079 -0.661417 
vn 0.929134 0.370079 0 
vn 0 0.370079 -0.929134 
vn 0.929134 0.370079 0 
vn 0 0.370079 -0.929134 
vn 0.661417 0.370079 0.661417 
vn -0.661417 0.370079 -0.661417 
vn 0.661417 0.370079 0.661417 
vn -0.661417 0.370079 -0.661417 
vn 0 0.370079 0.929134 
vn -0.929134 0.370079 0 
vn 0 0.370079 0.929134 
vn -0.929134 0.370079 0 
vn -0.661417 0.370079 0.661417 
vn -0.661417 0.370079 0.661417 
vn 0.464567 -0.370079 -0.80315 
vn 0.897638 -0.370079 -0.244094 
vn 0.897638 -0.370079 -0.244094 
vn 0.80315 -0.370079 0.464567 
vn 0.464567 -0.370079 -0.80315 
vn 0.80315 -0.370079 0.464567 
vn -0.244094 -0.370079 -0.897638 
vn 0.244094 -0.370079 0.897638 
vn -0.244094 -0.370079 -0.897638 
vn 0.244094 -0.370079 0.897638 
vn -0.80315 -0.370079 -0.464567 
vn -0.464567 -0.370079 0.80315 
vn -0.80315 -0.370079 -0.464567 
vn -0.464567 -0.370079 0.80315 
vn -0.897638 -0.370079 0.244094 
vn -0.897638 -0.370079 0.244094 
vn 0.464567 0.370079 -0.80315 
vn 0.897638 0.370079 -0.244094 
vn 0.464567 0.370079 -0.80315 
vn -0.244094 0.370079 -0.897638 
vn 0.897638 0.370079 -0.244094 
vn -0.244094 0.370079 -0.897638 
vn 0.80315 0.370079 0.464567 
vn -0.80315 0.370079 -0.464567 
vn 0.80315 0.370079 0.464567 
vn -0.80315 0.370079 -0.464567 
vn 0.244094 0.370079 0.897638 
vn -0.897638 0.370079 0.244094 
vn 0.244094 0.370079 0.897638 
vn -0.897638 0.370079 0.244094 
vn -0.464567 0.370079 0.80315 
vn -0.464567 0.370079 0.80315 
vn -0.464567 -0.370079 -0.80315 
vn -0.897638 -0.370079 -0.244094 
vn -0.464567 -0.370079 -0.80315 
vn 0.244094 -0.370079 -0.897638 
vn -0.897638 -0.370079 -0.244094 
vn 0.244094 -0.370079 -0.897638 
vn -0.80315 -0.370079 0.464567 
vn 0.80315 -0.370079 -0.464567 
vn -0.80315 -0.370079 0.464567 
vn 0.80315 -0.370079 -0.464567 
vn -0.244094 -0.370079 0.897638 
vn 0.897638 -0.370079 0.244094 
vn -0.244094 -0.370079 0.897638 
vn 0.897638 -0.370079 0.244094 
vn 0.464567 -0.370079 0.80315 
vn 0.464567 -0.370079 0.80315 
vn -0.464567 0.370079 -0.80315 
vn -0.897638 0.370079 -0.244094 
vn -0.897638 0.370079 -0.244094 
vn -0.80315 0.370079 0.464567 
vn -0.464567 0.370079 -0.80315 
vn -0.80315 0.370079 0.464567 
vn 0.244094 0.370079 -0.897638 
vn -0.244094 0.370079 0.897638 
vn 0.244094 0.370079 -0.897638 
vn -0.244094 0.370079 0.897638 
vn 0.80315 0.370079 -0.464567 
vn 0.464567 0.370079 0.80315 
vn 0.80315 0.370079 -0.464567 
vn 0.464567 0.370079 0.80315 
vn 0.897638 0.370079 0.244094 
vn 0.897638 0.370079 0.244094 
vn 0.629921 0.456693 -0.629921 
vn 0 0.456693 -0.889764 
vn 0 0.456693 -0.889764 
vn -0.629921 0.456693 -0.629921 
vn 0.629921 0.456693 -0.629921 
vn -0.629921 0.456693 -0.629921 
vn 0.889764 0.456693 0 
vn -0.889764 0.456693 0 
vn 0.889764 0.456693 0 
vn -0.889764 0.456693 0 
vn 0.629921 0.456693 0.629921 
vn -0.629921 0.456693 0.629921 
vn 0.629921 0.456693 0.629921 
vn -0.629921 0.456693 0.629921 
vn 0 0.456693 0.889764 
vn 0 0.456693 0.889764 
vn 0 -0.456693 -0.889764 
vn 0.629921 -0.456693 -0.629921 
vn 0 -0.456693 -0.889764 
vn -0.629921 -0.456693 -0.629921 
vn 0.629921 -0.456693 -0.629921 
vn -0.629921 -0.456693 -0.629921 
vn 0.889764 -0.456693 0 
vn -0.889764 -0.456693 0 
vn 0.889764 -0.456693 0 
vn -0.889764 -0.456693 0 
vn 0.629921 -0.456693 0.629921 
vn -0.629921 -0.456693 0.629921 
vn 0.629921 -0.456693 0.629921 
vn -0.629921 -0.456693 0.629921 
vn 0 -0.456693 0.889764 
vn 0 -0.456693 0.889764 
vn 0.771654 0.456693 0.440945 
vn 0.858268 0.456693 -0.228346 
vn 0.858268 0.456693 -0.228346 
vn 0.440945 0.456693 -0.771654 
vn 0.771654 0.456693 0.440945 
vn 0.440945 0.456693 -0.771654 
vn 0.228346 0.456693 0.858268 
vn -0.228346 0.456693 -0.858268 
vn 0.228346 0.456693 0.858268 
vn -0.228346 0.456693 -0.858268 
vn -0.440945 0.456693 0.771654 
vn -0.771654 0.456693 -0.440945 
vn -0.440945 0.456693 0.771654 
vn -0.771654 0.456693 -0.440945 
vn -0.858268 0.456693 0.228346 
vn -0.858268 0.456693 0.228346 
vn 0.771654 -0.456693 0.440945 
vn 0.771654 -0.456693 0.440945 
vn 0.858268 -0.456693 -0.228346 
vn 0.228346 -0.456693 0.858268 
vn 0.858268 -0.456693 -0.228346 
vn 0.228346 -0.456693 0.858268 
vn 0.440945 -0.456693 -0.771654 
vn -0.440945 -0.456693 0.771654 
vn 0.440945 -0.456693 -0.771654 
vn -0.440945 -0.456693 0.771654 
vn -0.228346 -0.456693 -0.858268 
vn -0.858268 -0.456693 0.228346 
vn -0.228346 -0.456693 -0.858268 
vn -0.858268 -0.456693 0.228346 
vn -0.771654 -0.456693 -0.440945 
vn -0.771654 -0.456693 -0.440945 
vn -0.771654 0.456693 0.440945 
vn -0.771654 0.456693 0.440945 
vn -0.858268 0.456693 -0.228346 
vn -0.228346 0.456693 0.858268 
vn -0.858268 0.456693 -0.228346 
vn -0.228346 0.456693 0.858268 
vn -0.440945 0.456693 -0.771654 
vn 0.440945 0.456693 0.771654 
vn -0.440945 0.456693 -0.771654 
vn 0.440945 0.456693 0.771654 
vn 0.228346 0.456693 -0.858268 
vn 0.858268 0.456693 0.228346 
vn 0.228346 0.456693 -0.858268 
vn 0.858268 0.456693 0.228346 
vn 0.771654 0.456693 -0.440945 
vn 0.771654 0.456693 -0.440945 
vn -0.771654 -0.456693 0.440945 
vn -0.858268 -0.456693 -0.228346 
vn -0.858268 -0.456693 -0.228346 
vn -0.440945 -0.456693 -0.771654 
vn -0.771654 -0.456693 0.440945 
vn -0.440945 -0.456693 -0.771654 
vn -0.228346 -0.456693 0.858268 
vn 0.228346 -0.456693 -0.858268 
vn -0.228346 -0.456693 0.858268 
vn 0.228346 -0.456693 -0.858268 
vn 0.440945 -0.456693 0.771654 
vn 0.771654 -0.456693 -0.440945 
vn 0.440945 -0.456693 0.771654 
vn 0.771654 -0.456693 -0.440945 
vn 0.858268 -0.456693 0.228346 
vn 0.858268 -0.456693 0.228346 
vn -0.645669 0.401575 -0.645669 
vn -0.984252 0.173228 0 
vn -0.92126 0.401575 0 
vn -0.645669 0.401575 0.645669 
vn -0.692913 0.173228 -0.692913 
vn 0 0.173228 -0.984252 
vn 0 0.401575 -0.92126 
vn 0.645669 0.401575 -0.645669 
vn -0.700787 -0.165354 -0.700787 
vn 0.692913 0.173228 -0.692913 
vn -0.692913 0.173228 0.692913 
vn 0 -0.165354 -0.984252 
vn 0 0.173228 0.984252 
vn 0 0.401575 0.913386 
vn -0.700787 -0.165354 0.700787 
vn -0.984252 -0.165354 0 
vn 0.645669 0.401575 0.645669 
vn -0.700787 -0.102362 -0.700787 
vn 0.692913 0.173228 0.692913 
vn 0.984252 0.173228 0 
vn 0.913386 0.401575 0 
vn 0.700787 -0.165354 0.700787 
vn 0.700787 -0.165354 -0.700787 
vn 0.984252 -0.165354 0 
vn 0.700787 -0.102362 -0.700787 
vn 0 -0.102362 -0.992126 
vn 0.992126 -0.102362 0 
vn 0.700787 -0.102362 0.700787 
vn 0 -0.165354 0.984252 
vn 0 0.0866142 -1 
vn 1 0.0866142 0 
vn 0.700787 0.0866142 -0.708661 
vn 0 0.0787402 -1 
vn 0.708661 0.0787402 -0.708661 
vn 1 0.0787402 0 
vn -0.700787 0.0866142 -0.700787 
vn -0.708661 0.0787402 -0.708661 
vn -1 0.0787402 0 
vn 0.700787 0.0866142 0.700787 
vn 0.708661 0.0787402 0.708661 
vn 0 0.0787402 1 
vn -1 0.0866142 0 
vn -0.992126 -0.102362 0 
vn -0.700787 -0.102362 0.700787 
vn -0.708661 0.0866142 0.700787 
vn -0.708661 0.0787402 0.708661 
vn 0 0.0866142 1 
vn 0 -0.102362 0.992126 
vn -0.645669 -0.401575 -0.645669 
vn -0.984252 -0.173228 0 
vn -0.692913 -0.173228 -0.692913 
vn -0.92126 -0.401575 0 
vn -0.645669 -0.401575 0.645669 
vn 0 -0.173228 -0.984252 
vn 0 -0.401575 -0.92126 
vn 0.645669 -0.401575 -0.645669 
vn -0.700787 0.165354 -0.700787 
vn 0.692913 -0.173228 -0.692913 
vn -0.692913 -0.173228 0.692913 
vn 0.984252 -0.173228 0 
vn 0.913386 -0.401575 0 
vn 0.700787 0.165354 -0.700787 
vn 0.645669 -0.401575 0.645669 
vn 0 0.165354 -0.984252 
vn 0.692913 -0.173228 0.692913 
vn 0 -0.173228 0.984252 
vn 0 -0.401575 0.913386 
vn 0.700787 0.165354 0.700787 
vn -0.700787 0.165354 0.700787 
vn 0 0.165354 0.984252 
vn 0.984252 0.165354 0 
vn 0.700787 0.102362 0.700787 
vn -0.984252 0.165354 0 
vn -0.700787 0.102362 0.700787 
vn 0 0.102362 0.992126 
vn -0.700787 0.102362 -0.700787 
vn -0.992126 0.102362 0 
vn 0 -0.0866142 1 
vn -1 -0.0866142 0 
vn -0.708661 -0.0866142 0.700787 
vn 0 -0.0787402 1 
vn -0.708661 -0.0787402 0.708661 
vn -1 -0.0787402 0 
vn 0.700787 -0.0866142 0.700787 
vn 0.708661 -0.0787402 0.708661 
vn 1 -0.0787402 0 
vn -0.700787 -0.0866142 -0.700787 
vn -0.708661 -0.0787402 -0.708661 
vn 0 -0.0787402 -1 
vn 0 -0.0866142 -1 
vn 0 0.102362 -0.992126 
vn 0.700787 0.102362 -0.700787 
vn 0.700787 -0.0866142 -0.708661 
vn 0.708661 -0.0787402 -0.708661 
vn 1 -0.0866142 0 
vn 0.992126 0.102362 0 
vn 0.251969 0.173228 0.952756 
vn -0.456693 0.401575 0.795276 
vn -0.496063 0.173228 0.850394 
vn 0.23622 0.401575 0.889764 
vn 0.795276 0.401575 0.456693 
vn -0.952756 0.173228 0.251969 
vn -0.889764 0.401575 0.23622 
vn -0.795276 0.401575 -0.456693 
vn -0.496063 -0.165354 0.858268 
vn -0.850394 0.173228 -0.496063 
vn 0.850394 0.173228 0.496063 
vn -0.251969 0.173228 -0.952756 
vn -0.23622 0.401575 -0.889764 
vn -0.850394 -0.165354 -0.496063 
vn 0.456693 0.401575 -0.795276 
vn -0.952756 -0.165354 0.251969 
vn 0.496063 0.173228 -0.850394 
vn 0.952756 0.173228 -0.251969 
vn 0.889764 0.401575 -0.23622 
vn 0.496063 -0.165354 -0.858268 
vn 0.858268 -0.165354 0.496063 
vn 0.952756 -0.165354 -0.251969 
vn -0.251969 -0.165354 -0.952756 
vn 0.496063 -0.102362 -0.858268 
vn 0.251969 -0.165354 0.952756 
vn 0.858268 -0.102362 0.496063 
vn 0.96063 -0.102362 -0.259843 
vn -0.496063 -0.102362 0.858268 
vn 0.259843 -0.102362 0.96063 
vn 0.96063 0.0866142 -0.259843 
vn 0.259843 0.0866142 0.96063 
vn 0.866142 0.0866142 0.496063 
vn 0.96063 0.0787402 -0.259843 
vn 0.866142 0.0787402 0.496063 
vn 0.259843 0.0787402 0.96063 
vn 0.496063 0.0866142 -0.866142 
vn 0.496063 0.0787402 -0.866142 
vn -0.259843 0.0787402 -0.96063 
vn -0.496063 0.0866142 0.866142 
vn -0.496063 0.0787402 0.866142 
vn -0.96063 0.0787402 0.259843 
vn -0.259843 0.0866142 -0.96063 
vn -0.259843 -0.102362 -0.96063 
vn -0.858268 -0.102362 -0.496063 
vn -0.866142 0.0866142 -0.496063 
vn -0.866142 0.0787402 -0.496063 
vn -0.96063 0.0866142 0.259843 
vn -0.96063 -0.102362 0.259843 
vn 0.23622 -0.401575 0.889764 
vn 0.251969 -0.173228 0.952756 
vn -0.456693 -0.401575 0.795276 
vn 0.795276 -0.401575 0.456693 
vn -0.496063 -0.173228 0.850394 
vn -0.952756 -0.173228 0.251969 
vn -0.889764 -0.401575 0.23622 
vn -0.795276 -0.401575 -0.456693 
vn -0.496063 0.165354 0.858268 
vn -0.850394 -0.173228 -0.496063 
vn 0.850394 -0.173228 0.496063 
vn -0.251969 -0.173228 -0.952756 
vn -0.23622 -0.401575 -0.889764 
vn -0.850394 0.165354 -0.496063 
vn 0.456693 -0.401575 -0.795276 
vn -0.952756 0.165354 0.251969 
vn 0.496063 -0.173228 -0.850394 
vn -0.858268 0.102362 -0.496063 
vn -0.251969 0.165354 -0.952756 
vn 0.496063 0.165354 -0.858268 
vn 0.952756 -0.173228 -0.251969 
vn 0.889764 -0.401575 -0.23622 
vn 0.858268 0.165354 0.496063 
vn 0.952756 0.165354 -0.251969 
vn 0.496063 0.102362 -0.858268 
vn 0.251969 0.165354 0.952756 
vn 0.858268 0.102362 0.496063 
vn 0.96063 0.102362 -0.259843 
vn -0.259843 0.102362 -0.96063 
vn 0.96063 -0.0866142 -0.259843 
vn -0.259843 -0.0866142 -0.96063 
vn 0.496063 -0.0866142 -0.866142 
vn 0.96063 -0.0787402 -0.259843 
vn 0.496063 -0.0787402 -0.866142 
vn -0.259843 -0.0787402 -0.96063 
vn 0.866142 -0.0866142 0.496063 
vn 0.866142 -0.0787402 0.496063 
vn 0.259843 -0.0787402 0.96063 
vn -0.866142 -0.0866142 -0.496063 
vn -0.866142 -0.0787402 -0.496063 
vn -0.96063 -0.0787402 0.259843 
vn 0.259843 -0.0866142 0.96063 
vn 0.259843 0.102362 0.96063 
vn -0.496063 0.102362 0.858268 
vn -0.496063 -0.0866142 0.866142 
vn -0.496063 -0.0787402 0.866142 
vn -0.96063 -0.0866142 0.259843 
vn -0.96063 0.102362 0.259843 
vn -0.251969 0.173228 0.952756 
vn 0.496063 0.173228 0.850394 
vn 0.456693 0.401575 0.795276 
vn -0.23622 0.401575 0.889764 
vn -0.795276 0.401575 0.456693 
vn 0.952756 0.173228 0.251969 
vn 0.889764 0.401575 0.23622 
vn 0.795276 0.401575 -0.456693 
vn 0.496063 -0.165354 0.858268 
vn 0.850394 0.173228 -0.496063 
vn -0.850394 0.173228 0.496063 
vn 0.251969 0.173228 -0.952756 
vn 0.23622 0.401575 -0.889764 
vn 0.858268 -0.165354 -0.496063 
vn -0.456693 0.401575 -0.795276 
vn 0.952756 -0.165354 0.251969 
vn -0.496063 0.173228 -0.850394 
vn 0.858268 -0.102362 -0.496063 
vn -0.952756 0.173228 -0.251969 
vn -0.889764 0.401575 -0.23622 
vn 0.251969 -0.165354 -0.952756 
vn -0.496063 -0.165354 -0.850394 
vn -0.858268 -0.165354 0.496063 
vn -0.952756 -0.165354 -0.251969 
vn -0.496063 -0.102362 -0.858268 
vn 0.259843 -0.102362 -0.96063 
vn -0.251969 -0.165354 0.952756 
vn -0.858268 -0.102362 0.496063 
vn -0.96063 -0.102362 -0.259843 
vn -0.96063 0.0866142 -0.259843 
vn 0.496063 -0.102362 0.858268 
vn -0.259843 -0.102362 0.96063 
vn -0.259843 0.0866142 0.96063 
vn 0.96063 -0.102362 0.259843 
vn 0.96063 0.0866142 0.259843 
vn 0.496063 0.0866142 0.866142 
vn 0.96063 0.0787402 0.259843 
vn 0.496063 0.0787402 0.866142 
vn -0.259843 0.0787402 0.96063 
vn 0.866142 0.0866142 -0.496063 
vn 0.866142 0.0787402 -0.496063 
vn 0.259843 0.0787402 -0.96063 
vn 0.259843 0.0866142 -0.96063 
vn -0.496063 0.0866142 -0.866142 
vn -0.496063 0.0787402 -0.866142 
vn -0.96063 0.0787402 -0.259843 
vn -0.866142 0.0866142 0.496063 
vn -0.866142 0.0787402 0.496063 
vn -0.251969 -0.173228 0.952756 
vn -0.23622 -0.401575 0.889764 
vn 0.456693 -0.401575 0.795276 
vn -0.795276 -0.401575 0.456693 
vn 0.496063 -0.173228 0.850394 
vn 0.952756 -0.173228 0.251969 
vn 0.889764 -0.401575 0.23622 
vn 0.795276 -0.401575 -0.456693 
vn 0.496063 0.165354 0.858268 
vn 0.850394 -0.173228 -0.496063 
vn -0.850394 -0.173228 0.496063 
vn 0.251969 -0.173228 -0.952756 
vn 0.23622 -0.401575 -0.889764 
vn 0.858268 0.165354 -0.496063 
vn -0.456693 -0.401575 -0.795276 
vn 0.952756 0.165354 0.251969 
vn -0.496063 -0.173228 -0.850394 
vn -0.952756 -0.173228 -0.251969 
vn -0.889764 -0.401575 -0.23622 
vn -0.496063 0.165354 -0.850394 
vn -0.858268 0.165354 0.496063 
vn -0.952756 0.165354 -0.251969 
vn 0.251969 0.165354 -0.952756 
vn -0.496063 0.102362 -0.858268 
vn 0.858268 0.102362 -0.496063 
vn 0.259843 0.102362 -0.96063 
vn -0.96063 0.102362 -0.259843 
vn -0.858268 0.102362 0.496063 
vn -0.96063 -0.0866142 -0.259843 
vn 0.259843 -0.0866142 -0.96063 
vn -0.496063 -0.0866142 -0.866142 
vn -0.96063 -0.0787402 -0.259843 
vn -0.496063 -0.0787402 -0.866142 
vn 0.259843 -0.0787402 -0.96063 
vn -0.866142 -0.0866142 0.496063 
vn -0.866142 -0.0787402 0.496063 
vn -0.259843 -0.0787402 0.96063 
vn 0.866142 -0.0866142 -0.496063 
vn 0.866142 -0.0787402 -0.496063 
vn 0.96063 -0.0787402 0.259843 
vn 0.96063 -0.0866142 0.259843 
vn 0.96063 0.102362 0.259843 
vn 0.496063 0.102362 0.858268 
vn 0.496063 -0.0866142 0.866142 
vn 0.496063 -0.0787402 0.866142 
vn -0.259843 -0.0866142 0.96063 
vn -0.259843 0.102362 0.96063 
vn -0.251969 0.165354 0.952756 
vn 0 1 0 
vn 0 1 0 
vn 0 1 0 
vn 0 1 0 
vn 0 1 0 
vn 0 1 0 
vn 0 1 0 
vn 0 1 0 
vn 0 -1 0 
vn 0 -1 0 
vn 0 -1 0 
vn 0 -1 0 
vn 0 -1 0 
vn 0 -1 0 
vn 0 -1 0 
vn 0 -1 0 
vn 0 0.76378 0.645669 
vn 0.456693 0.76378 0.456693 
vn 0.456693 0.76378 0.456693 
vn 0.645669 0.76378 0 
vn 0 0.76378 0.645669 
vn 0.645669 0.76378 0 
vn -0.456693 0.76378 0.456693 
vn 0.456693 0.76378 -0.456693 
vn -0.456693 0.76378 0.456693 
vn 0.456693 0.76378 -0.456693 
vn -0.645669 0.76378 0 
vn 0 0.76378 -0.645669 
vn -0.645669 0.76378 0 
vn 0 0.76378 -0.645669 
vn -0.456693 0.76378 -0.456693 
vn -0.456693 0.76378 -0.456693 
vn 0.456693 -0.76378 0.456693 
vn 0 -0.76378 0.645669 
vn 0.456693 -0.76378 0.456693 
vn 0.645669 -0.76378 0 
vn 0 -0.76378 0.645669 
vn 0.645669 -0.76378 0 
vn -0.456693 -0.76378 0.456693 
vn 0.456693 -0.76378 -0.456693 
vn -0.456693 -0.76378 0.456693 
vn 0.456693 -0.76378 -0.456693 
vn -0.645669 -0.76378 0 
vn 0 -0.76378 -0.645669 
vn -0.645669 -0.76378 0 
vn 0 -0.76378 -0.645669 
vn -0.456693 -0.76378 -0.456693 
vn -0.456693 -0.76378 -0.456693 
vn 0 1 0 
vn 0 1 0 
vn 0 1 0 
vn 0 1 0 
vn 0 1 0 
vn 0 1 0 
vn 0 1 0 
vn 0 1 0 
vn 0 1 0 
vn 0 1 0 
vn 0 1 0 
vn 0 1 0 
vn 0 1 0 
vn 0 1 0 
vn 0 1 0 
vn 0 1 0 
vn 0 -1 0 
vn 0 -1 0 
vn 0 -1 0 
vn 0 -1 0 
vn 0 -1 0 
vn 0 -1 0 
vn 0 -1 0 
vn 0 -1 0 
vn 0 -1 0 
vn 0 -1 0 
vn 0 -1 0 
vn 0 -1 0 
vn 0 -1 0 
vn 0 -1 0 
vn 0 -1 0 
vn 0 -1 0 

vt 0 0 
vt 0 0 
vt 0 0 
vt 0 0 
vt 0 0 
vt 0 0 
vt 0 0 
vt 0 0 
vt 0 0 
vt 0 0 
vt 0 0 
vt 0 0 
vt 0 0 
vt 0 0 
vt 0 0 
vt 0 0 
vt 0 0 
vt 0 0 
vt 0 0 
vt 0 0 
vt 0 0 
vt 0 0 
vt 0 0 
vt 0 0 
vt 0 0 
vt 0 0 
vt 0 0 
vt 0 0 
vt 0 0 
vt 0 0 
vt 0 0 
vt 0 0 
vt 0 0 
vt 0 0 
vt 0 0 
vt 0 0 
vt 0 0 
vt 0 0 
vt 0 0 
vt 0 0 
vt 0 0 
vt 0 0 
vt 0 0 
vt 0 0 
vt 0 0 
vt 0 0 
vt 0 0 
vt 0 0 
vt 0 0 
vt 0 0 
vt 0 0 
vt 0 0 
vt 0 0 
vt 0 0 
vt 0 0 
vt 0 0 
vt 0 0 
vt 0 0 
vt 0 0 
vt 0 0 
vt 0 0 
vt 0 0 
vt 0 0 
vt 0 0 
vt 0 0 
vt 0 0 
vt 0 0 
vt 0 0 
vt 0 0 
vt 0 0 
vt 0 0 
vt 0 0 
vt 0 0 
vt 0 0 
vt 0 0 
vt 0 0 
vt 0 0 
vt 0 0 
vt 0 0 
vt 0 0 
vt 0 0 
vt 0 0 
vt 0 0 
vt 0 0 
vt 0 0 
vt 0 0 
vt 0 0 
vt 0 0 
vt 0 0 
vt 0 0 
vt 0 0 
vt 0 0 
vt 0 0 
vt 0 0 
vt 0 0 
vt 0 0 
vt 0 0 
vt 0 0 
vt 0 0 
vt 0 0 
vt 0 0 
vt 0 0 
vt 0 0 
vt 0 0 
vt 0 0 
vt 0 0 
vt 0 0 
vt 0 0 
vt 0 0 
vt 0 0 
vt 0 0 
vt 0 0 
vt 0 0 
vt 0 0 
vt 0 0 
vt 0 0 
vt 0 0 
vt 0 0 
vt 0 0 
vt 0 0 
vt 0 0 
vt 0 0 
vt 0 0 
vt 0 0 
vt 0 0 
vt 0 0 
vt 0 0 
vt 0 0 
vt 0 0 
vt 0 0 
vt 0 0 
vt 0 0 
vt 0 0 
vt 0 0 
vt 0 0 
vt 0 0 
vt 0 0 
vt 0 0 
vt 0 0 
vt 0 0 
vt 0 0 
vt 0 0 
vt 0 0 
vt 0 0 
vt 0 0 
vt 0 0 
vt 0 0 
vt 0 0 
vt 0 0 
vt 0 0 
vt 0 0 
vt 0 0 
vt 0 0 
vt 0 0 
vt 0 0 
vt 0 0 
vt 0 0 
vt 0 0 
vt 0 0 
vt 0 0 
vt 0 0 
vt 0 0 
vt 0 0 
vt 0 0 
vt 0 0 
vt 0 0 
vt 0 0 
vt 0 0 
vt 0 0 
vt 0 0 
vt 0 0 
vt 0 0 
vt 0 0 
vt 0 0 
vt 0 0 
vt 0 0 
vt 0 0 
vt 0 0 
vt 0 0 
vt 0 0 
vt 0 0 
vt 0 0 
vt 0 0 
vt 0 0 
vt 0 0 
vt 0 0 
vt 0 0 
vt 0 0 
vt 0 0 
vt 0 0 
vt 0 0 
vt 0 0 
vt 0 0 
vt 0 0 
vt 0 0 
vt 0 0 
vt 0 0 
vt 0 0 
vt 0 0 
vt 0 0 
vt 0 0 
vt 0 0 
vt 0 0 
vt 0 0 
vt 0 0 
vt 0 0 
vt 0 0 
vt 0 0 
vt 0 0 
vt 0 0 
vt 0 0 
vt 0 0 
vt 0 0 
vt 0 0 
vt 0 0 
vt 0 0 
vt 0 0 
vt 0 0 
vt 0 0 
vt 0 0 
vt 0 0 
vt 0 0 
vt 0 0 
vt 0 0 
vt 0 0 
vt 0 0 
vt 0 0 
vt 0 0 
vt 0 0 
vt 0 0 
vt 0 0 
vt 0 0 
vt 0 0 
vt 0 0 
vt 0 0 
vt 0 0 
vt 0 0 
vt 0 0 
vt 0 0 
vt 0 0 
vt 0 0 
vt 0 0 
vt 0 0 
vt 0 0 
vt 0 0 
vt 0 0 
vt 0 0 
vt 0 0 
vt 0 0 
vt 0 0 
vt 0 0 
vt 0 0 
vt 0 0 
vt 0 0 
vt 0 0 
vt 0 0 
vt 0 0 
vt 0 0 
vt 0 0 
vt 0 0 
vt 0 0 
vt 0 0 
vt 0 0 
vt 0 0 
vt 0 0 
vt 0 0 
vt 0 0 
vt 0 0 
vt 0 0 
vt 0 0 
vt 0 0 
vt 0 0 
vt 0 0 
vt 0 0 
vt 0 0 
vt 0 0 
vt 0 0 
vt 0 0 
vt 0 0 
vt 0 0 
vt 0 0 
vt 0 0 
vt 0 0 
vt 0 0 
vt 0 0 
vt 0 0 
vt 0 0 
vt 0 0 
vt 0 0 
vt 0 0 
vt 0 0 
vt 0 0 
vt 0 0 
vt 0 0 
vt 0 0 
vt 0 0 
vt 0 0 
vt 0 0 
vt 0 0 
vt 0 0 
vt 0 0 
vt 0 0 
vt 0 0 
vt 0 0 
vt 0 0 
vt 0 0 
vt 0 0 
vt 0 0 
vt 0 0 
vt 0 0 
vt 0 0 
vt 0 0 
vt 0 0 
vt 0 0 
vt 0 0 
vt 0 0 
vt 0 0 
vt 0 0 
vt 0 0 
vt 0 0 
vt 0 0 
vt 0 0 
vt 0 0 
vt 0 0 
vt 0 0 
vt 0 0 
vt 0 0 
vt 0 0 
vt 0 0 
vt 0 0 
vt 0 0 
vt 0 0 
vt 0 0 
vt 0 0 
vt 0 0 
vt 0 0 
vt 0 0 
vt 0 0 
vt 0 0 
vt 0 0 
vt 0 0 
vt 0 0 
vt 0 0 
vt 0 0 
vt 0 0 
vt 0 0 
vt 0 0 
vt 0 0 
vt 0 0 
vt 0 0 
vt 0 0 
vt 0 0 
vt 0 0 
vt 0 0 
vt 0 0 
vt 0 0 
vt 0 0 
vt 0 0 
vt 0 0 
vt 0 0 
vt 0 0 
vt 0 0 
vt 0 0 
vt 0 0 
vt 0 0 
vt 0 0 
vt 0 0 
vt 0 0 
vt 0 0 
vt 0 0 
vt 0 0 
vt 0 0 
vt 0 0 
vt 0 0 
vt 0 0 
vt 0 0 
vt 0 0 
vt 0 0 
vt 0 0 
vt 0 0 
vt 0 0 
vt 0 0 
vt 0 0 
vt 0 0 
vt 0 0 
vt 0 0 
vt 0 0 
vt 0 0 
vt 0 0 
vt 0 0 
vt 0 0 
vt 0 0 
vt 0 0 
vt 0 0 
vt 0 0 
vt 0 0 
vt 0 0 
vt 0 0 
vt 0 0 
vt 0 0 
vt 0 0 
vt 0 0 
vt 0 0 
vt 0 0 
vt 0 0 
vt 0 0 
vt 0 0 
vt 0 0 
vt 0 0 
vt 0 0 
vt 0 0 
vt 0 0 
vt 0 0 
vt 0 0 
vt 0 0 
vt 0 0 
vt 0 0 
vt 0 0 
vt 0 0 
vt 0 0 
vt 0 0 
vt 0 0 
vt 0 0 
vt 0 0 
vt 0 0 
vt 0 0 
vt 0 0 
vt 0 0 
vt 0 0 
vt 0 0 
vt 0 0 
vt 0 0 
vt 0 0 
vt 0 0 
vt 0 0 
vt 0 0 
vt 0 0 
vt 0 0 
vt 0 0 
vt 0 0 
vt 0 0 
vt 0 0 
vt 0 0 
vt 0 0 
vt 0 0 
vt 0 0 
vt 0 0 
vt 0 0 
vt 0 0 
vt 0 0 
vt 0 0 
vt 0 0 
vt 0 0 
vt 0 0 
vt 0 0 
vt 0 0 
vt 0 0 
vt 0 0 
vt 0 0 
vt 0 0 
vt 0 0 
vt 0 0 
vt 0 0 
vt 0 0 
vt 0 0 
vt 0 0 
vt 0 0 
vt 0 0 
vt 0 0 
vt 0 0 
vt 0 0 
vt 0 0 
vt 0 0 
vt 0 0 
vt 0 0 
vt 0 0 
vt 0 0 
vt 0 0 
vt 0 0 
vt 0 0 
vt 0 0 
vt 0 0 
vt 0 0 
vt 0 0 
vt 0 0 
vt 0 0 
vt 0 0 
vt 0 0 
vt 0 0 
vt 0 0 
vt 0 0 
vt 0 0 
vt 0 0 
vt 0 0 
vt 0 0 
vt 0 0 
vt 0 0 
vt 0 0 
vt 0 0 
vt 0 0 
vt 0 0 
vt 0 0 
vt 0 0 
vt 0 0 
vt 0 0 
vt 0 0 
vt 0 0 
vt 0 0 
vt 0 0 
vt 0 0 
vt 0 0 
vt 0 0 
vt 0 0 
vt 0 0 
vt 0 0 
vt 0 0 
vt 0 0 
vt 0 0 
vt 0 0 
vt 0 0 
vt 0 0 
vt 0 0 
vt 0 0 
vt 0 0 
vt 0 0 
vt 0 0 
vt 0 0 
vt 0 0 
vt 0 0 
vt 0 0 
vt 0 0 
vt 0 0 
vt 0 0 
vt 0 0 
vt 0 0 
vt 0 0 
vt 0 0 
vt 0 0 
vt 0 0 
vt 0 0 
vt 0 0 
vt 0 0 
vt 0 0 
vt 0 0 
vt 0 0 
vt 0 0 
vt 0 0 
vt 0 0 
vt 0 0 
vt 0 0 
vt 0 0 
vt 0 0 
vt 0 0 
vt 0 0 
vt 0 0 
vt 0 0 
vt 0 0 
vt 0 0 
vt 0 0 
vt 0 0 
vt 0 0 
vt 0 0 
vt 0 0 
vt 0 0 
vt 0 0 
vt 0 0 
vt 0 0 
vt 0 0 
vt 0 0 
vt 0 0 
vt 0 0 
vt 0 0 
vt 0 0 
vt 0 0 
vt 0 0 
vt 0 0 
vt 0 0 
vt 0 0 
vt 0 0 
vt 0 0 
vt 0 0 
vt 0 0 
vt 0 0 
vt 0 0 
vt 0 0 
vt 0 0 
vt 0 0 
vt 0 0 
vt 0 0 
vt 0 0 
vt 0 0 
vt 0 0 
vt 0 0 
vt 0 0 
vt 0 0 
vt 0 0 
vt 0 0 
vt 0 0 
vt 0 0 
vt 0 0 
vt 0 0 
vt 0 0 
vt 0 0 
vt 0 0 
vt 0 0 
vt 0 0 
vt 0 0 
vt 0 0 
vt 0 0 
vt 0 0 
vt 0 0 
vt 0 0 
vt 0 0 
vt 0 0 
vt 0 0 
vt 0 0 
vt 0 0 
vt 0 0 
vt 0 0 
vt 0 0 
vt 0 0 
vt 0 0 
vt 0 0 
vt 0 0 
vt 0 0 
vt 0 0 
vt 0 0 
vt 0 0 
vt 0 0 
vt 0 0 
vt 0 0 
vt 0 0 
vt 0 0 
vt 0 0 
vt 0 0 
vt 0 0 
vt 0 0 
vt 0 0 
vt 0 0 
vt 0 0 
vt 0 0 
vt 0 0 
vt 0 0 
vt 0 0 
vt 0 0 
vt 0 0 
vt 0 0 
vt 0 0 
vt 0 0 
vt 0 0 
vt 0 0 
vt 0 0 
vt 0 0 
vt 0 0 
vt 0 0 
vt 0 0 
vt 0 0 
vt 0 0 
vt 0 0 
vt 0 0 
vt 0 0 
vt 0 0 
vt 0 0 
vt 0 0 
vt 0 0 
vt 0 0 
vt 0 0 
vt 0 0 
vt 0 0 
vt 0 0 
vt 0 0 
vt 0 0 

usemtl Part1Mtl

f 1/1/1 2/2/2 3/3/3 
f 3/3/3 2/2/2 4/4/4 
f 1/1/1 3/3/3 5/5/5 
f 1/1/1 6/6/6 2/2/2 
f 2/2/2 6/6/6 7/7/7 
f 6/6/6 1/1/1 8/8/8 
f 9/9/9 10/10/10 11/11/11 
f 11/11/11 10/10/10 12/12/12 
f 9/9/9 11/11/11 13/13/13 
f 9/9/9 14/14/14 10/10/10 
f 10/10/10 14/14/14 15/15/15 
f 14/14/14 9/9/9 16/16/16 
f 17/17/17 18/18/18 19/19/19 
f 17/17/17 20/20/20 18/18/18 
f 21/21/21 18/18/18 20/20/20 
f 21/21/21 19/19/19 18/18/18 
f 20/20/20 17/17/17 22/22/22 
f 20/20/20 23/23/23 21/21/21 
f 24/24/24 22/22/22 17/17/17 
f 25/25/25 21/21/21 23/23/23 
f 17/17/17 26/26/26 24/24/24 
f 21/21/21 25/25/25 27/27/27 
f 28/28/28 24/24/24 26/26/26 
f 24/24/24 28/28/28 29/29/29 
f 17/17/17 30/30/30 26/26/26 
f 30/30/30 28/28/28 26/26/26 
f 28/28/28 31/31/31 29/29/29 
f 30/30/30 17/17/17 32/32/32 
f 17/17/17 19/19/19 32/32/32 
f 32/32/32 33/33/33 30/30/30 
f 33/33/33 32/32/32 34/34/34 
f 32/32/32 35/35/35 34/34/34 
f 32/32/32 19/19/19 35/35/35 
f 36/36/36 30/30/30 33/33/33 
f 28/28/28 30/30/30 36/36/36 
f 36/36/36 33/33/33 37/37/37 
f 38/38/38 36/36/36 37/37/37 
f 39/39/39 35/35/35 19/19/19 
f 35/35/35 39/39/39 40/40/40 
f 19/19/19 21/21/21 39/39/39 
f 41/41/41 40/40/40 39/39/39 
f 42/42/42 39/39/39 21/21/21 
f 39/39/39 42/42/42 41/41/41 
f 21/21/21 27/27/27 42/42/42 
f 36/36/36 38/38/38 43/43/43 
f 43/43/43 28/28/28 36/36/36 
f 28/28/28 43/43/43 44/44/44 
f 28/28/28 44/44/44 31/31/31 
f 45/45/45 31/31/31 44/44/44 
f 43/43/43 45/45/45 44/44/44 
f 45/45/45 42/42/42 27/27/27 
f 31/31/31 45/45/45 46/46/46 
f 25/25/25 45/45/45 27/27/27 
f 45/45/45 25/25/25 46/46/46 
f 43/43/43 47/47/47 45/45/45 
f 42/42/42 45/45/45 47/47/47 
f 38/38/38 47/47/47 43/43/43 
f 47/47/47 41/41/41 42/42/42 
f 38/38/38 48/48/48 47/47/47 
f 41/41/41 47/47/47 48/48/48 
f 49/49/49 50/50/50 51/51/51 
f 52/52/52 50/50/50 49/49/49 
f 50/50/50 52/52/52 53/53/53 
f 54/54/54 52/52/52 49/49/49 
f 51/51/51 54/54/54 49/49/49 
f 52/52/52 54/54/54 55/55/55 
f 56/56/56 55/55/55 54/54/54 
f 57/57/57 50/50/50 53/53/53 
f 54/54/54 58/58/58 56/56/56 
f 50/50/50 57/57/57 59/59/59 
f 60/60/60 56/56/56 58/58/58 
f 56/56/56 60/60/60 61/61/61 
f 58/58/58 54/54/54 62/62/62 
f 62/62/62 60/60/60 58/58/58 
f 60/60/60 63/63/63 61/61/61 
f 62/62/62 54/54/54 64/64/64 
f 54/54/54 51/51/51 64/64/64 
f 64/64/64 65/65/65 62/62/62 
f 65/65/65 64/64/64 66/66/66 
f 67/67/67 66/66/66 64/64/64 
f 64/64/64 51/51/51 67/67/67 
f 68/68/68 62/62/62 65/65/65 
f 60/60/60 62/62/62 68/68/68 
f 68/68/68 65/65/65 69/69/69 
f 70/70/70 68/68/68 69/69/69 
f 71/71/71 67/67/67 51/51/51 
f 67/67/67 71/71/71 72/72/72 
f 71/71/71 51/51/51 50/50/50 
f 73/73/73 72/72/72 71/71/71 
f 50/50/50 74/74/74 71/71/71 
f 71/71/71 74/74/74 73/73/73 
f 74/74/74 50/50/50 59/59/59 
f 68/68/68 70/70/70 75/75/75 
f 75/75/75 60/60/60 68/68/68 
f 60/60/60 75/75/75 76/76/76 
f 60/60/60 76/76/76 63/63/63 
f 77/77/77 63/63/63 76/76/76 
f 75/75/75 77/77/77 76/76/76 
f 77/77/77 74/74/74 59/59/59 
f 63/63/63 77/77/77 78/78/78 
f 77/77/77 59/59/59 57/57/57 
f 77/77/77 57/57/57 78/78/78 
f 77/77/77 75/75/75 79/79/79 
f 79/79/79 74/74/74 77/77/77 
f 70/70/70 79/79/79 75/75/75 
f 79/79/79 73/73/73 74/74/74 
f 79/79/79 70/70/70 80/80/80 
f 73/73/73 79/79/79 80/80/80 
f 81/81/81 82/82/82 83/83/83 
f 82/82/82 84/84/84 83/83/83 
f 82/82/82 81/81/81 85/85/85 
f 84/84/84 82/82/82 86/86/86 
f 81/81/81 87/87/87 85/85/85 
f 88/88/88 84/84/84 86/86/86 
f 81/81/81 89/89/89 87/87/87 
f 84/84/84 88/88/88 90/90/90 
f 91/91/91 87/87/87 89/89/89 
f 88/88/88 92/92/92 90/90/90 
f 87/87/87 91/91/91 93/93/93 
f 88/88/88 94/94/94 92/92/92 
f 95/95/95 93/93/93 91/91/91 
f 95/95/95 92/92/92 94/94/94 
f 91/91/91 96/96/96 95/95/95 
f 92/92/92 95/95/95 96/96/96 
f 97/97/97 98/98/98 99/99/99 
f 100/100/100 97/97/97 99/99/99 
f 98/98/98 97/97/97 101/101/101 
f 102/102/102 97/97/97 100/100/100 
f 101/101/101 103/103/103 98/98/98 
f 100/100/100 104/104/104 102/102/102 
f 105/105/105 98/98/98 103/103/103 
f 104/104/104 100/100/100 106/106/106 
f 103/103/103 107/107/107 105/105/105 
f 108/108/108 104/104/104 106/106/106 
f 107/107/107 103/103/103 109/109/109 
f 104/104/104 108/108/108 110/110/110 
f 111/111/111 107/107/107 109/109/109 
f 108/108/108 111/111/111 110/110/110 
f 112/112/112 107/107/107 111/111/111 
f 111/111/111 108/108/108 112/112/112 
f 113/113/113 114/114/114 115/115/115 
f 115/115/115 116/116/116 113/113/113 
f 115/115/115 114/114/114 117/117/117 
f 116/116/116 115/115/115 118/118/118 
f 114/114/114 119/119/119 117/117/117 
f 120/120/120 116/116/116 118/118/118 
f 119/119/119 114/114/114 121/121/121 
f 116/116/116 120/120/120 122/122/122 
f 119/119/119 121/121/121 123/123/123 
f 120/120/120 124/124/124 122/122/122 
f 123/123/123 125/125/125 119/119/119 
f 124/124/124 120/120/120 126/126/126 
f 123/123/123 127/127/127 125/125/125 
f 124/124/124 126/126/126 127/127/127 
f 127/127/127 123/123/123 128/128/128 
f 124/124/124 127/127/127 128/128/128 
f 129/129/129 130/130/130 131/131/131 
f 132/132/132 130/130/130 129/129/129 
f 130/130/130 133/133/133 131/131/131 
f 130/130/130 132/132/132 134/134/134 
f 135/135/135 131/131/131 133/133/133 
f 134/134/134 132/132/132 136/136/136 
f 131/131/131 135/135/135 137/137/137 
f 136/136/136 132/132/132 138/138/138 
f 139/139/139 137/137/137 135/135/135 
f 140/140/140 136/136/136 138/138/138 
f 139/139/139 135/135/135 141/141/141 
f 136/136/136 140/140/140 142/142/142 
f 143/143/143 139/139/139 141/141/141 
f 140/140/140 143/143/143 142/142/142 
f 139/139/139 143/143/143 144/144/144 
f 143/143/143 140/140/140 144/144/144 
f 145/145/145 146/146/146 147/147/147 
f 146/146/146 148/148/148 147/147/147 
f 146/146/146 145/145/145 149/149/149 
f 148/148/148 146/146/146 150/150/150 
f 151/151/151 149/149/149 145/145/145 
f 152/152/152 148/148/148 150/150/150 
f 151/151/151 145/145/145 153/153/153 
f 148/148/148 152/152/152 154/154/154 
f 155/155/155 151/151/151 153/153/153 
f 154/154/154 152/152/152 156/156/156 
f 151/151/151 155/155/155 157/157/157 
f 156/156/156 152/152/152 158/158/158 
f 157/157/157 155/155/155 159/159/159 
f 159/159/159 156/156/156 158/158/158 
f 155/155/155 160/160/160 159/159/159 
f 156/156/156 159/159/159 160/160/160 
f 161/161/161 162/162/162 163/163/163 
f 161/161/161 163/163/163 164/164/164 
f 162/162/162 161/161/161 165/165/165 
f 166/166/166 161/161/161 164/164/164 
f 162/162/162 165/165/165 167/167/167 
f 164/164/164 168/168/168 166/166/166 
f 162/162/162 167/167/167 169/169/169 
f 168/168/168 164/164/164 170/170/170 
f 167/167/167 171/171/171 169/169/169 
f 170/170/170 172/172/172 168/168/168 
f 171/171/171 167/167/167 173/173/173 
f 168/168/168 172/172/172 174/174/174 
f 175/175/175 171/171/171 173/173/173 
f 172/172/172 175/175/175 174/174/174 
f 171/171/171 175/175/175 176/176/176 
f 175/175/175 172/172/172 176/176/176 
f 177/177/177 178/178/178 179/179/179 
f 180/180/180 177/177/177 179/179/179 
f 178/178/178 177/177/177 181/181/181 
f 177/177/177 180/180/180 182/182/182 
f 178/178/178 181/181/181 183/183/183 
f 180/180/180 184/184/184 182/182/182 
f 178/178/178 183/183/183 185/185/185 
f 184/184/184 180/180/180 186/186/186 
f 183/183/183 187/187/187 185/185/185 
f 186/186/186 188/188/188 184/184/184 
f 187/187/187 183/183/183 189/189/189 
f 184/184/184 188/188/188 190/190/190 
f 189/189/189 191/191/191 187/187/187 
f 188/188/188 191/191/191 190/190/190 
f 191/191/191 192/192/192 187/187/187 
f 191/191/191 188/188/188 192/192/192 
f 193/193/193 194/194/194 195/195/195 
f 194/194/194 196/196/196 195/195/195 
f 194/194/194 193/193/193 197/197/197 
f 196/196/196 194/194/194 198/198/198 
f 193/193/193 199/199/199 197/197/197 
f 200/200/200 196/196/196 198/198/198 
f 201/201/201 199/199/199 193/193/193 
f 196/196/196 200/200/200 202/202/202 
f 203/203/203 199/199/199 201/201/201 
f 200/200/200 204/204/204 202/202/202 
f 199/199/199 203/203/203 205/205/205 
f 200/200/200 206/206/206 204/204/204 
f 205/205/205 203/203/203 207/207/207 
f 207/207/207 204/204/204 206/206/206 
f 203/203/203 208/208/208 207/207/207 
f 204/204/204 207/207/207 208/208/208 
f 209/209/209 210/210/210 211/211/211 
f 211/211/211 210/210/210 212/212/212 
f 210/210/210 209/209/209 213/213/213 
f 210/210/210 214/214/214 212/212/212 
f 209/209/209 215/215/215 213/213/213 
f 216/216/216 212/212/212 214/214/214 
f 215/215/215 209/209/209 217/217/217 
f 212/212/212 216/216/216 218/218/218 
f 219/219/219 215/215/215 217/217/217 
f 218/218/218 216/216/216 220/220/220 
f 215/215/215 219/219/219 221/221/221 
f 222/222/222 220/220/220 216/216/216 
f 221/221/221 219/219/219 223/223/223 
f 223/223/223 220/220/220 222/222/222 
f 223/223/223 219/219/219 224/224/224 
f 220/220/220 223/223/223 224/224/224 
f 225/225/225 226/226/226 227/227/227 
f 225/225/225 227/227/227 228/228/228 
f 226/226/226 225/225/225 229/229/229 
f 228/228/228 230/230/230 225/225/225 
f 226/226/226 229/229/229 231/231/231 
f 228/228/228 232/232/232 230/230/230 
f 226/226/226 231/231/231 233/233/233 
f 232/232/232 228/228/228 234/234/234 
f 231/231/231 235/235/235 233/233/233 
f 232/232/232 234/234/234 236/236/236 
f 235/235/235 231/231/231 237/237/237 
f 232/232/232 236/236/236 238/238/238 
f 239/239/239 235/235/235 237/237/237 
f 236/236/236 239/239/239 238/238/238 
f 235/235/235 239/239/239 240/240/240 
f 239/239/239 236/236/236 240/240/240 
f 241/241/241 242/242/242 243/243/243 
f 242/242/242 244/244/244 243/243/243 
f 242/242/242 241/241/241 245/245/245 
f 244/244/244 242/242/242 246/246/246 
f 241/241/241 247/247/247 245/245/245 
f 248/248/248 244/244/244 246/246/246 
f 247/247/247 241/241/241 249/249/249 
f 244/244/244 248/248/248 250/250/250 
f 247/247/247 249/249/249 251/251/251 
f 248/248/248 252/252/252 250/250/250 
f 251/251/251 253/253/253 247/247/247 
f 252/252/252 248/248/248 254/254/254 
f 251/251/251 255/255/255 253/253/253 
f 252/252/252 254/254/254 255/255/255 
f 255/255/255 251/251/251 256/256/256 
f 252/252/252 255/255/255 256/256/256 
f 257/257/257 258/258/258 259/259/259 
f 260/260/260 258/258/258 257/257/257 
f 261/261/261 259/259/259 258/258/258 
f 258/258/258 260/260/260 262/262/262 
f 263/263/263 259/259/259 261/261/261 
f 262/262/262 260/260/260 264/264/264 
f 259/259/259 263/263/263 265/265/265 
f 260/260/260 266/266/266 264/264/264 
f 263/263/263 267/267/267 265/265/265 
f 268/268/268 264/264/264 266/266/266 
f 267/267/267 263/263/263 269/269/269 
f 264/264/264 268/268/268 270/270/270 
f 271/271/271 267/267/267 269/269/269 
f 268/268/268 271/271/271 270/270/270 
f 267/267/267 271/271/271 272/272/272 
f 271/271/271 268/268/268 272/272/272 
f 273/273/273 274/274/274 275/275/275 
f 276/276/276 274/274/274 273/273/273 
f 277/277/277 275/275/275 274/274/274 
f 274/274/274 276/276/276 278/278/278 
f 279/279/279 275/275/275 277/277/277 
f 276/276/276 280/280/280 278/278/278 
f 275/275/275 279/279/279 281/281/281 
f 282/282/282 280/280/280 276/276/276 
f 283/283/283 281/281/281 279/279/279 
f 284/284/284 280/280/280 282/282/282 
f 285/285/285 283/283/283 279/279/279 
f 280/280/280 284/284/284 286/286/286 
f 287/287/287 283/283/283 285/285/285 
f 284/284/284 287/287/287 286/286/286 
f 283/283/283 287/287/287 288/288/288 
f 287/287/287 284/284/284 288/288/288 
f 289/289/289 290/290/290 291/291/291 
f 290/290/290 292/292/292 291/291/291 
f 290/290/290 289/289/289 293/293/293 
f 292/292/292 290/290/290 294/294/294 
f 289/289/289 295/295/295 293/293/293 
f 292/292/292 294/294/294 296/296/296 
f 295/295/295 289/289/289 297/297/297 
f 296/296/296 298/298/298 292/292/292 
f 299/299/299 295/295/295 297/297/297 
f 296/296/296 300/300/300 298/298/298 
f 295/295/295 299/299/299 301/301/301 
f 300/300/300 296/296/296 302/302/302 
f 299/299/299 303/303/303 301/301/301 
f 300/300/300 302/302/302 303/303/303 
f 303/303/303 299/299/299 304/304/304 
f 300/300/300 303/303/303 304/304/304 
f 305/305/305 306/306/306 307/307/307 
f 306/306/306 308/308/308 307/307/307 
f 306/306/306 305/305/305 309/309/309 
f 305/305/305 310/310/310 309/309/309 
f 311/311/311 310/310/310 305/305/305 
f 312/312/312 310/310/310 311/311/311 
f 310/310/310 313/313/313 309/309/309 
f 313/313/313 306/306/306 309/309/309 
f 310/310/310 312/312/312 314/314/314 
f 308/308/308 306/306/306 315/315/315 
f 313/313/313 310/310/310 316/316/316 
f 317/317/317 308/308/308 315/315/315 
f 308/308/308 317/317/317 318/318/318 
f 306/306/306 319/319/319 315/315/315 
f 319/319/319 317/317/317 315/315/315 
f 306/306/306 313/313/313 320/320/320 
f 319/319/319 306/306/306 320/320/320 
f 317/317/317 321/321/321 318/318/318 
f 322/322/322 320/320/320 313/313/313 
f 316/316/316 322/322/322 313/313/313 
f 323/323/323 321/321/321 317/317/317 
f 324/324/324 321/321/321 323/323/323 
f 321/321/321 324/324/324 325/325/325 
f 325/325/325 324/324/324 312/312/312 
f 314/314/314 312/312/312 324/324/324 
f 323/323/323 326/326/326 324/324/324 
f 317/317/317 326/326/326 323/323/323 
f 324/324/324 327/327/327 314/314/314 
f 327/327/327 310/310/310 314/314/314 
f 310/310/310 327/327/327 316/316/316 
f 327/327/327 324/324/324 328/328/328 
f 328/328/328 324/324/324 326/326/326 
f 327/327/327 329/329/329 316/316/316 
f 328/328/328 329/329/329 327/327/327 
f 316/316/316 329/329/329 330/330/330 
f 322/322/322 316/316/316 330/330/330 
f 329/329/329 328/328/328 331/331/331 
f 326/326/326 332/332/332 328/328/328 
f 331/331/331 328/328/328 332/332/332 
f 326/326/326 317/317/317 333/333/333 
f 333/333/333 332/332/332 326/326/326 
f 333/333/333 317/317/317 319/319/319 
f 329/329/329 334/334/334 330/330/330 
f 330/330/330 334/334/334 322/322/322 
f 331/331/331 335/335/335 329/329/329 
f 332/332/332 335/335/335 331/331/331 
f 334/334/334 329/329/329 336/336/336 
f 336/336/336 329/329/329 335/335/335 
f 336/336/336 337/337/337 334/334/334 
f 337/337/337 336/336/336 338/338/338 
f 338/338/338 336/336/336 339/339/339 
f 335/335/335 339/339/339 336/336/336 
f 334/334/334 337/337/337 340/340/340 
f 322/322/322 334/334/334 340/340/340 
f 340/340/340 337/337/337 341/341/341 
f 342/342/342 340/340/340 341/341/341 
f 343/343/343 339/339/339 335/335/335 
f 335/335/335 332/332/332 343/343/343 
f 339/339/339 343/343/343 344/344/344 
f 344/344/344 343/343/343 345/345/345 
f 340/340/340 342/342/342 346/346/346 
f 346/346/346 322/322/322 340/340/340 
f 322/322/322 346/346/346 347/347/347 
f 320/320/320 322/322/322 347/347/347 
f 348/348/348 320/320/320 347/347/347 
f 346/346/346 348/348/348 347/347/347 
f 320/320/320 348/348/348 319/319/319 
f 342/342/342 349/349/349 346/346/346 
f 348/348/348 346/346/346 349/349/349 
f 349/349/349 342/342/342 350/350/350 
f 345/345/345 349/349/349 350/350/350 
f 333/333/333 319/319/319 348/348/348 
f 349/349/349 345/345/345 351/351/351 
f 345/345/345 343/343/343 351/351/351 
f 351/351/351 348/348/348 349/349/349 
f 343/343/343 332/332/332 351/351/351 
f 352/352/352 333/333/333 348/348/348 
f 332/332/332 333/333/333 352/352/352 
f 348/348/348 351/351/351 352/352/352 
f 351/351/351 332/332/332 352/352/352 
f 353/353/353 354/354/354 355/355/355 
f 354/354/354 353/353/353 356/356/356 
f 354/354/354 356/356/356 357/357/357 
f 358/358/358 353/353/353 355/355/355 
f 353/353/353 358/358/358 359/359/359 
f 358/358/358 360/360/360 359/359/359 
f 361/361/361 358/358/358 355/355/355 
f 361/361/361 355/355/355 354/354/354 
f 360/360/360 358/358/358 362/362/362 
f 354/354/354 357/357/357 363/363/363 
f 360/360/360 362/362/362 364/364/364 
f 360/360/360 364/364/364 365/365/365 
f 358/358/358 366/366/366 362/362/362 
f 366/366/366 364/364/364 362/362/362 
f 364/364/364 367/367/367 365/365/365 
f 366/366/366 358/358/358 368/368/368 
f 358/358/358 361/361/361 368/368/368 
f 367/367/367 364/364/364 369/369/369 
f 367/367/367 369/369/369 370/370/370 
f 370/370/370 371/371/371 367/367/367 
f 370/370/370 357/357/357 371/371/371 
f 357/357/357 370/370/370 363/363/363 
f 372/372/372 370/370/370 369/369/369 
f 364/364/364 372/372/372 369/369/369 
f 373/373/373 363/363/363 370/370/370 
f 373/373/373 354/354/354 363/363/363 
f 370/370/370 372/372/372 374/374/374 
f 370/370/370 374/374/374 373/373/373 
f 364/364/364 375/375/375 372/372/372 
f 364/364/364 366/366/366 375/375/375 
f 376/376/376 374/374/374 372/372/372 
f 375/375/375 376/376/376 372/372/372 
f 354/354/354 373/373/373 377/377/377 
f 361/361/361 354/354/354 377/377/377 
f 378/378/378 373/373/373 374/374/374 
f 378/378/378 377/377/377 373/373/373 
f 374/374/374 376/376/376 379/379/379 
f 374/374/374 379/379/379 378/378/378 
f 380/380/380 361/361/361 377/377/377 
f 380/380/380 368/368/368 361/361/361 
f 377/377/377 378/378/378 381/381/381 
f 380/380/380 377/377/377 381/381/381 
f 382/382/382 378/378/378 379/379/379 
f 382/382/382 379/379/379 376/376/376 
f 383/383/383 381/381/381 378/378/378 
f 383/383/383 380/380/380 381/381/381 
f 378/378/378 382/382/382 384/384/384 
f 383/383/383 378/378/378 384/384/384 
f 385/385/385 384/384/384 382/382/382 
f 384/384/384 385/385/385 386/386/386 
f 387/387/387 384/384/384 386/386/386 
f 387/387/387 383/383/383 384/384/384 
f 385/385/385 382/382/382 388/388/388 
f 376/376/376 388/388/388 382/382/382 
f 388/388/388 389/389/389 385/385/385 
f 388/388/388 390/390/390 389/389/389 
f 387/387/387 391/391/391 383/383/383 
f 380/380/380 383/383/383 391/391/391 
f 391/391/391 387/387/387 392/392/392 
f 393/393/393 391/391/391 392/392/392 
f 394/394/394 380/380/380 391/391/391 
f 391/391/391 393/393/393 394/394/394 
f 380/380/380 394/394/394 395/395/395 
f 368/368/368 380/380/380 395/395/395 
f 396/396/396 368/368/368 395/395/395 
f 394/394/394 396/396/396 395/395/395 
f 368/368/368 396/396/396 366/366/366 
f 393/393/393 397/397/397 394/394/394 
f 396/396/396 394/394/394 397/397/397 
f 397/397/397 393/393/393 398/398/398 
f 397/397/397 398/398/398 390/390/390 
f 396/396/396 375/375/375 366/366/366 
f 397/397/397 390/390/390 399/399/399 
f 396/396/396 397/397/397 399/399/399 
f 390/390/390 388/388/388 399/399/399 
f 375/375/375 396/396/396 400/400/400 
f 396/396/396 399/399/399 400/400/400 
f 375/375/375 400/400/400 376/376/376 
f 376/376/376 399/399/399 388/388/388 
f 399/399/399 376/376/376 400/400/400 
f 401/401/401 402/402/402 403/403/403 
f 402/402/402 401/401/401 404/404/404 
f 401/401/401 405/405/405 404/404/404 
f 402/402/402 406/406/406 403/403/403 
f 406/406/406 402/402/402 407/407/407 
f 408/408/408 406/406/406 407/407/407 
f 406/406/406 409/409/409 403/403/403 
f 409/409/409 401/401/401 403/403/403 
f 410/410/410 406/406/406 408/408/408 
f 405/405/405 401/401/401 411/411/411 
f 408/408/408 412/412/412 410/410/410 
f 412/412/412 408/408/408 413/413/413 
f 414/414/414 406/406/406 410/410/410 
f 414/414/414 410/410/410 412/412/412 
f 412/412/412 413/413/413 415/415/415 
f 406/406/406 414/414/414 416/416/416 
f 406/406/406 416/416/416 409/409/409 
f 415/415/415 417/417/417 412/412/412 
f 415/415/415 418/418/418 417/417/417 
f 418/418/418 415/415/415 419/419/419 
f 418/418/418 419/419/419 405/405/405 
f 418/418/418 405/405/405 411/411/411 
f 420/420/420 417/417/417 418/418/418 
f 420/420/420 412/412/412 417/417/417 
f 421/421/421 418/418/418 411/411/411 
f 401/401/401 421/421/421 411/411/411 
f 420/420/420 418/418/418 422/422/422 
f 418/418/418 421/421/421 422/422/422 
f 412/412/412 420/420/420 423/423/423 
f 412/412/412 423/423/423 414/414/414 
f 424/424/424 420/420/420 422/422/422 
f 424/424/424 423/423/423 420/420/420 
f 421/421/421 401/401/401 425/425/425 
f 401/401/401 409/409/409 425/425/425 
f 426/426/426 422/422/422 421/421/421 
f 425/425/425 426/426/426 421/421/421 
f 424/424/424 422/422/422 427/427/427 
f 422/422/422 426/426/426 427/427/427 
f 428/428/428 425/425/425 409/409/409 
f 416/416/416 428/428/428 409/409/409 
f 426/426/426 425/425/425 429/429/429 
f 425/425/425 428/428/428 429/429/429 
f 430/430/430 427/427/427 426/426/426 
f 430/430/430 424/424/424 427/427/427 
f 431/431/431 426/426/426 429/429/429 
f 428/428/428 431/431/431 429/429/429 
f 430/430/430 426/426/426 432/432/432 
f 426/426/426 431/431/431 432/432/432 
f 433/433/433 430/430/430 432/432/432 
f 433/433/433 432/432/432 434/434/434 
f 432/432/432 435/435/435 434/434/434 
f 435/435/435 432/432/432 431/431/431 
f 433/433/433 436/436/436 430/430/430 
f 424/424/424 430/430/430 436/436/436 
f 436/436/436 433/433/433 437/437/437 
f 436/436/436 437/437/437 438/438/438 
f 439/439/439 435/435/435 431/431/431 
f 431/431/431 428/428/428 439/439/439 
f 435/435/435 439/439/439 440/440/440 
f 439/439/439 441/441/441 440/440/440 
f 438/438/438 442/442/442 436/436/436 
f 424/424/424 436/436/436 442/442/442 
f 442/442/442 443/443/443 424/424/424 
f 423/423/423 424/424/424 443/443/443 
f 423/423/423 443/443/443 444/444/444 
f 442/442/442 444/444/444 443/443/443 
f 444/444/444 414/414/414 423/423/423 
f 438/438/438 445/445/445 442/442/442 
f 444/444/444 442/442/442 445/445/445 
f 445/445/445 438/438/438 446/446/446 
f 445/445/445 446/446/446 441/441/441 
f 444/444/444 416/416/416 414/414/414 
f 445/445/445 441/441/441 447/447/447 
f 444/444/444 445/445/445 447/447/447 
f 441/441/441 439/439/439 447/447/447 
f 416/416/416 444/444/444 448/448/448 
f 444/444/444 447/447/447 448/448/448 
f 416/416/416 448/448/448 428/428/428 
f 428/428/428 447/447/447 439/439/439 
f 447/447/447 428/428/428 448/448/448 
f 449/449/449 450/450/450 451/451/451 
f 452/452/452 450/450/450 449/449/449 
f 451/451/451 450/450/450 453/453/453 
f 454/454/454 451/451/451 453/453/453 
f 451/451/451 454/454/454 455/455/455 
f 456/456/456 455/455/455 454/454/454 
f 453/453/453 457/457/457 454/454/454 
f 450/450/450 457/457/457 453/453/453 
f 458/458/458 456/456/456 454/454/454 
f 450/450/450 452/452/452 459/459/459 
f 460/460/460 456/456/456 458/458/458 
f 456/456/456 460/460/460 461/461/461 
f 454/454/454 462/462/462 458/458/458 
f 462/462/462 460/460/460 458/458/458 
f 460/460/460 463/463/463 461/461/461 
f 462/462/462 454/454/454 464/464/464 
f 464/464/464 454/454/454 457/457/457 
f 460/460/460 465/465/465 463/463/463 
f 464/464/464 466/466/466 462/462/462 
f 467/467/467 460/460/460 462/462/462 
f 462/462/462 466/466/466 467/467/467 
f 468/468/468 460/460/460 467/467/467 
f 460/460/460 468/468/468 465/465/465 
f 469/469/469 463/463/463 465/465/465 
f 468/468/468 469/469/469 465/465/465 
f 463/463/463 469/469/469 470/470/470 
f 469/469/469 452/452/452 470/470/470 
f 452/452/452 469/469/469 459/459/459 
f 469/469/469 471/471/471 459/459/459 
f 459/459/459 471/471/471 450/450/450 
f 469/469/469 468/468/468 472/472/472 
f 471/471/471 469/469/469 472/472/472 
f 473/473/473 472/472/472 468/468/468 
f 467/467/467 473/473/473 468/468/468 
f 450/450/450 471/471/471 474/474/474 
f 457/457/457 450/450/450 474/474/474 
f 472/472/472 475/475/475 471/471/471 
f 471/471/471 475/475/475 474/474/474 
f 472/472/472 473/473/473 476/476/476 
f 475/475/475 472/472/472 476/476/476 
f 473/473/473 467/467/467 477/477/477 
f 477/477/477 467/467/467 466/466/466 
f 473/473/473 478/478/478 476/476/476 
f 478/478/478 475/475/475 476/476/476 
f 479/479/479 473/473/473 477/477/477 
f 466/466/466 479/479/479 477/477/477 
f 478/478/478 473/473/473 480/480/480 
f 480/480/480 473/473/473 479/479/479 
f 480/480/480 481/481/481 478/478/478 
f 481/481/481 480/480/480 482/482/482 
f 482/482/482 480/480/480 483/483/483 
f 483/483/483 480/480/480 479/479/479 
f 481/481/481 484/484/484 478/478/478 
f 475/475/475 478/478/478 484/484/484 
f 484/484/484 481/481/481 485/485/485 
f 486/486/486 484/484/484 485/485/485 
f 487/487/487 483/483/483 479/479/479 
f 479/479/479 466/466/466 487/487/487 
f 483/483/483 487/487/487 488/488/488 
f 488/488/488 487/487/487 489/489/489 
f 484/484/484 486/486/486 490/490/490 
f 490/490/490 475/475/475 484/484/484 
f 475/475/475 490/490/490 491/491/491 
f 474/474/474 475/475/475 491/491/491 
f 492/492/492 474/474/474 491/491/491 
f 491/491/491 490/490/490 492/492/492 
f 474/474/474 492/492/492 457/457/457 
f 490/490/490 486/486/486 493/493/493 
f 492/492/492 490/490/490 493/493/493 
f 493/493/493 486/486/486 494/494/494 
f 489/489/489 493/493/493 494/494/494 
f 457/457/457 492/492/492 464/464/464 
f 493/493/493 489/489/489 495/495/495 
f 495/495/495 492/492/492 493/493/493 
f 495/495/495 489/489/489 487/487/487 
f 496/496/496 464/464/464 492/492/492 
f 492/492/492 495/495/495 496/496/496 
f 466/466/466 464/464/464 496/496/496 
f 487/487/487 466/466/466 495/495/495 
f 496/496/496 495/495/495 466/466/466 
f 497/497/497 498/498/498 499/499/499 
f 497/497/497 499/499/499 500/500/500 
f 501/501/501 497/497/497 500/500/500 
f 502/502/502 499/499/499 498/498/498 
f 499/499/499 502/502/502 503/503/503 
f 504/504/504 503/503/503 502/502/502 
f 498/498/498 505/505/505 502/502/502 
f 497/497/497 505/505/505 498/498/498 
f 506/506/506 504/504/504 502/502/502 
f 497/497/497 501/501/501 507/507/507 
f 508/508/508 504/504/504 506/506/506 
f 504/504/504 508/508/508 509/509/509 
f 502/502/502 510/510/510 506/506/506 
f 506/506/506 510/510/510 508/508/508 
f 509/509/509 508/508/508 511/511/511 
f 510/510/510 502/502/502 512/512/512 
f 512/512/512 502/502/502 505/505/505 
f 511/511/511 508/508/508 513/513/513 
f 512/512/512 514/514/514 510/510/510 
f 515/515/515 511/511/511 513/513/513 
f 511/511/511 515/515/515 516/516/516 
f 515/515/515 501/501/501 516/516/516 
f 501/501/501 515/515/515 507/507/507 
f 508/508/508 510/510/510 517/517/517 
f 510/510/510 514/514/514 517/517/517 
f 508/508/508 518/518/518 513/513/513 
f 518/518/518 515/515/515 513/513/513 
f 518/518/518 508/508/508 517/517/517 
f 515/515/515 519/519/519 507/507/507 
f 519/519/519 497/497/497 507/507/507 
f 515/515/515 518/518/518 520/520/520 
f 519/519/519 515/515/515 520/520/520 
f 517/517/517 521/521/521 518/518/518 
f 521/521/521 520/520/520 518/518/518 
f 521/521/521 517/517/517 522/522/522 
f 517/517/517 514/514/514 522/522/522 
f 523/523/523 497/497/497 519/519/519 
f 505/505/505 497/497/497 523/523/523 
f 520/520/520 524/524/524 519/519/519 
f 519/519/519 524/524/524 523/523/523 
f 520/520/520 521/521/521 525/525/525 
f 524/524/524 520/520/520 525/525/525 
f 521/521/521 526/526/526 525/525/525 
f 526/526/526 524/524/524 525/525/525 
f 523/523/523 527/527/527 505/505/505 
f 505/505/505 527/527/527 512/512/512 
f 528/528/528 523/523/523 524/524/524 
f 527/527/527 523/523/523 528/528/528 
f 524/524/524 529/529/529 528/528/528 
f 529/529/529 527/527/527 528/528/528 
f 530/530/530 512/512/512 527/527/527 
f 514/514/514 512/512/512 530/530/530 
f 527/527/527 531/531/531 530/530/530 
f 530/530/530 531/531/531 514/514/514 
f 531/531/531 527/527/527 532/532/532 
f 532/532/532 527/527/527 529/529/529 
f 532/532/532 533/533/533 531/531/531 
f 533/533/533 532/532/532 534/534/534 
f 534/534/534 532/532/532 535/535/535 
f 535/535/535 532/532/532 529/529/529 
f 531/531/531 533/533/533 536/536/536 
f 536/536/536 514/514/514 531/531/531 
f 537/537/537 536/536/536 533/533/533 
f 538/538/538 536/536/536 537/537/537 
f 539/539/539 514/514/514 536/536/536 
f 536/536/536 538/538/538 539/539/539 
f 514/514/514 539/539/539 522/522/522 
f 522/522/522 539/539/539 521/521/521 
f 539/539/539 538/538/538 540/540/540 
f 521/521/521 539/539/539 540/540/540 
f 540/540/540 538/538/538 541/541/541 
f 526/526/526 521/521/521 540/540/540 
f 542/542/542 540/540/540 541/541/541 
f 540/540/540 542/542/542 526/526/526 
f 542/542/542 543/543/543 526/526/526 
f 524/524/524 526/526/526 543/543/543 
f 543/543/543 542/542/542 544/544/544 
f 535/535/535 543/543/543 544/544/544 
f 529/529/529 524/524/524 543/543/543 
f 543/543/543 535/535/535 529/529/529 
f 545/545/545 546/546/546 547/547/547 
f 545/545/545 548/548/548 546/546/546 
f 547/547/547 549/549/549 545/545/545 
f 547/547/547 550/550/550 549/549/549 
f 550/550/550 547/547/547 551/551/551 
f 552/552/552 550/550/550 551/551/551 
f 550/550/550 553/553/553 549/549/549 
f 553/553/553 545/545/545 549/549/549 
f 554/554/554 550/550/550 552/552/552 
f 548/548/548 545/545/545 555/555/555 
f 552/552/552 556/556/556 554/554/554 
f 556/556/556 552/552/552 557/557/557 
f 558/558/558 550/550/550 554/554/554 
f 556/556/556 558/558/558 554/554/554 
f 559/559/559 556/556/556 557/557/557 
f 550/550/550 558/558/558 560/560/560 
f 550/550/550 560/560/560 553/553/553 
f 556/556/556 559/559/559 561/561/561 
f 559/559/559 562/562/562 561/561/561 
f 562/562/562 559/559/559 563/563/563 
f 562/562/562 563/563/563 548/548/548 
f 562/562/562 548/548/548 555/555/555 
f 564/564/564 561/561/561 562/562/562 
f 564/564/564 556/556/556 561/561/561 
f 565/565/565 562/562/562 555/555/555 
f 565/565/565 555/555/555 545/545/545 
f 564/564/564 562/562/562 566/566/566 
f 562/562/562 565/565/565 566/566/566 
f 556/556/556 564/564/564 567/567/567 
f 558/558/558 556/556/556 567/567/567 
f 568/568/568 564/564/564 566/566/566 
f 568/568/568 567/567/567 564/564/564 
f 567/567/567 569/569/569 558/558/558 
f 569/569/569 560/560/560 558/558/558 
f 567/567/567 568/568/568 570/570/570 
f 569/569/569 567/567/567 570/570/570 
f 568/568/568 566/566/566 571/571/571 
f 566/566/566 572/572/572 571/571/571 
f 572/572/572 566/566/566 565/565/565 
f 573/573/573 568/568/568 571/571/571 
f 573/573/573 571/571/571 572/572/572 
f 568/568/568 574/574/574 570/570/570 
f 574/574/574 569/569/569 570/570/570 
f 568/568/568 573/573/573 575/575/575 
f 574/574/574 568/568/568 575/575/575 
f 576/576/576 575/575/575 573/573/573 
f 575/575/575 576/576/576 577/577/577 
f 578/578/578 575/575/575 577/577/577 
f 575/575/575 578/578/578 574/574/574 
f 576/576/576 573/573/573 579/579/579 
f 573/573/573 572/572/572 579/579/579 
f 576/576/576 579/579/579 580/580/580 
f 579/579/579 581/581/581 580/580/580 
f 578/578/578 582/582/582 574/574/574 
f 569/569/569 574/574/574 582/582/582 
f 582/582/582 578/578/578 583/583/583 
f 582/582/582 583/583/583 584/584/584 
f 569/569/569 582/582/582 585/585/585 
f 582/582/582 584/584/584 585/585/585 
f 569/569/569 585/585/585 586/586/586 
f 560/560/560 569/569/569 586/586/586 
f 560/560/560 586/586/586 587/587/587 
f 585/585/585 587/587/587 586/586/586 
f 560/560/560 587/587/587 553/553/553 
f 584/584/584 588/588/588 585/585/585 
f 587/587/587 585/585/585 588/588/588 
f 588/588/588 584/584/584 589/589/589 
f 588/588/588 589/589/589 581/581/581 
f 581/581/581 590/590/590 588/588/588 
f 587/587/587 588/588/588 590/590/590 
f 581/581/581 579/579/579 590/590/590 
f 572/572/572 590/590/590 579/579/579 
f 590/590/590 591/591/591 587/587/587 
f 590/590/590 572/572/572 591/591/591 
f 592/592/592 587/587/587 591/591/591 
f 592/592/592 591/591/591 572/572/572 
f 587/587/587 592/592/592 553/553/553 
f 572/572/572 565/565/565 592/592/592 
f 545/545/545 553/553/553 592/592/592 
f 545/545/545 592/592/592 565/565/565 
f 593/593/593 594/594/594 595/595/595 
f 596/596/596 593/593/593 595/595/595 
f 593/593/593 596/596/596 597/597/597 
f 596/596/596 595/595/595 598/598/598 
f 598/598/598 595/595/595 599/599/599 
f 596/596/596 598/598/598 600/600/600 
f 601/601/601 602/602/602 603/603/603 
f 602/602/602 601/601/601 604/604/604 
f 604/604/604 601/601/601 605/605/605 
f 602/602/602 604/604/604 606/606/606 
f 606/606/606 604/604/604 607/607/607 
f 602/602/602 606/606/606 608/608/608 
f 609/609/609 610/610/610 611/611/611 
f 610/610/610 612/612/612 611/611/611 
f 610/610/610 609/609/609 613/613/613 
f 610/610/610 614/614/614 612/612/612 
f 615/615/615 613/613/613 609/609/609 
f 616/616/616 612/612/612 614/614/614 
f 609/609/609 617/617/617 615/615/615 
f 612/612/612 616/616/616 618/618/618 
f 619/619/619 615/615/615 617/617/617 
f 616/616/616 620/620/620 618/618/618 
f 615/615/615 619/619/619 621/621/621 
f 616/616/616 622/622/622 620/620/620 
f 619/619/619 623/623/623 621/621/621 
f 623/623/623 620/620/620 622/622/622 
f 623/623/623 619/619/619 624/624/624 
f 620/620/620 623/623/623 624/624/624 
f 625/625/625 626/626/626 627/627/627 
f 628/628/628 625/625/625 627/627/627 
f 626/626/626 625/625/625 629/629/629 
f 625/625/625 628/628/628 630/630/630 
f 631/631/631 626/626/626 629/629/629 
f 632/632/632 630/630/630 628/628/628 
f 626/626/626 631/631/631 633/633/633 
f 632/632/632 628/628/628 634/634/634 
f 631/631/631 635/635/635 633/633/633 
f 636/636/636 632/632/632 634/634/634 
f 635/635/635 631/631/631 637/637/637 
f 632/632/632 636/636/636 638/638/638 
f 639/639/639 635/635/635 637/637/637 
f 639/639/639 638/638/638 636/636/636 
f 635/635/635 639/639/639 640/640/640 
f 636/636/636 640/640/640 639/639/639 
f 641/641/641 642/642/642 643/643/643 
f 642/642/642 644/644/644 643/643/643 
f 642/642/642 641/641/641 645/645/645 
f 644/644/644 642/642/642 646/646/646 
f 647/647/647 645/645/645 641/641/641 
f 648/648/648 644/644/644 646/646/646 
f 647/647/647 641/641/641 649/649/649 
f 644/644/644 648/648/648 650/650/650 
f 651/651/651 647/647/647 649/649/649 
f 652/652/652 650/650/650 648/648/648 
f 647/647/647 651/651/651 653/653/653 
f 652/652/652 648/648/648 654/654/654 
f 655/655/655 653/653/653 651/651/651 
f 655/655/655 652/652/652 654/654/654 
f 655/655/655 651/651/651 656/656/656 
f 652/652/652 655/655/655 656/656/656 
f 657/657/657 658/658/658 659/659/659 
f 659/659/659 660/660/660 657/657/657 
f 658/658/658 657/657/657 661/661/661 
f 660/660/660 662/662/662 657/657/657 
f 663/663/663 658/658/658 661/661/661 
f 660/660/660 664/664/664 662/662/662 
f 658/658/658 663/663/663 665/665/665 
f 664/664/664 660/660/660 666/666/666 
f 663/663/663 667/667/667 665/665/665 
f 668/668/668 664/664/664 666/666/666 
f 667/667/667 663/663/663 669/669/669 
f 670/670/670 664/664/664 668/668/668 
f 669/669/669 671/671/671 667/667/667 
f 668/668/668 671/671/671 670/670/670 
f 667/667/667 671/671/671 672/672/672 
f 671/671/671 668/668/668 672/672/672 

g Part2

v 0.108324 0.234513 -0.108324 
v 0.093055 0.168325 -0.093055 
v 2.48007e-17 0.234513 -0.153194 
v 0.089183 0.27325 -0.089183 
v 0.153194 0.234513 2.48007e-17 
v 1.66949e-17 0.168325 -0.1316 
v 0.126124 0.27325 2.95446e-17 
v 2.95446e-17 0.27325 -0.126124 
v 0.048721 0.299339 3.27395e-17 
v -0.089183 0.27325 -0.089183 
v 3.27395e-17 0.299339 -0.048721 
v 0.034451 0.299339 -0.034451 
v 0.089183 0.27325 0.089183 
v 3.27395e-17 0.299339 0.048721 
v 0.034451 0.299339 0.034451 
v 0.108324 0.234513 0.108324 
v 2.95446e-17 0.27325 0.126124 
v 2.48007e-17 0.234513 0.153194 
v -0.089183 0.27325 0.089183 
v -0.048721 0.299339 3.27395e-17 
v 0.093055 0.168325 0.093055 
v 0.1316 0.168325 1.66949e-17 
v -0.034451 0.299339 -0.034451 
v -0.034451 0.299339 0.034451 
v -0.126124 0.27325 2.95446e-17 
v -0.153194 0.234513 2.48007e-17 
v -0.108324 0.234513 -0.108324 
v -0.108324 0.234513 0.108324 
v -0.093055 0.168325 -0.093055 
v -0.093055 0.168325 0.093055 
v -0.1316 0.168325 1.66949e-17 
v -0.061344 0.109034 -0.061344 
v 1.66949e-17 0.168325 0.1316 
v -0.061344 0.109034 0.061344 
v -0.086753 0.109034 9.43394e-18 
v 0.061344 0.109034 0.061344 
v 9.43394e-18 0.109034 0.086753 
v -0.033421 0.0668715 0.033421 
v -0.033421 0.0668715 -0.033421 
v -0.047265 0.0668715 4.27047e-18 
v 9.43394e-18 0.109034 -0.086753 
v 0.061344 0.109034 -0.061344 
v 0.086753 0.109034 9.43394e-18 
v 0.033421 0.0668715 -0.033421 
v 4.27047e-18 0.0668715 -0.047265 
v -0.022426 0.0383245 -0.022426 
v 0.033421 0.0668715 0.033421 
v 0.047265 0.0668715 4.27047e-18 
v 0.022426 0.0383245 -0.022426 
v 7.74467e-19 0.0383245 -0.031715 
v 4.27047e-18 0.0668715 0.047265 
v 0.022426 0.0383245 0.022426 
v 0.031715 0.0383245 7.74467e-19 
v 0.009905 0.0108785 -0.009905 
v -0.022426 0.0383245 0.022426 
v 7.74467e-19 0.0383245 0.031715 
v 0.009905 0.0108785 0.009905 
v 0.014007 0.0108785 -2.5867e-18 
v -0.031715 0.0383245 7.74467e-19 
v -0.009905 0.0108785 0.009905 
v -2.5867e-18 0.0108785 0.014007 
v 0.004334 -0.0380325 0.004334 
v -0.009905 0.0108785 -0.009905 
v -0.014007 0.0108785 -2.5867e-18 
v -0.004334 -0.0380325 0.004334 
v -8.57657e-18 -0.0380325 0.006129 
v -2.5867e-18 0.0108785 -0.014007 
v -0.004334 -0.0380325 -0.004334 
v -0.006129 -0.0380325 -8.57657e-18 
v -1.2407e-17 -0.0693105 0.014627 
v -0.014627 -0.0693105 -1.2407e-17 
v -0.010343 -0.0693105 0.010343 
v -8.57657e-18 -0.0380325 -0.006129 
v 0.004334 -0.0380325 -0.004334 
v 0.006129 -0.0380325 -8.57657e-18 
v 0.014627 -0.0693105 -1.2407e-17 
v -1.2407e-17 -0.0693105 -0.014627 
v 0.010343 -0.0693105 -0.010343 
v 0.010343 -0.0693105 0.010343 
v 0.029211 -0.10289 -1.65193e-17 
v -0.010343 -0.0693105 -0.010343 
v -1.65193e-17 -0.10289 -0.029211 
v 0.020656 -0.10289 -0.020656 
v -0.029211 -0.10289 -1.65193e-17 
v -0.020656 -0.10289 -0.020656 
v -1.81622e-17 -0.116306 -0.042144 
v 0.042144 -0.116306 -1.81622e-17 
v 0.0298 -0.116306 -0.0298 
v -0.0298 -0.116306 -0.0298 
v -0.042144 -0.116306 -1.81622e-17 
v -0.059659 -0.138346 -0.059659 
v 0.059659 -0.138346 -0.059659 
v -2.08614e-17 -0.138346 -0.084371 
v -0.095042 -0.175719 -0.095042 
v 0.095042 -0.175719 -0.095042 
v -0.084371 -0.138346 -2.08614e-17 
v -2.54384e-17 -0.175719 -0.13441 
v 0.084371 -0.138346 -2.08614e-17 
v 0.112411 -0.199038 -0.112411 
v 0.13441 -0.175719 -2.54384e-17 
v 0.095042 -0.175719 0.095042 
v 0.059659 -0.138346 0.059659 
v 0.0298 -0.116306 0.0298 
v 0.020656 -0.10289 0.020656 
v -1.81622e-17 -0.116306 0.042144 
v -1.65193e-17 -0.10289 0.029211 
v -0.020656 -0.10289 0.020656 
v -0.0298 -0.116306 0.0298 
v -0.059659 -0.138346 0.059659 
v -2.08614e-17 -0.138346 0.084371 
v -0.095042 -0.175719 0.095042 
v -0.13441 -0.175719 -2.54384e-17 
v -2.54384e-17 -0.175719 0.13441 
v -0.112411 -0.199038 0.112411 
v -0.112411 -0.199038 -0.112411 
v -0.158973 -0.199038 -2.8294e-17 
v 0.112411 -0.199038 0.112411 
v -2.8294e-17 -0.199038 0.158973 
v -0.106799 -0.252383 0.106799 
v 0.158973 -0.199038 -2.8294e-17 
v 0.106799 -0.252383 0.106799 
v -3.48269e-17 -0.252383 0.151037 
v -0.151037 -0.252383 -3.48269e-17 
v 0.079914 -0.299339 0.079914 
v 0.151037 -0.252383 -3.48269e-17 
v 0.106799 -0.252383 -0.106799 
v 0.113016 -0.299339 -4.05773e-17 
v 0.079914 -0.299339 -0.079914 
v -4.05773e-17 -0.299339 0.113016 
v -2.8294e-17 -0.199038 -0.158973 
v -0.079914 -0.299339 0.079914 
v -0.106799 -0.252383 -0.106799 
v -0.113016 -0.299339 -4.05773e-17 
v -0.079914 -0.299339 -0.079914 
v -3.48269e-17 -0.252383 -0.151037 
v -4.05773e-17 -0.299339 -0.113016 

vn 0.700787 0.133858 -0.700787 
vn 0.629921 -0.448819 -0.629921 
vn 0 0.133858 -0.992126 
vn 0.456693 0.76378 -0.456693 
vn 0.992126 0.133858 0 
vn 0 -0.448819 -0.897638 
vn 0.645669 0.76378 0 
vn 0 0.76378 -0.645669 
vn 0.19685 0.976378 0 
vn -0.456693 0.76378 -0.456693 
vn 0 0.976378 -0.19685 
vn 0.141732 0.976378 -0.141732 
vn 0.456693 0.76378 0.456693 
vn 0 0.976378 0.19685 
vn 0.141732 0.976378 0.141732 
vn 0.700787 0.133858 0.700787 
vn 0 0.76378 0.645669 
vn 0 0.133858 0.992126 
vn -0.456693 0.76378 0.456693 
vn -0.19685 0.976378 0 
vn 0.629921 -0.448819 0.629921 
vn 0.897638 -0.448819 0 
vn -0.141732 0.976378 -0.141732 
vn -0.141732 0.976378 0.141732 
vn -0.645669 0.76378 0 
vn -0.992126 0.133858 0 
vn -0.700787 0.133858 -0.700787 
vn -0.700787 0.133858 0.700787 
vn -0.629921 -0.448819 -0.629921 
vn -0.629921 -0.448819 0.629921 
vn -0.897638 -0.448819 0 
vn -0.543307 -0.637795 -0.543307 
vn 0 -0.448819 0.897638 
vn -0.543307 -0.637795 0.543307 
vn -0.771654 -0.637795 0 
vn 0.543307 -0.637795 0.543307 
vn 0 -0.637795 0.771654 
vn -0.566929 -0.598425 0.566929 
vn -0.566929 -0.598425 -0.566929 
vn -0.80315 -0.598425 0 
vn 0 -0.637795 -0.771654 
vn 0.543307 -0.637795 -0.543307 
vn 0.771654 -0.637795 0 
vn 0.566929 -0.598425 -0.566929 
vn 0 -0.598425 -0.80315 
vn -0.606299 -0.503937 -0.606299 
vn 0.566929 -0.598425 0.566929 
vn 0.80315 -0.598425 0 
vn 0.606299 -0.503937 -0.606299 
vn 0 -0.503937 -0.866142 
vn 0 -0.598425 0.80315 
vn 0.606299 -0.503937 0.606299 
vn 0.866142 -0.503937 0 
vn 0.653543 -0.377953 -0.653543 
vn -0.606299 -0.503937 0.606299 
vn 0 -0.503937 0.866142 
vn 0.653543 -0.377953 0.653543 
vn 0.929134 -0.377953 0 
vn -0.866142 -0.503937 0 
vn -0.653543 -0.377953 0.653543 
vn 0 -0.377953 0.929134 
vn 0.708661 0.0551181 0.708661 
vn -0.653543 -0.377953 -0.653543 
vn -0.929134 -0.377953 0 
vn -0.708661 0.0551181 0.708661 
vn 0 0.0551181 1 
vn 0 -0.377953 -0.929134 
vn -0.708661 0.0551181 -0.708661 
vn -1 0.0551181 0 
vn 0 0.338583 0.944882 
vn -0.944882 0.338583 0 
vn -0.669291 0.338583 0.669291 
vn 0 0.0551181 -1 
vn 0.708661 0.0551181 -0.708661 
vn 1 0.0551181 0 
vn 0.944882 0.338583 0 
vn 0 0.338583 -0.944882 
vn 0.669291 0.338583 -0.669291 
vn 0.669291 0.338583 0.669291 
vn 0.818898 0.574803 0 
vn -0.669291 0.338583 -0.669291 
vn 0 0.574803 -0.818898 
vn 0.574803 0.574803 -0.574803 
vn -0.818898 0.574803 0 
vn -0.574803 0.574803 -0.574803 
vn 0 0.818898 -0.574803 
vn 0.574803 0.818898 0 
vn 0.401575 0.818898 -0.401575 
vn -0.401575 0.818898 -0.401575 
vn -0.574803 0.818898 0 
vn -0.385827 0.834646 -0.385827 
vn 0.385827 0.834646 -0.385827 
vn 0 0.834646 -0.543307 
vn -0.464567 0.755906 -0.464567 
vn 0.464567 0.755906 -0.464567 
vn -0.543307 0.834646 0 
vn 0 0.755906 -0.653543 
vn 0.543307 0.834646 0 
vn 0.677165 0.299213 -0.677165 
vn 0.653543 0.755906 0 
vn 0.464567 0.755906 0.464567 
vn 0.385827 0.834646 0.385827 
vn 0.401575 0.818898 0.401575 
vn 0.574803 0.574803 0.574803 
vn 0 0.818898 0.574803 
vn 0 0.574803 0.818898 
vn -0.574803 0.574803 0.574803 
vn -0.401575 0.818898 0.401575 
vn -0.385827 0.834646 0.385827 
vn 0 0.834646 0.543307 
vn -0.464567 0.755906 0.464567 
vn -0.653543 0.755906 0 
vn 0 0.755906 0.653543 
vn -0.677165 0.299213 0.677165 
vn -0.677165 0.299213 -0.677165 
vn -0.952756 0.299213 0 
vn 0.677165 0.299213 0.677165 
vn 0 0.299213 0.952756 
vn -0.653543 -0.377953 0.653543 
vn 0.952756 0.299213 0 
vn 0.653543 -0.377953 0.653543 
vn 0 -0.377953 0.92126 
vn -0.92126 -0.377953 0 
vn 0.362205 -0.858268 0.362205 
vn 0.92126 -0.377953 0 
vn 0.653543 -0.377953 -0.653543 
vn 0.511811 -0.858268 0 
vn 0.362205 -0.858268 -0.362205 
vn 0 -0.858268 0.511811 
vn 0 0.299213 -0.952756 
vn -0.362205 -0.858268 0.362205 
vn -0.653543 -0.377953 -0.653543 
vn -0.511811 -0.858268 0 
vn -0.362205 -0.858268 -0.362205 
vn 0 -0.377953 -0.92126 
vn 0 -0.858268 -0.511811 

vt 0 0 
vt 0 0 
vt 0 0 
vt 0 0 
vt 0 0 
vt 0 0 
vt 0 0 
vt 0 0 
vt 0 0 
vt 0 0 
vt 0 0 
vt 0 0 
vt 0 0 
vt 0 0 
vt 0 0 
vt 0 0 
vt 0 0 
vt 0 0 
vt 0 0 
vt 0 0 
vt 0 0 
vt 0 0 
vt 0 0 
vt 0 0 
vt 0 0 
vt 0 0 
vt 0 0 
vt 0 0 
vt 0 0 
vt 0 0 
vt 0 0 
vt 0 0 
vt 0 0 
vt 0 0 
vt 0 0 
vt 0 0 
vt 0 0 
vt 0 0 
vt 0 0 
vt 0 0 
vt 0 0 
vt 0 0 
vt 0 0 
vt 0 0 
vt 0 0 
vt 0 0 
vt 0 0 
vt 0 0 
vt 0 0 
vt 0 0 
vt 0 0 
vt 0 0 
vt 0 0 
vt 0 0 
vt 0 0 
vt 0 0 
vt 0 0 
vt 0 0 
vt 0 0 
vt 0 0 
vt 0 0 
vt 0 0 
vt 0 0 
vt 0 0 
vt 0 0 
vt 0 0 
vt 0 0 
vt 0 0 
vt 0 0 
vt 0 0 
vt 0 0 
vt 0 0 
vt 0 0 
vt 0 0 
vt 0 0 
vt 0 0 
vt 0 0 
vt 0 0 
vt 0 0 
vt 0 0 
vt 0 0 
vt 0 0 
vt 0 0 
vt 0 0 
vt 0 0 
vt 0 0 
vt 0 0 
vt 0 0 
vt 0 0 
vt 0 0 
vt 0 0 
vt 0 0 
vt 0 0 
vt 0 0 
vt 0 0 
vt 0 0 
vt 0 0 
vt 0 0 
vt 0 0 
vt 0 0 
vt 0 0 
vt 0 0 
vt 0 0 
vt 0 0 
vt 0 0 
vt 0 0 
vt 0 0 
vt 0 0 
vt 0 0 
vt 0 0 
vt 0 0 
vt 0 0 
vt 0 0 
vt 0 0 
vt 0 0 
vt 0 0 
vt 0 0 
vt 0 0 
vt 0 0 
vt 0 0 
vt 0 0 
vt 0 0 
vt 0 0 
vt 0 0 
vt 0 0 
vt 0 0 
vt 0 0 
vt 0 0 
vt 0 0 
vt 0 0 
vt 0 0 
vt 0 0 
vt 0 0 
vt 0 0 
vt 0 0 
vt 0 0 

usemtl Part1Mtl

f 673/673/673 674/674/674 675/675/675 
f 675/675/675 676/676/676 673/673/673 
f 677/677/677 674/674/674 673/673/673 
f 676/676/676 677/677/677 673/673/673 
f 675/675/675 674/674/674 678/678/678 
f 677/677/677 676/676/676 679/679/679 
f 676/676/676 675/675/675 680/680/680 
f 676/676/676 681/681/681 679/679/679 
f 675/675/675 682/682/682 680/680/680 
f 683/683/683 676/676/676 680/680/680 
f 680/680/680 682/682/682 683/683/683 
f 676/676/676 683/683/683 684/684/684 
f 681/681/681 676/676/676 684/684/684 
f 683/683/683 681/681/681 684/684/684 
f 681/681/681 685/685/685 679/679/679 
f 685/685/685 677/677/677 679/679/679 
f 686/686/686 681/681/681 683/683/683 
f 685/685/685 681/681/681 687/687/687 
f 681/681/681 686/686/686 687/687/687 
f 686/686/686 685/685/685 687/687/687 
f 688/688/688 677/677/677 685/685/685 
f 685/685/685 686/686/686 689/689/689 
f 685/685/685 690/690/690 688/688/688 
f 690/690/690 685/685/685 689/689/689 
f 686/686/686 691/691/691 689/689/689 
f 689/689/689 691/691/691 690/690/690 
f 686/686/686 683/683/683 692/692/692 
f 677/677/677 688/688/688 693/693/693 
f 690/690/690 693/693/693 688/688/688 
f 694/694/694 677/677/677 693/693/693 
f 674/674/674 677/677/677 694/694/694 
f 692/692/692 683/683/683 695/695/695 
f 683/683/683 682/682/682 695/695/695 
f 682/682/682 692/692/692 695/695/695 
f 686/686/686 692/692/692 696/696/696 
f 691/691/691 686/686/686 696/696/696 
f 691/691/691 696/696/696 692/692/692 
f 692/692/692 682/682/682 697/697/697 
f 697/697/697 691/691/691 692/692/692 
f 682/682/682 698/698/698 697/697/697 
f 698/698/698 691/691/691 697/697/697 
f 699/699/699 698/698/698 682/682/682 
f 682/682/682 675/675/675 699/699/699 
f 691/691/691 698/698/698 700/700/700 
f 700/700/700 690/690/690 691/691/691 
f 675/675/675 701/701/701 699/699/699 
f 701/701/701 698/698/698 699/699/699 
f 701/701/701 675/675/675 678/678/678 
f 698/698/698 702/702/702 700/700/700 
f 690/690/690 700/700/700 702/702/702 
f 698/698/698 701/701/701 703/703/703 
f 702/702/702 698/698/698 703/703/703 
f 701/701/701 678/678/678 704/704/704 
f 704/704/704 703/703/703 701/701/701 
f 702/702/702 705/705/705 690/690/690 
f 693/693/693 690/690/690 705/705/705 
f 702/702/702 703/703/703 706/706/706 
f 706/706/706 705/705/705 702/702/702 
f 703/703/703 704/704/704 707/707/707 
f 707/707/707 706/706/706 703/703/703 
f 705/705/705 708/708/708 693/693/693 
f 708/708/708 694/694/694 693/693/693 
f 705/705/705 706/706/706 709/709/709 
f 708/708/708 705/705/705 709/709/709 
f 706/706/706 707/707/707 710/710/710 
f 710/710/710 709/709/709 706/706/706 
f 711/711/711 707/707/707 704/704/704 
f 712/712/712 710/710/710 707/707/707 
f 707/707/707 711/711/711 712/712/712 
f 704/704/704 713/713/713 711/711/711 
f 678/678/678 713/713/713 704/704/704 
f 678/678/678 714/714/714 713/713/713 
f 714/714/714 678/678/678 674/674/674 
f 714/714/714 674/674/674 694/694/694 
f 714/714/714 694/694/694 715/715/715 
f 694/694/694 708/708/708 715/715/715 
f 716/716/716 713/713/713 714/714/714 
f 716/716/716 714/714/714 715/715/715 
f 713/713/713 717/717/717 711/711/711 
f 713/713/713 716/716/716 717/717/717 
f 711/711/711 717/717/717 718/718/718 
f 718/718/718 712/712/712 711/711/711 
f 719/719/719 715/715/715 708/708/708 
f 709/709/709 719/719/719 708/708/708 
f 716/716/716 715/715/715 720/720/720 
f 715/715/715 719/719/719 720/720/720 
f 721/721/721 717/717/717 716/716/716 
f 721/721/721 716/716/716 720/720/720 
f 717/717/717 722/722/722 718/718/718 
f 717/717/717 721/721/721 722/722/722 
f 719/719/719 709/709/709 723/723/723 
f 709/709/709 710/710/710 723/723/723 
f 724/724/724 720/720/720 719/719/719 
f 723/723/723 724/724/724 719/719/719 
f 721/721/721 720/720/720 725/725/725 
f 720/720/720 724/724/724 725/725/725 
f 726/726/726 722/722/722 721/721/721 
f 726/726/726 721/721/721 725/725/725 
f 727/727/727 723/723/723 710/710/710 
f 712/712/712 727/727/727 710/710/710 
f 724/724/724 723/723/723 728/728/728 
f 723/723/723 727/727/727 728/728/728 
f 729/729/729 725/725/725 724/724/724 
f 728/728/728 729/729/729 724/724/724 
f 726/726/726 725/725/725 730/730/730 
f 725/725/725 729/729/729 730/730/730 
f 731/731/731 727/727/727 712/712/712 
f 712/712/712 718/718/718 731/731/731 
f 732/732/732 728/728/728 727/727/727 
f 731/731/731 732/732/732 727/727/727 
f 729/729/729 728/728/728 733/733/733 
f 728/728/728 732/732/732 733/733/733 
f 734/734/734 730/730/730 729/729/729 
f 733/733/733 734/734/734 729/729/729 
f 735/735/735 731/731/731 718/718/718 
f 735/735/735 718/718/718 722/722/722 
f 731/731/731 736/736/736 732/732/732 
f 731/731/731 735/735/735 736/736/736 
f 737/737/737 733/733/733 732/732/732 
f 736/736/736 737/737/737 732/732/732 
f 734/734/734 733/733/733 738/738/738 
f 733/733/733 737/737/737 738/738/738 
f 722/722/722 739/739/739 735/735/735 
f 722/722/722 726/726/726 739/739/739 
f 740/740/740 736/736/736 735/735/735 
f 740/740/740 735/735/735 739/739/739 
f 737/737/737 736/736/736 741/741/741 
f 736/736/736 740/740/740 741/741/741 
f 737/737/737 742/742/742 738/738/738 
f 742/742/742 734/734/734 738/738/738 
f 743/743/743 737/737/737 741/741/741 
f 740/740/740 743/743/743 741/741/741 
f 742/742/742 737/737/737 744/744/744 
f 737/737/737 743/743/743 744/744/744 
f 739/739/739 745/745/745 740/740/740 
f 746/746/746 739/739/739 726/726/726 
f 739/739/739 746/746/746 745/745/745 
f 746/746/746 726/726/726 730/730/730 
f 730/730/730 734/734/734 747/747/747 
f 746/746/746 730/730/730 747/747/747 
f 748/748/748 747/747/747 734/734/734 
f 748/748/748 746/746/746 747/747/747 
f 749/749/749 740/740/740 745/745/745 
f 749/749/749 745/745/745 746/746/746 
f 746/746/746 748/748/748 750/750/750 
f 746/746/746 750/750/750 749/749/749 
f 748/748/748 734/734/734 751/751/751 
f 734/734/734 742/742/742 751/751/751 
f 752/752/752 750/750/750 748/748/748 
f 752/752/752 748/748/748 751/751/751 
f 740/740/740 749/749/749 753/753/753 
f 740/740/740 753/753/753 743/743/743 
f 754/754/754 749/749/749 750/750/750 
f 754/754/754 753/753/753 749/749/749 
f 750/750/750 752/752/752 755/755/755 
f 750/750/750 755/755/755 754/754/754 
f 753/753/753 756/756/756 743/743/743 
f 756/756/756 744/744/744 743/743/743 
f 753/753/753 754/754/754 757/757/757 
f 753/753/753 757/757/757 756/756/756 
f 754/754/754 755/755/755 758/758/758 
f 758/758/758 757/757/757 754/754/754 
f 759/759/759 755/755/755 752/752/752 
f 755/755/755 760/760/760 758/758/758 
f 755/755/755 759/759/759 760/760/760 
f 757/757/757 758/758/758 761/761/761 
f 757/757/757 762/762/762 756/756/756 
f 761/761/761 762/762/762 757/757/757 
f 763/763/763 761/761/761 758/758/758 
f 763/763/763 762/762/762 761/761/761 
f 764/764/764 758/758/758 760/760/760 
f 759/759/759 764/764/764 760/760/760 
f 763/763/763 758/758/758 765/765/765 
f 758/758/758 764/764/764 765/765/765 
f 765/765/765 766/766/766 763/763/763 
f 767/767/767 765/765/765 764/764/764 
f 766/766/766 768/768/768 763/763/763 
f 762/762/762 763/763/763 768/768/768 
f 766/766/766 765/765/765 769/769/769 
f 765/765/765 767/767/767 769/769/769 
f 770/770/770 767/767/767 764/764/764 
f 759/759/759 770/770/770 764/764/764 
f 771/771/771 769/769/769 767/767/767 
f 770/770/770 772/772/772 767/767/767 
f 772/772/772 771/771/771 767/767/767 
f 770/770/770 773/773/773 772/772/772 
f 759/759/759 774/774/774 770/770/770 
f 773/773/773 770/770/770 774/774/774 
f 774/774/774 759/759/759 775/775/775 
f 759/759/759 776/776/776 775/775/775 
f 759/759/759 752/752/752 776/776/776 
f 752/752/752 751/751/751 776/776/776 
f 776/776/776 777/777/777 775/775/775 
f 777/777/777 774/774/774 775/775/775 
f 751/751/751 778/778/778 776/776/776 
f 777/777/777 776/776/776 778/778/778 
f 778/778/778 751/751/751 742/742/742 
f 744/744/744 778/778/778 742/742/742 
f 778/778/778 744/744/744 779/779/779 
f 779/779/779 777/777/777 778/778/778 
f 744/744/744 756/756/756 779/779/779 
f 762/762/762 779/779/779 756/756/756 
f 780/780/780 777/777/777 779/779/779 
f 779/779/779 762/762/762 780/780/780 
f 762/762/762 781/781/781 780/780/780 
f 781/781/781 777/777/777 780/780/780 
f 768/768/768 781/781/781 762/762/762 
f 782/782/782 774/774/774 777/777/777 
f 777/777/777 781/781/781 782/782/782 
f 782/782/782 773/773/773 774/774/774 
f 768/768/768 783/783/783 781/781/781 
f 783/783/783 782/782/782 781/781/781 
f 784/784/784 783/783/783 768/768/768 
f 768/768/768 766/766/766 784/784/784 
f 782/782/782 783/783/783 785/785/785 
f 785/785/785 773/773/773 782/782/782 
f 784/784/784 786/786/786 783/783/783 
f 786/786/786 785/785/785 783/783/783 
f 787/787/787 784/784/784 766/766/766 
f 766/766/766 769/769/769 787/787/787 
f 788/788/788 786/786/786 784/784/784 
f 784/784/784 787/787/787 788/788/788 
f 785/785/785 789/789/789 773/773/773 
f 789/789/789 772/772/772 773/773/773 
f 785/785/785 786/786/786 790/790/790 
f 790/790/790 789/789/789 785/785/785 
f 788/788/788 791/791/791 786/786/786 
f 791/791/791 790/790/790 786/786/786 
f 772/772/772 789/789/789 792/792/792 
f 792/792/792 771/771/771 772/772/772 
f 790/790/790 793/793/793 789/789/789 
f 793/793/793 792/792/792 789/789/789 
f 790/790/790 791/791/791 794/794/794 
f 793/793/793 790/790/790 794/794/794 
f 795/795/795 791/791/791 788/788/788 
f 794/794/794 796/796/796 793/793/793 
f 792/792/792 793/793/793 797/797/797 
f 796/796/796 797/797/797 793/793/793 
f 798/798/798 792/792/792 797/797/797 
f 771/771/771 792/792/792 798/798/798 
f 797/797/797 796/796/796 799/799/799 
f 800/800/800 797/797/797 799/799/799 
f 796/796/796 800/800/800 799/799/799 
f 798/798/798 797/797/797 800/800/800 
f 796/796/796 794/794/794 801/801/801 
f 798/798/798 802/802/802 771/771/771 
f 769/769/769 771/771/771 802/802/802 
f 787/787/787 769/769/769 802/802/802 
f 794/794/794 803/803/803 801/801/801 
f 803/803/803 796/796/796 801/801/801 
f 803/803/803 794/794/794 791/791/791 
f 803/803/803 800/800/800 796/796/796 
f 791/791/791 795/795/795 803/803/803 
f 787/787/787 802/802/802 804/804/804 
f 804/804/804 788/788/788 787/787/787 
f 788/788/788 804/804/804 795/795/795 
f 805/805/805 803/803/803 795/795/795 
f 806/806/806 803/803/803 805/805/805 
f 795/795/795 806/806/806 805/805/805 
f 803/803/803 806/806/806 800/800/800 
f 806/806/806 795/795/795 804/804/804 
f 807/807/807 804/804/804 802/802/802 
f 804/804/804 807/807/807 806/806/806 
f 802/802/802 798/798/798 807/807/807 
f 800/800/800 807/807/807 798/798/798 
f 807/807/807 808/808/808 806/806/806 
f 800/800/800 806/806/806 808/808/808 
f 807/807/807 800/800/800 808/808/808 

g Part3

v -8.29759e-18 -0.0692625 0.09006 
v -0.038018 -0.0267155 0.038018 
v -3.08709e-18 -0.0267155 0.053766 
v -0.028328 4.94183e-07 0.028328 
v 1.84677e-19 4.94183e-07 0.040061 
v 0.028328 4.94183e-07 0.028328 
v 3.45632e-18 0.0267155 0.053766 
v 0.038018 -0.0267155 0.038018 
v -0.063682 -0.0692625 0.063682 
v 0.063682 -0.0692625 0.063682 
v -1.5849e-17 -0.130925 0.14127 
v 0.09006 -0.0692625 -8.29759e-18 
v -0.099893 -0.130925 0.099893 
v 0.053766 -0.0267155 -3.08709e-18 
v 0.040061 4.94183e-07 1.84677e-19 
v 0.14127 -0.130925 -1.5849e-17 
v 0.099893 -0.130925 0.099893 
v -2.58208e-17 -0.212351 0.169848 
v 0.169848 -0.212351 -2.58208e-17 
v 0.120101 -0.212351 0.120101 
v 0.063682 -0.0692625 -0.063682 
v 0.038018 -0.0267155 -0.038018 
v 0.028328 4.94183e-07 -0.028328 
v -8.29759e-18 -0.0692625 -0.09006 
v 0.099893 -0.130925 -0.099893 
v -1.5849e-17 -0.130925 -0.14127 
v 0.120101 -0.212351 -0.120101 
v -2.58208e-17 -0.212351 -0.169848 
v -3.08709e-18 -0.0267155 -0.053766 
v 0.11321 -0.287452 -0.11321 
v 0.160103 -0.287452 -3.5018e-17 
v -0.038018 -0.0267155 -0.038018 
v -0.063682 -0.0692625 -0.063682 
v -0.099893 -0.130925 -0.099893 
v -0.120101 -0.212351 -0.120101 
v -0.14127 -0.130925 -1.5849e-17 
v -0.169848 -0.212351 -2.58208e-17 
v -0.09006 -0.0692625 -8.29759e-18 
v -0.053766 -0.0267155 -3.08709e-18 
v -0.120101 -0.212351 0.120101 
v -0.040061 4.94183e-07 1.84677e-19 
v -0.028328 4.94183e-07 -0.028328 
v -0.11321 -0.287452 0.11321 
v -0.053766 0.0267155 3.45632e-18 
v 1.84677e-19 4.94183e-07 -0.040061 
v 3.45632e-18 0.0267155 -0.053766 
v -0.038018 0.0267155 -0.038018 
v 0.038018 0.0267155 -0.038018 
v -0.038018 0.0267155 0.038018 
v -0.09006 0.0692625 8.66683e-18 
v 8.66683e-18 0.0692625 -0.09006 
v -0.063682 0.0692625 -0.063682 
v -0.063682 0.0692625 0.063682 
v 8.66683e-18 0.0692625 0.09006 
v -0.14127 0.130924 1.62182e-17 
v 1.62182e-17 0.130924 0.14127 
v 0.038018 0.0267155 0.038018 
v 0.063682 0.0692625 0.063682 
v 0.053766 0.0267155 3.45632e-18 
v 0.09006 0.0692625 8.66683e-18 
v 0.063682 0.0692625 -0.063682 
v 0.14127 0.130924 1.62182e-17 
v 1.62182e-17 0.130924 -0.14127 
v 0.099893 0.130924 -0.099893 
v 0.099893 0.130924 0.099893 
v 0.169848 0.21235 2.61901e-17 
v -0.099893 0.130924 -0.099893 
v 2.61901e-17 0.21235 -0.169848 
v 0.120101 0.21235 -0.120101 
v 0.120101 0.21235 0.120101 
v -0.120101 0.21235 -0.120101 
v 0.11321 0.287452 -0.11321 
v 2.61901e-17 0.21235 0.169848 
v 0.11321 0.287452 0.11321 
v 0.160103 0.287452 3.53873e-17 
v 0.082647 0.338836 -0.082647 
v 0.11688 0.338836 4.16801e-17 
v 0.082647 0.338836 0.082647 
v 3.53873e-17 0.287452 -0.160103 
v 4.16801e-17 0.338836 -0.11688 
v -0.082647 0.338836 -0.082647 
v -0.11321 0.287452 -0.11321 
v 3.53873e-17 0.287452 0.160103 
v 4.16801e-17 0.338836 0.11688 
v -0.082647 0.338836 0.082647 
v -0.169848 0.21235 2.61901e-17 
v -0.160103 0.287452 3.53873e-17 
v -0.11688 0.338836 4.16801e-17 
v -0.11321 0.287452 0.11321 
v -0.120101 0.21235 0.120101 
v -0.099893 0.130924 0.099893 
v 0.11688 -0.338836 -4.13109e-17 
v 0.082647 -0.338836 0.082647 
v 0.082647 -0.338836 -0.082647 
v -3.5018e-17 -0.287452 -0.160103 
v -4.13109e-17 -0.338836 -0.11688 
v -0.082647 -0.338836 -0.082647 
v -0.11321 -0.287452 -0.11321 
v -0.160103 -0.287452 -3.5018e-17 
v -0.11688 -0.338836 -4.13109e-17 
v -0.082647 -0.338836 0.082647 
v -3.5018e-17 -0.287452 0.160103 
v -4.13109e-17 -0.338836 0.11688 
v 0.11321 -0.287452 0.11321 

vn 0 -0.645669 -0.76378 
vn 0.582677 -0.566929 -0.582677 
vn 0 -0.566929 -0.818898 
vn 0.708661 0 -0.708661 
vn 0 0 -1 
vn -0.708661 0 -0.708661 
vn 0 0.566929 -0.818898 
vn -0.582677 -0.566929 -0.582677 
vn 0.543307 -0.645669 -0.543307 
vn -0.543307 -0.645669 -0.543307 
vn 0 -0.472441 -0.88189 
vn -0.76378 -0.645669 0 
vn 0.622047 -0.472441 -0.622047 
vn -0.818898 -0.566929 0 
vn -1 0 0 
vn -0.88189 -0.472441 0 
vn -0.622047 -0.472441 -0.622047 
vn 0 -0.102362 -0.992126 
vn -0.992126 -0.102362 0 
vn -0.700787 -0.102362 -0.700787 
vn -0.543307 -0.645669 0.543307 
vn -0.582677 -0.566929 0.582677 
vn -0.708661 0 0.708661 
vn 0 -0.645669 0.76378 
vn -0.622047 -0.472441 0.622047 
vn 0 -0.472441 0.88189 
vn -0.700787 -0.102362 0.700787 
vn 0 -0.102362 0.992126 
vn 0 -0.566929 0.818898 
vn -0.653543 0.377953 0.653543 
vn -0.929134 0.377953 0 
vn 0.582677 -0.566929 0.582677 
vn 0.543307 -0.645669 0.543307 
vn 0.622047 -0.472441 0.622047 
vn 0.700787 -0.102362 0.700787 
vn 0.88189 -0.472441 0 
vn 0.992126 -0.102362 0 
vn 0.76378 -0.645669 0 
vn 0.818898 -0.566929 0 
vn 0.700787 -0.102362 -0.700787 
vn 1 0 0 
vn 0.708661 0 0.708661 
vn 0.653543 0.377953 -0.653543 
vn 0.818898 0.566929 0 
vn 0 0 1 
vn 0 0.566929 0.818898 
vn 0.582677 0.566929 0.582677 
vn -0.582677 0.566929 0.582677 
vn 0.582677 0.566929 -0.582677 
vn 0.76378 0.645669 0 
vn 0 0.645669 0.76378 
vn 0.543307 0.645669 0.543307 
vn 0.543307 0.645669 -0.543307 
vn 0 0.645669 -0.76378 
vn 0.88189 0.472441 0 
vn 0 0.472441 -0.88189 
vn -0.582677 0.566929 -0.582677 
vn -0.543307 0.645669 -0.543307 
vn -0.818898 0.566929 0 
vn -0.76378 0.645669 0 
vn -0.543307 0.645669 0.543307 
vn -0.88189 0.472441 0 
vn 0 0.472441 0.88189 
vn -0.622047 0.472441 0.622047 
vn -0.622047 0.472441 -0.622047 
vn -0.992126 0.102362 0 
vn 0.622047 0.472441 0.622047 
vn 0 0.102362 0.992126 
vn -0.700787 0.102362 0.700787 
vn -0.700787 0.102362 -0.700787 
vn 0.700787 0.102362 0.700787 
vn -0.653543 -0.377953 0.653543 
vn 0 0.102362 -0.992126 
vn -0.653543 -0.377953 -0.653543 
vn -0.929134 -0.377953 0 
vn -0.543307 -0.645669 0.543307 
vn -0.76378 -0.645669 0 
vn -0.543307 -0.645669 -0.543307 
vn 0 -0.377953 0.929134 
vn 0 -0.645669 0.76378 
vn 0.543307 -0.645669 0.543307 
vn 0.653543 -0.377953 0.653543 
vn 0 -0.377953 -0.929134 
vn 0 -0.645669 -0.76378 
vn 0.543307 -0.645669 -0.543307 
vn 0.992126 0.102362 0 
vn 0.929134 -0.377953 0 
vn 0.76378 -0.645669 0 
vn 0.653543 -0.377953 -0.653543 
vn 0.700787 0.102362 -0.700787 
vn 0.622047 0.472441 -0.622047 
vn -0.76378 0.645669 0 
vn -0.543307 0.645669 -0.543307 
vn -0.543307 0.645669 0.543307 
vn 0 0.377953 0.929134 
vn 0 0.645669 0.76378 
vn 0.543307 0.645669 0.543307 
vn 0.653543 0.377953 0.653543 
vn 0.929134 0.377953 0 
vn 0.76378 0.645669 0 
vn 0.543307 0.645669 -0.543307 
vn 0 0.377953 -0.929134 
vn 0 0.645669 -0.76378 
vn -0.653543 0.377953 -0.653543 

vt 0 0 
vt 0 0 
vt 0 0 
vt 0 0 
vt 0 0 
vt 0 0 
vt 0 0 
vt 0 0 
vt 0 0 
vt 0 0 
vt 0 0 
vt 0 0 
vt 0 0 
vt 0 0 
vt 0 0 
vt 0 0 
vt 0 0 
vt 0 0 
vt 0 0 
vt 0 0 
vt 0 0 
vt 0 0 
vt 0 0 
vt 0 0 
vt 0 0 
vt 0 0 
vt 0 0 
vt 0 0 
vt 0 0 
vt 0 0 
vt 0 0 
vt 0 0 
vt 0 0 
vt 0 0 
vt 0 0 
vt 0 0 
vt 0 0 
vt 0 0 
vt 0 0 
vt 0 0 
vt 0 0 
vt 0 0 
vt 0 0 
vt 0 0 
vt 0 0 
vt 0 0 
vt 0 0 
vt 0 0 
vt 0 0 
vt 0 0 
vt 0 0 
vt 0 0 
vt 0 0 
vt 0 0 
vt 0 0 
vt 0 0 
vt 0 0 
vt 0 0 
vt 0 0 
vt 0 0 
vt 0 0 
vt 0 0 
vt 0 0 
vt 0 0 
vt 0 0 
vt 0 0 
vt 0 0 
vt 0 0 
vt 0 0 
vt 0 0 
vt 0 0 
vt 0 0 
vt 0 0 
vt 0 0 
vt 0 0 
vt 0 0 
vt 0 0 
vt 0 0 
vt 0 0 
vt 0 0 
vt 0 0 
vt 0 0 
vt 0 0 
vt 0 0 
vt 0 0 
vt 0 0 
vt 0 0 
vt 0 0 
vt 0 0 
vt 0 0 
vt 0 0 
vt 0 0 
vt 0 0 
vt 0 0 
vt 0 0 
vt 0 0 
vt 0 0 
vt 0 0 
vt 0 0 
vt 0 0 
vt 0 0 
vt 0 0 
vt 0 0 
vt 0 0 

usemtl Part1Mtl

f 809/809/809 810/810/810 811/811/811 
f 811/811/811 810/810/810 812/812/812 
f 812/812/812 813/813/813 811/811/811 
f 814/814/814 811/811/811 813/813/813 
f 815/815/815 813/813/813 812/812/812 
f 815/815/815 814/814/814 813/813/813 
f 811/811/811 816/816/816 809/809/809 
f 811/811/811 814/814/814 816/816/816 
f 810/810/810 809/809/809 817/817/817 
f 816/816/816 818/818/818 809/809/809 
f 819/819/819 817/817/817 809/809/809 
f 809/809/809 818/818/818 819/819/819 
f 816/816/816 820/820/820 818/818/818 
f 817/817/817 819/819/819 821/821/821 
f 822/822/822 816/816/816 814/814/814 
f 820/820/820 816/816/816 822/822/822 
f 823/823/823 822/822/822 814/814/814 
f 824/824/824 818/818/818 820/820/820 
f 818/818/818 825/825/825 819/819/819 
f 818/818/818 824/824/824 825/825/825 
f 819/819/819 825/825/825 826/826/826 
f 826/826/826 821/821/821 819/819/819 
f 827/827/827 825/825/825 824/824/824 
f 825/825/825 828/828/828 826/826/826 
f 825/825/825 827/827/827 828/828/828 
f 829/829/829 824/824/824 820/820/820 
f 830/830/830 820/820/820 822/822/822 
f 829/829/829 820/820/820 830/830/830 
f 822/822/822 831/831/831 830/830/830 
f 831/831/831 822/822/822 823/823/823 
f 830/830/830 832/832/832 829/829/829 
f 833/833/833 824/824/824 829/829/829 
f 833/833/833 827/827/827 824/824/824 
f 829/829/829 834/834/834 833/833/833 
f 834/834/834 829/829/829 832/832/832 
f 835/835/835 827/827/827 833/833/833 
f 836/836/836 833/833/833 834/834/834 
f 833/833/833 836/836/836 835/835/835 
f 832/832/832 830/830/830 837/837/837 
f 830/830/830 831/831/831 837/837/837 
f 838/838/838 827/827/827 835/835/835 
f 836/836/836 838/838/838 835/835/835 
f 827/827/827 838/838/838 839/839/839 
f 840/840/840 832/832/832 837/837/837 
f 841/841/841 834/834/834 832/832/832 
f 841/841/841 832/832/832 840/840/840 
f 842/842/842 834/834/834 841/841/841 
f 842/842/842 836/836/836 834/834/834 
f 836/836/836 842/842/842 843/843/843 
f 841/841/841 844/844/844 842/842/842 
f 842/842/842 845/845/845 843/843/843 
f 845/845/845 842/842/842 844/844/844 
f 844/844/844 841/841/841 846/846/846 
f 840/840/840 846/846/846 841/841/841 
f 844/844/844 846/846/846 817/817/817 
f 844/844/844 817/817/817 821/821/821 
f 845/845/845 844/844/844 821/821/821 
f 846/846/846 810/810/810 817/817/817 
f 846/846/846 847/847/847 810/810/810 
f 846/846/846 840/840/840 847/847/847 
f 847/847/847 812/812/812 810/810/810 
f 845/845/845 821/821/821 848/848/848 
f 821/821/821 826/826/826 848/848/848 
f 812/812/812 847/847/847 849/849/849 
f 850/850/850 847/847/847 840/840/840 
f 847/847/847 850/850/850 849/849/849 
f 837/837/837 850/850/850 840/840/840 
f 848/848/848 826/826/826 851/851/851 
f 851/851/851 845/845/845 848/848/848 
f 852/852/852 812/812/812 849/849/849 
f 850/850/850 852/852/852 849/849/849 
f 850/850/850 837/837/837 853/853/853 
f 837/837/837 831/831/831 853/853/853 
f 854/854/854 850/850/850 853/853/853 
f 831/831/831 854/854/854 853/853/853 
f 850/850/850 854/854/854 855/855/855 
f 850/850/850 855/855/855 852/852/852 
f 854/854/854 831/831/831 856/856/856 
f 812/812/812 852/852/852 857/857/857 
f 857/857/857 815/815/815 812/812/812 
f 855/855/855 858/858/858 852/852/852 
f 858/858/858 857/857/857 852/852/852 
f 854/854/854 859/859/859 855/855/855 
f 856/856/856 859/859/859 854/854/854 
f 858/858/858 855/855/855 860/860/860 
f 855/855/855 859/859/859 860/860/860 
f 858/858/858 861/861/861 857/857/857 
f 857/857/857 862/862/862 815/815/815 
f 862/862/862 857/857/857 861/861/861 
f 863/863/863 861/861/861 858/858/858 
f 860/860/860 863/863/863 858/858/858 
f 861/861/861 864/864/864 862/862/862 
f 862/862/862 865/865/865 815/815/815 
f 814/814/814 815/815/815 865/865/865 
f 862/862/862 866/866/866 865/865/865 
f 864/864/864 866/866/866 862/862/862 
f 867/867/867 814/814/814 865/865/865 
f 823/823/823 814/814/814 867/867/867 
f 867/867/867 831/831/831 823/823/823 
f 831/831/831 867/867/867 856/856/856 
f 865/865/865 868/868/868 867/867/867 
f 856/856/856 867/867/867 868/868/868 
f 868/868/868 865/865/865 866/866/866 
f 869/869/869 856/856/856 868/868/868 
f 859/859/859 856/856/856 869/869/869 
f 866/866/866 870/870/870 868/868/868 
f 869/869/869 868/868/868 870/870/870 
f 869/869/869 871/871/871 859/859/859 
f 859/859/859 871/871/871 860/860/860 
f 872/872/872 869/869/869 870/870/870 
f 871/871/871 869/869/869 872/872/872 
f 870/870/870 866/866/866 873/873/873 
f 864/864/864 873/873/873 866/866/866 
f 872/872/872 870/870/870 874/874/874 
f 873/873/873 874/874/874 870/870/870 
f 860/860/860 871/871/871 875/875/875 
f 863/863/863 860/860/860 875/875/875 
f 872/872/872 876/876/876 871/871/871 
f 871/871/871 876/876/876 875/875/875 
f 877/877/877 872/872/872 874/874/874 
f 876/876/876 872/872/872 877/877/877 
f 874/874/874 873/873/873 878/878/878 
f 875/875/875 876/876/876 879/879/879 
f 874/874/874 880/880/880 877/877/877 
f 877/877/877 880/880/880 876/876/876 
f 881/881/881 878/878/878 873/873/873 
f 881/881/881 873/873/873 864/864/864 
f 874/874/874 878/878/878 882/882/882 
f 881/881/881 882/882/882 878/878/878 
f 880/880/880 874/874/874 883/883/883 
f 883/883/883 874/874/874 882/882/882 
f 883/883/883 884/884/884 880/880/880 
f 884/884/884 883/883/883 885/885/885 
f 885/885/885 883/883/883 886/886/886 
f 883/883/883 882/882/882 886/886/886 
f 884/884/884 887/887/887 880/880/880 
f 876/876/876 880/880/880 887/887/887 
f 887/887/887 884/884/884 888/888/888 
f 889/889/889 887/887/887 888/888/888 
f 890/890/890 876/876/876 887/887/887 
f 887/887/887 889/889/889 890/890/890 
f 876/876/876 890/890/890 879/879/879 
f 891/891/891 886/886/886 882/882/882 
f 886/886/886 891/891/891 892/892/892 
f 882/882/882 881/881/881 891/891/891 
f 893/893/893 892/892/892 891/891/891 
f 890/890/890 894/894/894 879/879/879 
f 894/894/894 875/875/875 879/879/879 
f 889/889/889 895/895/895 890/890/890 
f 894/894/894 890/890/890 895/895/895 
f 895/895/895 889/889/889 896/896/896 
f 893/893/893 895/895/895 896/896/896 
f 875/875/875 894/894/894 863/863/863 
f 895/895/895 893/893/893 897/897/897 
f 891/891/891 897/897/897 893/893/893 
f 897/897/897 894/894/894 895/895/895 
f 897/897/897 891/891/891 881/881/881 
f 894/894/894 897/897/897 898/898/898 
f 897/897/897 881/881/881 898/898/898 
f 894/894/894 899/899/899 863/863/863 
f 899/899/899 894/894/894 898/898/898 
f 881/881/881 899/899/899 898/898/898 
f 863/863/863 899/899/899 861/861/861 
f 899/899/899 881/881/881 864/864/864 
f 864/864/864 861/861/861 899/899/899 
f 900/900/900 901/901/901 839/839/839 
f 839/839/839 902/902/902 900/900/900 
f 902/902/902 839/839/839 838/838/838 
f 903/903/903 902/902/902 838/838/838 
f 902/902/902 903/903/903 904/904/904 
f 838/838/838 836/836/836 903/903/903 
f 903/903/903 905/905/905 904/904/904 
f 836/836/836 906/906/906 903/903/903 
f 905/905/905 903/903/903 906/906/906 
f 906/906/906 836/836/836 843/843/843 
f 906/906/906 843/843/843 845/845/845 
f 906/906/906 907/907/907 905/905/905 
f 906/906/906 845/845/845 907/907/907 
f 905/905/905 907/907/907 908/908/908 
f 845/845/845 851/851/851 907/907/907 
f 907/907/907 909/909/909 908/908/908 
f 909/909/909 907/907/907 851/851/851 
f 851/851/851 910/910/910 909/909/909 
f 910/910/910 911/911/911 909/909/909 
f 826/826/826 910/910/910 851/851/851 
f 910/910/910 901/901/901 911/911/911 
f 826/826/826 912/912/912 910/910/910 
f 901/901/901 910/910/910 912/912/912 
f 912/912/912 826/826/826 828/828/828 
f 912/912/912 839/839/839 901/901/901 
f 827/827/827 912/912/912 828/828/828 
f 839/839/839 912/912/912 827/827/827 

