# This file is brought to you by Roblox Corporation
# Generated by Roblox Studio

mtllib Karambit7.mtl

g Part1

v -13.9196 29.1253 209.81 
v -13.9196 20.9972 208.956 
v -8.11993 32.9528 210.027 
v -8.03019 15.2241 208.629 
v -1.99934e-15 34.0093 210.086 
v 6.12133e-16 12.685 208.485 
v 8.03019 15.2241 208.629 
v 8.11993 32.9528 210.027 
v 13.9196 20.9972 208.956 
v 13.9196 29.1253 209.81 
v -7.55278 60.9267 190.507 
v -4.74933e-15 56.4647 192.799 
v -5.39469e-15 61.7344 189.694 
v -13.9196 56.4647 192.799 
v 7.55278 60.9267 190.507 
v 13.9196 56.4647 192.799 
v -13.9196 33.8062 199.819 
v -13.9196 29.1253 209.81 
v -8.11993 32.9528 210.027 
v -2.03497e-15 34.3002 200.038 
v -1.99934e-15 34.0093 210.086 
v -13.9196 41.7461 194.158 
v 8.11993 32.9528 210.027 
v 13.9196 33.8062 199.819 
v 13.9196 29.1253 209.81 
v 13.9196 41.7461 194.158 
v -2.94611e-15 41.7403 194.171 
v -3.75717e-15 48.3631 192.002 
v -13.9196 48.4261 192.007 
v 13.9196 48.4261 192.007 
v -4.74933e-15 56.4647 192.799 
v -13.9196 56.4647 192.799 
v 13.9196 56.4647 192.799 
v 1.01737e-15 9.37597 -84.4689 
v -13.9196 9.7923 -84.5688 
v -7.55278 13.509 -88.838 
v -13.9196 11.7757 -86.5448 
v 4.00465e-16 14.4134 -90.091 
v 7.55278 13.509 -88.838 
v 13.9196 9.7923 -84.5688 
v 13.9196 11.7757 -86.5448 
v -9.86184 -30.9378 -99.7624 
v -9.86184 -43.8356 -97.1969 
v 9.86184 -30.9378 -99.7624 
v 9.86184 -43.8356 -97.1969 
v 9.86184 -18.0399 -97.1969 
v -9.86184 -54.7698 -89.8909 
v -9.86184 -18.0399 -97.1969 
v 9.86184 -54.7698 -89.8909 
v 9.86184 -7.10566 -89.8909 
v -9.86184 -62.0759 -78.9566 
v -9.86184 -7.10566 -89.8909 
v 9.86184 -62.0759 -78.9566 
v 9.86184 0.200375 -78.9566 
v -9.86184 -64.6414 -66.0588 
v -9.86184 0.200375 -78.9566 
v 9.86184 -64.6414 -66.0588 
v 9.86184 2.76591 -66.0588 
v -9.86184 -62.0759 -53.1609 
v -9.86184 2.76591 -66.0588 
v 9.86184 -62.0759 -53.1609 
v 9.86184 0.200375 -53.1609 
v -9.86184 -54.7698 -42.2267 
v -9.86184 0.200375 -53.1609 
v 9.86184 -54.7698 -42.2267 
v 9.86184 -7.10566 -42.2267 
v -9.86184 -43.8356 -34.9206 
v -9.86184 -7.10566 -42.2267 
v 9.86184 -43.8356 -34.9206 
v 9.86184 -18.0399 -34.9206 
v -9.86184 -30.9377 -32.3551 
v -9.86184 -18.0399 -34.9206 
v 9.86184 -30.9377 -32.3551 
v 9.0465 49.4278 210.573 
v 4.2272 48.5871 213.408 
v 8.80914 41.9972 214.101 
v -3.59755e-15 47.0597 219.983 
v 8.52522 35.1958 221.139 
v -2.276e-15 36.2684 246.961 
v 7.95133 25.8402 241.294 
v 7.03486 9.99757 272.264 
v -9.78949e-17 18.4828 278.936 
v 2.8144e-15 -5.29791 308.512 
v 5.94327 -12.2082 304.646 
v 6.41195e-15 -34.6741 332.492 
v 4.93733 -37.8936 327.437 
v 3.75277 -72.251 348.724 
v 1.10374e-14 -72.4435 351.876 
v 1.49041e-14 -104.018 360.27 
v 1.59235 -104.273 359.817 
v 1.85751e-14 -133.994 364.067 
v -9.0465 49.4278 210.573 
v -8.80914 41.9972 214.101 
v -4.2272 48.5871 213.408 
v -3.59755e-15 47.0597 219.983 
v -8.52522 35.1958 221.139 
v -2.276e-15 36.2684 246.961 
v -7.95133 25.8402 241.294 
v -7.03486 9.99757 272.264 
v -9.78949e-17 18.4828 278.936 
v 2.8144e-15 -5.29791 308.512 
v -5.94327 -12.2082 304.646 
v 6.41195e-15 -34.6741 332.492 
v -4.93733 -37.8936 327.437 
v -3.75277 -72.251 348.724 
v 1.10374e-14 -72.4435 351.876 
v 1.49041e-14 -104.018 360.27 
v -1.59235 -104.273 359.817 
v 1.85751e-14 -133.994 364.067 
v -8.03019 15.2241 208.629 
v 9.08915e-16 10.2616 200.04 
v 6.12133e-16 12.685 208.485 
v 8.03019 15.2241 208.629 
v -13.9196 20.9972 208.956 
v -13.9196 18.9818 197.887 
v -8.03019 12.7585 199.557 
v -8.03019 9.08323 189.186 
v -13.9196 14.0003 186.237 
v -13.9196 7.64425 177.302 
v 1.3558e-15 6.6125 189.788 
v -8.03019 3.20451 179.163 
v -13.9196 -2.89061 169.832 
v 2.07573e-15 0.733784 179.766 
v 8.03019 12.7585 199.557 
v 13.9196 18.9818 197.887 
v 13.9196 20.9972 208.956 
v 8.03019 9.08323 189.186 
v 13.9196 14.0003 186.237 
v 13.9196 7.64425 177.302 
v 8.03019 3.20451 179.163 
v 13.9196 -2.89061 169.832 
v 8.03019 -4.60665 173.29 
v 8.03019 -16.5054 167.968 
v 13.9196 -24.892 164.034 
v 8.03019 -30.1053 165.263 
v 2.86941e-15 -5.74709 173.842 
v 4.18693e-15 -16.5054 167.968 
v 6.11209e-15 -32.2255 165.263 
v -8.03019 -30.1053 165.263 
v -8.03019 -16.5054 167.968 
v -13.9196 -24.892 164.034 
v -8.03019 -4.60665 173.29 
v 9.62417 54.8488 184.888 
v 4.2272 48.5871 213.408 
v 9.0465 49.4278 210.573 
v -4.55392e-15 54.869 184.873 
v -3.59755e-15 47.0597 219.983 
v -9.62417 54.8488 184.888 
v -9.0465 49.4278 210.573 
v -4.2272 48.5871 213.408 
v -4.55392e-15 54.869 184.873 
v -3.59755e-15 47.0597 219.983 
v 5.32055e-15 -25.7622 -25.5167 
v -7.97476 -33.1881 -23.7107 
v -13.9196 -25.6766 -24.901 
v 6.62204e-15 -36.3896 -22.5204 
v 7.97476 -33.1881 -23.7107 
v 13.9196 -25.6766 -24.901 
v 3.81138e-15 -13.4388 -31.5119 
v -13.9196 -12.7011 -31.1936 
v 13.9196 -12.7011 -31.1936 
v 2.36339e-15 -1.6151 -41.6703 
v -13.9196 -1.10801 -41.6545 
v 13.9196 -1.10801 -41.6545 
v -13.9196 7.91378 -57.8151 
v 13.9196 7.91378 -57.8151 
v 1.2621e-15 7.37759 -58.1569 
v -13.9196 10.9896 -73.9697 
v 13.9196 10.9896 -73.9697 
v 9.15401e-16 10.2086 -73.9774 
v 1.01737e-15 9.37597 -84.4689 
v -13.9196 9.7923 -84.5688 
v 13.9196 9.7923 -84.5688 
v 2.39681 -15.3845 181.459 
v 7.91296 -26.8946 172.281 
v 8.20327 -11.8642 177.864 
v 5.34977e-15 -26.0008 177.988 
v 6.01055 -0.0663719 188.823 
v 8.39595 2.35772 186.321 
v 7.64463 9.05468 198.121 
v 8.37647 11.0731 197.076 
v 8.12601 12.1952 212.89 
v -7.91296 -26.8946 172.281 
v -2.39681 -15.3845 181.459 
v -8.20327 -11.8642 177.864 
v 5.34977e-15 -26.0008 177.988 
v -6.01055 -0.0663719 188.823 
v -8.39595 2.35772 186.321 
v -7.64463 9.05468 198.121 
v -8.37647 11.0731 197.076 
v -8.12601 12.1952 212.89 
v -7.55278 62.2651 176.48 
v -5.39469e-15 61.7344 189.694 
v -5.60615e-15 63.4611 176.168 
v 7.55278 62.2651 176.48 
v -7.55278 60.9267 190.507 
v -13.9196 57.9911 179.114 
v -13.9196 56.4647 192.799 
v 7.55278 60.9267 190.507 
v 13.9196 57.9911 179.114 
v 13.9196 56.4647 192.799 
v -13.9196 57.566 49.8646 
v -7.55278 65.5166 93.8003 
v -7.55278 61.7836 49.2462 
v -13.9196 61.4895 95.535 
v -13.9196 48.2469 2.40894 
v -6.00201e-15 66.6936 92.7595 
v -7.55278 52.1946 1.20459 
v -13.9196 34.1467 -41.4924 
v -5.55554e-15 63.0479 48.7199 
v 7.55278 61.7836 49.2462 
v 7.55278 65.5166 93.8003 
v 13.9196 57.566 49.8646 
v 13.9196 61.4895 95.535 
v 13.9196 48.2469 2.40894 
v 7.55278 52.1946 1.20459 
v 13.9196 34.1467 -41.4924 
v -4.38122e-15 53.4588 0.678291 
v 7.55278 38.2206 -43.3194 
v 13.9196 20.7988 -76.9971 
v -7.55278 38.2206 -43.3194 
v -13.9196 20.7988 -76.9971 
v -2.6699e-15 39.4848 -43.8457 
v -7.55278 24.4875 -80.7215 
v -7.55278 13.509 -88.838 
v -13.9196 11.7757 -86.5448 
v 4.00465e-16 14.4134 -90.091 
v -9.88085e-16 25.7518 -81.2478 
v 7.55278 24.4875 -80.7215 
v 7.55278 13.509 -88.838 
v 13.9196 11.7757 -86.5448 
v -7.55278 57.7025 169.734 
v -5.60615e-15 63.4611 176.168 
v -5.03243e-15 58.7763 169.141 
v -7.55278 62.2651 176.48 
v -13.9196 53.1422 172.44 
v -13.9196 57.9911 179.114 
v -13.9196 48.052 161.544 
v -7.55278 52.3699 158.844 
v -13.9196 45.2094 147.459 
v 7.55278 57.7025 169.734 
v 7.55278 62.2651 176.48 
v 13.9196 53.1422 172.44 
v 13.9196 57.9911 179.114 
v 13.9196 48.052 161.544 
v 7.55278 52.3699 158.844 
v 13.9196 45.2094 147.459 
v -4.42593e-15 53.8239 158.366 
v 7.55278 49.4787 146.853 
v 13.9196 45.2815 132.242 
v -7.55278 49.4787 146.853 
v -13.9196 45.2815 132.242 
v -4.05711e-15 50.8122 146.454 
v -7.55278 49.037 132.462 
v 7.55278 49.037 132.462 
v -3.96695e-15 50.0761 132.667 
v -7.55278 51.4222 118.672 
v -4.25627e-15 52.4385 119.262 
v -13.9196 48.3478 117.719 
v 7.55278 51.4222 118.672 
v 13.9196 48.3478 117.719 
v -4.91195e-15 57.7925 105.743 
v -7.55278 56.7548 105.325 
v -13.9196 54.2399 105.421 
v -13.9196 61.4895 95.535 
v -7.55278 65.5166 93.8003 
v -6.00201e-15 66.6936 92.7595 
v 7.55278 65.5166 93.8003 
v 7.55278 56.7548 105.325 
v 13.9196 61.4895 95.535 
v 13.9196 54.2399 105.421 
v 7.91296 -26.8946 172.281 
v 5.62881e-15 -28.2793 159.632 
v 8.09989 -28.218 159.815 
v 5.34977e-15 -26.0008 177.988 
v -7.91296 -26.8946 172.281 
v 5.62881e-15 -28.2793 159.632 
v 5.34977e-15 -26.0008 177.988 
v -8.09989 -28.218 159.815 
v 6.54877e-15 -35.7913 149.362 
v -8.03019 -31.2232 145.073 
v 6.31272e-15 -33.8639 144.929 
v 8.03019 -31.2232 145.073 
v -8.03019 -33.3145 149.641 
v -13.9196 -26.2064 145.566 
v -13.9196 -27.7642 150.285 
v -13.9196 -27.3133 157.726 
v 8.03019 -33.3145 149.641 
v 13.9196 -26.2064 145.566 
v 13.9196 -27.7642 150.285 
v 13.9196 -27.3133 157.726 
v -8.03019 -32.1581 158.604 
v -13.9196 -24.892 164.034 
v -8.03019 -30.1053 165.263 
v 6.38354e-15 -34.4421 158.614 
v 6.11209e-15 -32.2255 165.263 
v 8.03019 -30.1053 165.263 
v 8.03019 -32.1581 158.604 
v 13.9196 -24.892 164.034 
v -13.9196 -15.3374 145.726 
v -13.9196 -27.3133 157.726 
v -13.9196 -2.89061 169.832 
v -13.9196 -24.892 164.034 
v -13.9196 -27.7642 150.285 
v -13.9196 -26.2064 145.566 
v -13.9196 -5.70014 142.996 
v -13.9196 2.65215 138.498 
v -13.9196 7.64425 177.302 
v -13.9196 13.9438 131.62 
v -13.9196 48.052 161.544 
v -13.9196 45.2094 147.459 
v -13.9196 25.6691 121.206 
v -13.9196 45.2815 132.242 
v -13.9196 34.4534 106.592 
v -13.9196 48.3478 117.719 
v -13.9196 54.2399 105.421 
v -13.9196 36.5527 93.232 
v -13.9196 61.4895 95.535 
v -13.9196 34.1049 81.2689 
v -13.9196 57.566 49.8646 
v -13.9196 26.8542 52.0388 
v -13.9196 25.3963 76.1632 
v -13.9196 29.4758 37.9494 
v -13.9196 16.7466 67.2627 
v -13.9196 48.2469 2.40894 
v -13.9196 12.7552 77.7032 
v -13.1176 4.93671 76.8166 
v -13.1331 5.74055 82.5051 
v -13.9196 25.8217 28.1114 
v -13.9196 16.4803 -14.0859 
v -13.9196 34.1467 -41.4924 
v -13.9196 14.9656 -1.13203 
v -13.9196 16.7867 21.4055 
v -13.9196 12.1002 -24.0437 
v -13.9196 7.82345 11.1399 
v -13.9196 7.71168 21.0843 
v -13.0506 -0.617195 20.6251 
v -13.9196 -0.0784302 23.7345 
v -12.7394 -5.29286 24.0024 
v -13.0311 -3.36281 27.7305 
v -11.1852 -9.27131 25.0812 
v -10.7033 -5.13363 31.7535 
v -13.9196 7.91378 -57.8151 
v -13.9196 20.7988 -76.9971 
v -13.9196 -1.10801 -41.6545 
v -13.9196 10.9896 -73.9697 
v -13.9196 9.7923 -84.5688 
v -13.9196 11.7757 -86.5448 
v -13.9196 2.86733 -28.5123 
v -13.9196 -8.91259 -27.5036 
v -13.9196 -12.7011 -31.1936 
v -13.9196 -17.8479 -23.0232 
v -13.9196 -25.6766 -24.901 
v -13.7242 -23.1656 -22.2695 
v -13.7566 -19.7662 -20.8272 
v -13.9196 29.1253 209.81 
v -13.9196 18.9818 197.887 
v -13.9196 20.9972 208.956 
v -13.9196 33.8062 199.819 
v -13.9196 14.0003 186.237 
v -13.9196 41.7461 194.158 
v -13.9196 53.1422 172.44 
v -13.9196 48.4261 192.007 
v -13.9196 57.9911 179.114 
v -13.9196 56.4647 192.799 
v 13.9196 -15.3374 145.726 
v 13.9196 -27.3133 157.726 
v 13.9196 -27.7642 150.285 
v 13.9196 -26.2064 145.566 
v 13.9196 -2.89061 169.832 
v 13.9196 -24.892 164.034 
v 13.9196 -5.70014 142.996 
v 13.9196 2.65215 138.498 
v 13.9196 7.64425 177.302 
v 13.9196 12.2091 132.314 
v 13.9196 48.052 161.544 
v 13.9196 45.2094 147.459 
v 13.9196 21.0432 124.444 
v 13.9196 14.0003 186.237 
v 13.9196 45.2815 132.242 
v 13.9196 32.4874 107.98 
v 13.9196 48.3478 117.719 
v 13.9196 54.2399 105.421 
v 13.9196 36.784 91.0347 
v 13.9196 61.4895 95.535 
v 13.9196 53.1422 172.44 
v 13.9196 57.566 49.8646 
v 13.9196 33.411 80.1125 
v 13.9196 26.8542 52.0388 
v 13.9196 23.7336 75.085 
v 13.9196 29.4758 37.9494 
v 13.9196 16.7466 67.2627 
v 13.9196 48.2469 2.40894 
v 13.9196 12.7552 77.7032 
v 13.1176 4.93671 76.8166 
v 13.1331 5.74055 82.5051 
v 13.9196 25.8217 28.1114 
v 13.9196 16.4803 -14.0859 
v 13.9196 34.1467 -41.4924 
v 13.9196 14.8824 -3.08045 
v 13.9196 16.7867 21.4055 
v 13.9196 12.1002 -24.0437 
v 13.9196 7.82345 11.1399 
v 13.9196 7.71168 21.0843 
v 13.0506 -0.617195 20.6251 
v 13.9196 -0.0784302 23.7345 
v 12.7394 -5.29286 24.0024 
v 13.0311 -3.36281 27.7305 
v 13.9196 7.91378 -57.8151 
v 13.9196 20.7988 -76.9971 
v 13.9196 -1.10801 -41.6545 
v 13.9196 10.9896 -73.9697 
v 13.9196 9.7923 -84.5688 
v 13.9196 11.7757 -86.5448 
v 13.9196 2.86733 -28.5123 
v 13.9196 -8.91259 -27.5036 
v 13.9196 -12.7011 -31.1936 
v 13.9196 -17.8479 -23.0232 
v 13.9196 -25.6766 -24.901 
v 13.7242 -23.1656 -22.2695 
v 13.7566 -19.7662 -20.8272 
v 13.9196 29.1253 209.81 
v 13.9196 18.9818 197.887 
v 13.9196 33.8062 199.819 
v 13.9196 20.9972 208.956 
v 13.9196 41.7461 194.158 
v 13.9196 48.4261 192.007 
v 13.9196 57.9911 179.114 
v 13.9196 56.4647 192.799 
v 3.75277 -72.251 348.724 
v 4.91862 -39.7712 325.971 
v 4.93733 -37.8936 327.437 
v 5.91669 -17.2788 299.318 
v 5.94327 -12.2082 304.646 
v 7.03486 9.99757 272.264 
v 6.8914 0.0382957 267.013 
v 7.95133 25.8402 241.294 
v 7.65095 9.36181 236.206 
v 8.52522 35.1958 221.139 
v 8.12601 12.1952 212.89 
v 8.80914 41.9972 214.101 
v 8.37647 11.0731 197.076 
v 9.62417 54.8488 184.888 
v 9.0465 49.4278 210.573 
v 8.39595 2.35772 186.321 
v 8.20327 -11.8642 177.864 
v 8.09989 -28.218 159.815 
v 7.91296 -26.8946 172.281 
v -3.75277 -72.251 348.724 
v -4.93733 -37.8936 327.437 
v -4.91862 -39.7712 325.971 
v -5.91669 -17.2788 299.318 
v -5.94327 -12.2082 304.646 
v -7.03486 9.99757 272.264 
v -6.8914 0.0382957 267.013 
v -7.95133 25.8402 241.294 
v -7.65095 9.36181 236.206 
v -8.52522 35.1958 221.139 
v -8.12601 12.1952 212.89 
v -8.80914 41.9972 214.101 
v -8.37647 11.0731 197.076 
v -9.62417 54.8488 184.888 
v -9.0465 49.4278 210.573 
v -8.39595 2.35772 186.321 
v -8.20327 -11.8642 177.864 
v -8.09989 -28.218 159.815 
v -7.91296 -26.8946 172.281 
v -9.86184 -61.2952 -96.4162 
v -9.86184 -43.8356 -97.1969 
v -9.86184 -47.8667 -109.053 
v -9.86184 -54.7698 -89.8909 
v -9.86184 -70.6017 -82.4881 
v -9.86184 -30.9378 -99.7624 
v -9.86184 -62.0759 -78.9566 
v -9.86184 -73.8697 -66.0588 
v -9.86184 -64.6414 -66.0588 
v -9.86184 -62.0759 -53.1609 
v -9.86184 -70.6017 -49.6294 
v -9.86184 -54.7698 -42.2267 
v -9.86184 -61.2952 -35.7013 
v -9.86184 -47.703 -26.4554 
v -9.86184 -43.8356 -34.9206 
v -9.86184 -31.7098 -23.8667 
v -9.86184 -30.9377 -32.3551 
v -9.86184 -14.7092 -26.3948 
v -9.86184 -18.0399 -34.9206 
v -9.86184 -1.71798 -36.9059 
v -9.86184 -7.10566 -42.2267 
v -9.86184 0.200375 -53.1609 
v -9.86184 7.52158 -49.8971 
v -9.86184 2.76591 -66.0588 
v -9.86184 12.1482 -66.0588 
v -9.86184 0.200375 -78.9566 
v -9.86184 12.4071 -83.8936 
v -9.86184 8.5885 -93.3377 
v -9.86184 -7.10566 -89.8909 
v -9.86184 0.624397 -97.4201 
v -9.86184 -14.495 -105.81 
v -9.86184 -18.0399 -97.1969 
v -9.86184 -28.6248 -116.99 
v -9.86184 -42.5377 -124.374 
v -9.86184 -38.0537 -125.11 
v -9.86184 -40.5969 -125.847 
v 9.86184 -61.2952 -96.4162 
v 9.86184 -47.8667 -109.053 
v 9.86184 -43.8356 -97.1969 
v 9.86184 -54.7698 -89.8909 
v 9.86184 -70.6017 -82.4881 
v 9.86184 -30.9378 -99.7624 
v 9.86184 -62.0759 -78.9566 
v 9.86184 -73.8697 -66.0588 
v 9.86184 -64.6414 -66.0588 
v 9.86184 -62.0759 -53.1609 
v 9.86184 -70.6017 -49.6294 
v 9.86184 -54.7698 -42.2267 
v 9.86184 -61.2952 -35.7013 
v 9.86184 -47.703 -26.4554 
v 9.86184 -43.8356 -34.9206 
v 9.86184 -31.7098 -23.8667 
v 9.86184 -30.9377 -32.3551 
v 9.86184 -14.7092 -26.3948 
v 9.86184 -18.0399 -34.9206 
v 9.86184 -1.71798 -36.9059 
v 9.86184 -7.10566 -42.2267 
v 9.86184 0.200375 -53.1609 
v 9.86184 7.52158 -49.8971 
v 9.86184 2.76591 -66.0588 
v 9.86184 12.1482 -66.0588 
v 9.86184 0.200375 -78.9566 
v 9.86184 12.4071 -83.8936 
v 9.86184 8.5885 -93.3377 
v 9.86184 -7.10566 -89.8909 
v 9.86184 0.624397 -97.4201 
v 9.86184 -14.495 -105.81 
v 9.86184 -18.0399 -97.1969 
v 9.86184 -28.6248 -116.99 
v 9.86184 -42.5377 -124.374 
v 9.86184 -38.0537 -125.11 
v 9.86184 -40.5969 -125.847 
v -8.89107 11.3521 37.0357 
v -8.89107 15.5229 24.9624 
v -8.89107 3.97829 26.3009 
v -10.7033 -5.13363 31.7535 
v -13.0311 -3.36281 27.7305 
v -8.89107 -5.35778 33.7965 
v -13.9196 -0.0784302 23.7345 
v -8.89107 -2.01152 40.8906 
v -13.9196 7.71168 21.0843 
v -13.9196 16.7867 21.4055 
v -13.9196 25.8217 28.1114 
v -8.89107 2.20477 52.2679 
v -8.89107 23.8886 35.3358 
v -13.9196 29.4758 37.9494 
v -13.9196 26.8542 52.0388 
v -8.89107 14.4467 54.5086 
v -8.89107 3.07481 64.9168 
v -8.89107 20.4958 56.4348 
v -13.9196 16.7466 67.2627 
v -8.89107 2.004 73.8178 
v -13.1176 4.93671 76.8166 
v -11.1993 2.2358 76.6878 
v 8.89107 15.5229 24.9624 
v 8.89107 11.3521 37.0357 
v 8.89107 3.97829 26.3009 
v 13.0311 -3.36281 27.7305 
v 10.7033 -5.13363 31.7535 
v 13.9196 -0.0784302 23.7345 
v 8.89107 -5.35778 33.7965 
v 13.9196 7.71168 21.0843 
v 8.89107 -2.01152 40.8906 
v 13.9196 16.7867 21.4055 
v 8.89107 2.20477 52.2679 
v 13.9196 25.8217 28.1114 
v 8.89107 23.8886 35.3358 
v 13.9196 29.4758 37.9494 
v 13.9196 26.8542 52.0388 
v 8.89107 14.4467 54.5086 
v 8.89107 3.07481 64.9168 
v 8.89107 20.4958 56.4348 
v 13.9196 16.7466 67.2627 
v 8.89107 2.004 73.8178 
v 13.1176 4.93671 76.8166 
v 11.1993 2.2358 76.6878 
v -13.9196 -17.8479 -23.0232 
v -10.1846 -7.95918 -23.2907 
v -13.9196 -8.91259 -27.5036 
v -10.1846 -16.7907 -19.337 
v -13.7566 -19.7662 -20.8272 
v -10.1846 -21.0394 -15.9388 
v -5.63916 -15.6586 -11.2005 
v -10.1846 1.64514 -24.6158 
v -13.9196 2.86733 -28.5123 
v -13.9196 12.1002 -24.0437 
v -5.63916 -2.74474 -12.9352 
v -4.22655 -10.5188 0.765747 
v -10.1846 9.86423 -17.2079 
v -13.9196 16.4803 -14.0859 
v -13.9196 14.9656 -1.13203 
v -5.63916 1.82011 -1.27093 
v -5.63916 -10.9203 13.4548 
v -10.1846 8.48806 0.877892 
v -13.9196 7.82345 11.1399 
v -10.1846 -4.20983 18.1051 
v -8.89107 -12.6794 24.6652 
v -13.0506 -0.617195 20.6251 
v -11.1852 -9.27131 25.0812 
v -12.7394 -5.29286 24.0024 
v 10.1846 -7.95918 -23.2907 
v 13.9196 -17.8479 -23.0232 
v 13.9196 -8.91259 -27.5036 
v 10.1846 -16.7907 -19.337 
v 13.7566 -19.7662 -20.8272 
v 10.1846 -21.0394 -15.9388 
v 5.63916 -15.6586 -11.2005 
v 10.1846 1.64514 -24.6158 
v 13.9196 2.86733 -28.5123 
v 13.9196 12.1002 -24.0437 
v 5.63916 -2.74474 -12.9352 
v 4.22655 -10.5188 0.765747 
v 10.1846 9.86423 -17.2079 
v 13.9196 16.4803 -14.0859 
v 13.9196 14.8824 -3.08045 
v 5.63916 1.82011 -1.27093 
v 5.63916 -10.9203 13.4548 
v 10.1846 8.48806 0.877892 
v 13.9196 7.82345 11.1399 
v 10.1846 -4.20983 18.1051 
v 8.89107 -12.6794 24.6652 
v 13.0506 -0.617195 20.6251 
v 11.1852 -9.27131 25.0812 
v 12.7394 -5.29286 24.0024 
v -13.9196 2.65215 138.498 
v -9.59863 2.39515 135.318 
v -13.9196 -5.70014 142.996 
v -7.80632 11.3578 127.988 
v -6.60296 9.54277 125.6 
v -13.9196 13.9438 131.62 
v -4.75384 13.3977 113.265 
v -13.9196 25.6691 121.206 
v -7.80632 23.8728 113.097 
v -3.98355 10.892 101.314 
v -13.9196 34.4534 106.592 
v -7.80632 30.8163 87.8664 
v -13.9196 36.5527 93.232 
v -13.9196 34.1049 81.2689 
v -3.98355 18.4412 93.3637 
v -7.80632 23.3489 80.1756 
v -13.9196 25.3963 76.1632 
v -13.9196 12.7552 77.7032 
v -7.80632 13.3655 81.7428 
v -7.80632 6.73993 86.4275 
v -7.80632 4.5314 89.1715 
v -13.1331 5.74055 82.5051 
v -10.8826 3.70784 86.1714 
v 13.9196 2.65215 138.498 
v 13.9196 -5.70014 142.996 
v 9.59863 2.39515 135.318 
v 7.80632 11.3578 127.988 
v 13.9196 12.2091 132.314 
v 6.60296 9.54277 125.6 
v 13.9196 21.0432 124.444 
v 4.75384 13.3977 113.265 
v 7.80632 23.8728 113.097 
v 13.9196 32.4874 107.98 
v 3.98355 10.892 101.314 
v 7.80632 30.8163 87.8664 
v 13.9196 36.784 91.0347 
v 13.9196 33.411 80.1125 
v 3.98355 18.4412 93.3637 
v 7.80632 22.4674 79.6346 
v 13.9196 23.7336 75.085 
v 13.9196 12.7552 77.7032 
v 7.80632 13.3655 81.7428 
v 7.80632 6.73993 86.4275 
v 7.80632 4.5314 89.1715 
v 13.1331 5.74055 82.5051 
v 10.8826 3.70784 86.1714 
v -10.7033 -5.13363 31.7535 
v -11.1852 -9.27131 25.0812 
v -8.89107 -12.6794 24.6652 
v -8.89107 -5.35778 33.7965 
v -4.10305 -18.1561 24.1243 
v -4.10305 -11.5643 30.9475 
v 4.62773e-15 -20.1048 26.6558 
v 3.84092e-15 -13.68 32.5184 
v 4.10305 -18.1561 24.1243 
v -4.10305 -5.20367 40.8931 
v -8.89107 -2.01152 40.8906 
v -8.89107 2.20477 52.2679 
v 4.10305 -11.5643 30.9475 
v 8.89107 -12.6794 24.6652 
v -4.10305 -0.693439 54.1925 
v -8.89107 3.07481 64.9168 
v 3.15245e-15 -8.05828 41.7541 
v 4.10305 -5.20367 40.8931 
v 8.89107 -5.35778 33.7965 
v 10.7033 -5.13363 31.7535 
v 8.89107 -2.01152 40.8906 
v 11.1852 -9.27131 25.0812 
v 13.0311 -3.36281 27.7305 
v 12.7394 -5.29286 24.0024 
v 8.89107 2.20477 52.2679 
v 4.10305 -0.693439 54.1925 
v 8.89107 3.07481 64.9168 
v 2.70987e-15 -4.44432 53.7204 
v 4.10305 -0.346497 65.9885 
v 8.89107 2.004 73.8178 
v 2.64102e-15 -3.88214 66.0078 
v -4.10305 -0.346497 65.9885 
v -8.89107 2.004 73.8178 
v 4.10305 -2.0812 75.5872 
v 2.94591e-15 -6.37176 74.842 
v 11.1993 2.2358 76.6878 
v -4.10305 -2.0812 75.5872 
v -11.1993 2.2358 76.6878 
v -13.1331 5.74055 82.5051 
v -13.1176 4.93671 76.8166 
v -10.8826 3.70784 86.1714 
v -4.10305 -5.31931 81.6008 
v 13.1331 5.74055 82.5051 
v 13.1176 4.93671 76.8166 
v 10.8826 3.70784 86.1714 
v 4.10305 -5.31931 81.6008 
v 3.44751e-15 -10.4676 80.3834 
v 3.45734e-15 -10.5479 82.5518 
v 2.88612e-15 -5.88348 86.5769 
v 4.10305 -0.144112 87.9898 
v 7.80632 4.5314 89.1715 
v -4.10305 -0.144112 87.9898 
v -7.80632 4.5314 89.1715 
v 2.13785e-15 0.226536 94.155 
v -4.10305 7.9319 103.418 
v -3.98355 10.892 101.314 
v -4.75384 13.3977 113.265 
v 1.58866e-15 4.71107 104.075 
v 4.10305 7.9319 103.418 
v 3.98355 10.892 101.314 
v 4.75384 13.3977 113.265 
v -4.10305 9.60503 114.193 
v -6.60296 9.54277 125.6 
v 1.50014e-15 5.43386 113.311 
v 4.10305 9.60503 114.193 
v 6.60296 9.54277 125.6 
v 1.81487e-15 2.86393 122.466 
v 2.36564e-15 -1.63344 130.577 
v -9.59863 2.39515 135.318 
v 9.59863 2.39515 135.318 
v -13.9196 -5.70014 142.996 
v 13.9196 -5.70014 142.996 
v 3.23113e-15 -8.70075 138.127 
v -13.9196 -15.3374 145.726 
v 13.9196 -15.3374 145.726 
v 4.5222e-15 -19.2431 143.349 
v -13.9196 -26.2064 145.566 
v 13.9196 -26.2064 145.566 
v -8.03019 -31.2232 145.073 
v 8.03019 -31.2232 145.073 
v 6.31272e-15 -33.8639 144.929 
v 5.34977e-15 -26.0008 177.988 
v 2.39681 -15.3845 181.459 
v 5.33514e-15 -25.8812 211.191 
v 6.01055 -0.0663719 188.823 
v 7.64463 9.05468 198.121 
v 8.12601 12.1952 212.89 
v 7.65095 9.36181 236.206 
v 6.06933e-15 -31.8764 242.765 
v 6.8914 0.0382957 267.013 
v 7.26851e-15 -41.6684 272.741 
v 5.91669 -17.2788 299.318 
v 9.49556e-15 -59.8537 303.716 
v 4.91862 -39.7712 325.971 
v 1.23834e-14 -83.4346 331.293 
v 3.75277 -72.251 348.724 
v 1.54425e-14 -108.414 350.478 
v 1.59235 -104.273 359.817 
v 1.85751e-14 -133.994 364.067 
v 5.34977e-15 -26.0008 177.988 
v 5.33514e-15 -25.8812 211.191 
v -2.39681 -15.3845 181.459 
v -6.01055 -0.0663719 188.823 
v -7.64463 9.05468 198.121 
v -8.12601 12.1952 212.89 
v -7.65095 9.36181 236.206 
v 6.06933e-15 -31.8764 242.765 
v -6.8914 0.0382957 267.013 
v 7.26851e-15 -41.6684 272.741 
v -5.91669 -17.2788 299.318 
v 9.49556e-15 -59.8537 303.716 
v -4.91862 -39.7712 325.971 
v 1.23834e-14 -83.4346 331.293 
v -3.75277 -72.251 348.724 
v 1.54425e-14 -108.414 350.478 
v -1.59235 -104.273 359.817 
v 1.85751e-14 -133.994 364.067 
v -13.7242 -23.1656 -22.2695 
v -13.9196 -25.6766 -24.901 
v -7.97476 -33.1881 -23.7107 
v -10.1846 -21.0394 -15.9388 
v -13.7566 -19.7662 -20.8272 
v -7.97476 -25.6465 -15.3514 
v 6.2171e-15 -33.083 -18.6419 
v 6.62204e-15 -36.3896 -22.5204 
v 7.97476 -33.1881 -23.7107 
v -4.10305 -20.4048 -9.69971 
v -5.63916 -15.6586 -11.2005 
v 5.52863e-15 -27.4613 -14.5595 
v 7.97476 -25.6465 -15.3514 
v 13.7242 -23.1656 -22.2695 
v 13.9196 -25.6766 -24.901 
v 10.1846 -21.0394 -15.9388 
v 13.7566 -19.7662 -20.8272 
v 4.10305 -20.4048 -9.69971 
v 5.63916 -15.6586 -11.2005 
v 4.96213e-15 -22.8354 -8.19893 
v 4.10305 -14.7831 1.47682 
v 4.22655 -10.5188 0.765747 
v 5.63916 -10.9203 13.4548 
v -4.10305 -14.7831 1.47682 
v -4.22655 -10.5188 0.765747 
v -5.63916 -10.9203 13.4548 
v 4.10305 -15.1846 14.0588 
v 4.37202e-15 -18.0168 2.2093 
v -4.10305 -15.1846 14.0588 
v 4.47824e-15 -18.8841 14.7377 
v 4.77526e-15 -21.3095 22.8009 
v -9.86184 0.624397 -97.4201 
v 9.86184 0.624397 -97.4201 
v 9.86184 -14.495 -105.81 
v -9.86184 8.5885 -93.3377 
v -9.86184 -14.495 -105.81 
v 9.86184 8.5885 -93.3377 
v 9.86184 -28.6248 -116.99 
v -9.86184 12.4071 -83.8936 
v -9.86184 -28.6248 -116.99 
v 9.86184 12.4071 -83.8936 
v 9.86184 -38.0537 -125.11 
v -9.86184 12.1482 -66.0588 
v -9.86184 -38.0537 -125.11 
v 9.86184 12.1482 -66.0588 
v 9.86184 -40.5969 -125.847 
v -9.86184 7.52158 -49.8971 
v -9.86184 -40.5969 -125.847 
v 9.86184 7.52158 -49.8971 
v 9.86184 -42.5377 -124.374 
v -9.86184 -1.71798 -36.9059 
v -9.86184 -42.5377 -124.374 
v 9.86184 -1.71798 -36.9059 
v 9.86184 -47.8667 -109.053 
v -9.86184 -14.7092 -26.3948 
v -9.86184 -47.8667 -109.053 
v 9.86184 -14.7092 -26.3948 
v 9.86184 -61.2952 -96.4162 
v -9.86184 -31.7098 -23.8667 
v -9.86184 -61.2952 -96.4162 
v 9.86184 -31.7098 -23.8667 
v 9.86184 -70.6017 -82.4881 
v -9.86184 -47.703 -26.4554 
v -9.86184 -70.6017 -82.4881 
v 9.86184 -47.703 -26.4554 
v 9.86184 -73.8697 -66.0588 
v -9.86184 -61.2952 -35.7013 
v -9.86184 -73.8697 -66.0588 
v 9.86184 -61.2952 -35.7013 
v 9.86184 -70.6017 -49.6294 
v -9.86184 -70.6017 -49.6294 

vn -0.00787402 -0.0866142 1 
vn -0.00787402 -0.0866142 1 
vn 0 -0.0787402 1 
vn 0 -0.0787402 1 
vn 0 -0.0787402 1 
vn 0 -0.0787402 1 
vn 0 -0.0787402 1 
vn 0 -0.0787402 1 
vn 0.00787402 -0.0866142 1 
vn 0.00787402 -0.0866142 1 
vn 0.015748 0.480315 0.88189 
vn 0 0.480315 0.88189 
vn 0 0.480315 0.88189 
vn 0.015748 0.480315 0.88189 
vn -0.015748 0.480315 0.88189 
vn -0.015748 0.480315 0.88189 
vn -0.133858 0.834646 0.535433 
vn -0.519685 0.771654 0.362205 
vn -0.244094 0.952756 0.181102 
vn 0 0.874016 0.480315 
vn 0 1 0.0314961 
vn -0.00787402 0.456693 0.889764 
vn 0.244094 0.952756 0.181102 
vn 0.133858 0.834646 0.535433 
vn 0.519685 0.771654 0.362205 
vn 0.00787402 0.456693 0.889764 
vn 0 0.464567 0.889764 
vn 0 0.110236 0.992126 
vn 0 0.110236 0.992126 
vn 0 0.110236 0.992126 
vn 0 -0.0944882 0.992126 
vn 0 -0.0944882 0.992126 
vn 0 -0.0944882 0.992126 
vn 0 -0.740157 -0.669291 
vn -0.023622 -0.732283 -0.677165 
vn -0.023622 -0.740157 -0.677165 
vn -0.023622 -0.732283 -0.677165 
vn 0 -0.748031 -0.669291 
vn 0.023622 -0.740157 -0.677165 
vn 0.023622 -0.732283 -0.677165 
vn 0.023622 -0.732283 -0.677165 
vn 0 0 1 
vn 0 0.385827 0.92126 
vn 0 0 1 
vn 0 0.385827 0.92126 
vn 0 -0.385827 0.92126 
vn 0 0.708661 0.708661 
vn 0 -0.385827 0.92126 
vn 0 0.708661 0.708661 
vn 0 -0.708661 0.708661 
vn 0 0.92126 0.385827 
vn 0 -0.708661 0.708661 
vn 0 0.92126 0.385827 
vn 0 -0.92126 0.385827 
vn 0 1 0 
vn 0 -0.92126 0.385827 
vn 0 1 0 
vn 0 -1 0 
vn 0 0.92126 -0.385827 
vn 0 -1 0 
vn 0 0.92126 -0.385827 
vn 0 -0.92126 -0.385827 
vn 0 0.708661 -0.708661 
vn 0 -0.92126 -0.385827 
vn 0 0.708661 -0.708661 
vn 0 -0.708661 -0.708661 
vn 0 0.385827 -0.92126 
vn 0 -0.708661 -0.708661 
vn 0 0.385827 -0.92126 
vn 0 -0.385827 -0.92126 
vn 0 0 -1 
vn 0 -0.385827 -0.92126 
vn 0 0 -1 
vn 0.417323 0.377953 0.826772 
vn 0.566929 0.472441 0.677165 
vn 0.614173 0.496063 0.614173 
vn 0.732283 0.543307 0.409449 
vn 0.76378 0.543307 0.338583 
vn 0.818898 0.511811 0.259843 
vn 0.818898 0.511811 0.259843 
vn 0.826772 0.472441 0.307087 
vn 0.826772 0.464567 0.314961 
vn 0.80315 0.433071 0.409449 
vn 0.795276 0.425197 0.425197 
vn 0.740157 0.370079 0.559055 
vn 0.740157 0.370079 0.551181 
vn 0.645669 0.299213 0.700787 
vn 0.614173 0.275591 0.740157 
vn 0.433071 0.181102 0.88189 
vn 0.417323 0.173228 0.889764 
vn 0.291339 0.11811 0.952756 
vn -0.417323 0.377953 0.826772 
vn -0.614173 0.496063 0.614173 
vn -0.566929 0.472441 0.677165 
vn -0.732283 0.543307 0.409449 
vn -0.76378 0.543307 0.338583 
vn -0.818898 0.511811 0.259843 
vn -0.818898 0.511811 0.259843 
vn -0.826772 0.472441 0.307087 
vn -0.826772 0.464567 0.314961 
vn -0.80315 0.433071 0.409449 
vn -0.795276 0.425197 0.425197 
vn -0.740157 0.370079 0.559055 
vn -0.740157 0.370079 0.551181 
vn -0.645669 0.299213 0.700787 
vn -0.614173 0.275591 0.740157 
vn -0.433071 0.181102 0.88189 
vn -0.417323 0.173228 0.889764 
vn -0.291339 0.11811 0.952756 
vn -0.543307 -0.818898 0.204724 
vn 0 -0.952756 0.299213 
vn 0 -0.96063 0.267717 
vn 0.543307 -0.818898 0.204724 
vn -0.716535 -0.685039 0.149606 
vn -0.716535 -0.669291 0.204724 
vn -0.527559 -0.811024 0.251969 
vn -0.511811 -0.771654 0.370079 
vn -0.692913 -0.637795 0.330709 
vn -0.629921 -0.574803 0.519685 
vn 0 -0.905512 0.425197 
vn -0.448819 -0.661417 0.598425 
vn -0.480315 -0.393701 0.787402 
vn 0 -0.748031 0.661417 
vn 0.527559 -0.811024 0.251969 
vn 0.716535 -0.669291 0.204724 
vn 0.716535 -0.685039 0.149606 
vn 0.511811 -0.771654 0.370079 
vn 0.692913 -0.637795 0.330709 
vn 0.629921 -0.574803 0.519685 
vn 0.448819 -0.661417 0.598425 
vn 0.480315 -0.393701 0.787402 
vn 0.314961 -0.472441 0.818898 
vn 0.220472 -0.299213 0.929134 
vn 0.362205 -0.212598 0.905512 
vn 0.133858 -0.181102 0.976378 
vn 0 -0.535433 0.84252 
vn 0 -0.314961 0.952756 
vn 0 -0.181102 0.984252 
vn -0.133858 -0.181102 0.976378 
vn -0.220472 -0.299213 0.929134 
vn -0.362205 -0.212598 0.905512 
vn -0.314961 -0.472441 0.818898 
vn -0.00787402 0.976378 0.212598 
vn -0.015748 0.976378 0.212598 
vn -0.0472441 0.976378 0.204724 
vn 0 0.976378 0.212598 
vn 0 0.976378 0.212598 
vn 0.00787402 0.976378 0.212598 
vn 0.0472441 0.976378 0.204724 
vn 0.015748 0.976378 0.212598 
vn 0 0.976378 0.212598 
vn 0 0.976378 0.212598 
vn 0 -0.330709 -0.944882 
vn -0.00787402 -0.228346 -0.976378 
vn -0.0314961 -0.362205 -0.929134 
vn 0 -0.228346 -0.976378 
vn 0.00787402 -0.228346 -0.976378 
vn 0.0314961 -0.362205 -0.929134 
vn 0 -0.551181 -0.834646 
vn -0.0393701 -0.559055 -0.826772 
vn 0.0393701 -0.559055 -0.826772 
vn 0 -0.779528 -0.629921 
vn -0.0393701 -0.779528 -0.622047 
vn 0.0393701 -0.779528 -0.622047 
vn -0.0472441 -0.937008 -0.338583 
vn 0.0472441 -0.937008 -0.338583 
vn 0 -0.944882 -0.338583 
vn -0.0472441 -1 -0.0472441 
vn 0.0472441 -1 -0.0472441 
vn 0 -1 -0.0472441 
vn 0 -0.992126 0.0944882 
vn -0.0472441 -0.992126 0.0944882 
vn 0.0472441 -0.992126 0.0944882 
vn 0.629921 -0.354331 0.692913 
vn 0.574803 -0.322835 0.755906 
vn 0.661417 -0.370079 0.653543 
vn 0.574803 -0.322835 0.755906 
vn 0.795276 -0.401575 0.448819 
vn 0.811024 -0.401575 0.425197 
vn 0.92126 -0.362205 0.165354 
vn 0.913386 -0.362205 0.173228 
vn 0.944882 -0.322835 0.0393701 
vn -0.574803 -0.322835 0.755906 
vn -0.629921 -0.354331 0.692913 
vn -0.661417 -0.370079 0.653543 
vn -0.574803 -0.322835 0.755906 
vn -0.795276 -0.401575 0.448819 
vn -0.811024 -0.401575 0.425197 
vn -0.92126 -0.362205 0.165354 
vn -0.913386 -0.362205 0.173228 
vn -0.944882 -0.322835 0.0393701 
vn -0.307087 0.944882 0.102362 
vn 0 0.992126 0.110236 
vn 0 0.992126 0.110236 
vn 0.307087 0.944882 0.102362 
vn -0.370079 0.92126 0.102362 
vn -0.543307 0.834646 0.0866142 
vn -0.543307 0.834646 0.0866142 
vn 0.370079 0.92126 0.102362 
vn 0.543307 0.834646 0.0866142 
vn 0.543307 0.834646 0.0866142 
vn -0.551181 0.826772 -0.11811 
vn -0.385827 0.92126 -0.0787402 
vn -0.362205 0.92126 -0.125984 
vn -0.551181 0.834646 -0.0708661 
vn -0.551181 0.80315 -0.204724 
vn 0 1 -0.0787402 
vn -0.370079 0.897638 -0.228346 
vn -0.574803 0.779528 -0.267717 
vn 0 0.992126 -0.141732 
vn 0.362205 0.92126 -0.125984 
vn 0.385827 0.92126 -0.0787402 
vn 0.551181 0.826772 -0.11811 
vn 0.551181 0.834646 -0.0708661 
vn 0.551181 0.80315 -0.204724 
vn 0.370079 0.897638 -0.228346 
vn 0.574803 0.779528 -0.267717 
vn 0 0.968504 -0.251969 
vn 0.385827 0.874016 -0.299213 
vn 0.574803 0.685039 -0.448819 
vn -0.385827 0.874016 -0.299213 
vn -0.574803 0.685039 -0.448819 
vn 0 0.944882 -0.322835 
vn -0.370079 0.748031 -0.551181 
vn -0.362205 0.590551 -0.724409 
vn -0.535433 0.559055 -0.629921 
vn 0 0.606299 -0.795276 
vn 0 0.811024 -0.590551 
vn 0.370079 0.748031 -0.551181 
vn 0.362205 0.590551 -0.724409 
vn 0.535433 0.559055 -0.629921 
vn -0.417323 0.787402 -0.456693 
vn 0 0.826772 -0.559055 
vn 0 0.866142 -0.496063 
vn -0.401575 0.755906 -0.519685 
vn -0.629921 0.669291 -0.393701 
vn -0.629921 0.637795 -0.448819 
vn -0.614173 0.748031 -0.267717 
vn -0.409449 0.858268 -0.299213 
vn -0.559055 0.826772 -0.0944882 
vn 0.417323 0.787402 -0.456693 
vn 0.401575 0.755906 -0.519685 
vn 0.629921 0.669291 -0.393701 
vn 0.629921 0.637795 -0.448819 
vn 0.614173 0.748031 -0.267717 
vn 0.409449 0.858268 -0.299213 
vn 0.559055 0.826772 -0.0944882 
vn 0 0.944882 -0.338583 
vn 0.377953 0.92126 -0.11811 
vn 0.511811 0.858268 0.0787402 
vn -0.377953 0.92126 -0.11811 
vn -0.511811 0.858268 0.0787402 
vn 0 0.992126 -0.141732 
vn -0.338583 0.937008 0.0708661 
vn 0.338583 0.937008 0.0708661 
vn 0 1 0.0629921 
vn -0.299213 0.913386 0.275591 
vn 0 0.96063 0.267717 
vn -0.440945 0.858268 0.267717 
vn 0.299213 0.913386 0.275591 
vn 0.440945 0.858268 0.267717 
vn 0 0.874016 0.480315 
vn -0.23622 0.84252 0.480315 
vn -0.362205 0.811024 0.456693 
vn -0.307087 0.76378 0.566929 
vn -0.173228 0.795276 0.582677 
vn 0 0.811024 0.582677 
vn 0.173228 0.795276 0.582677 
vn 0.23622 0.84252 0.480315 
vn 0.307087 0.76378 0.566929 
vn 0.362205 0.811024 0.456693 
vn -0.00787402 -0.992126 0.11811 
vn 0 -0.992126 0.11811 
vn -0.00787402 -0.992126 0.11811 
vn 0 -0.992126 0.11811 
vn 0.00787402 -0.992126 0.11811 
vn 0 -0.992126 0.11811 
vn 0 -0.992126 0.11811 
vn 0.00787402 -0.992126 0.11811 
vn 0 -0.992126 -0.141732 
vn -0.503937 -0.795276 -0.338583 
vn 0 -0.913386 -0.409449 
vn 0.503937 -0.795276 -0.338583 
vn -0.480315 -0.866142 -0.125984 
vn -0.653543 -0.700787 -0.275591 
vn -0.669291 -0.732283 -0.102362 
vn -0.661417 -0.732283 0.165354 
vn 0.480315 -0.866142 -0.125984 
vn 0.653543 -0.700787 -0.275591 
vn 0.669291 -0.732283 -0.102362 
vn 0.661417 -0.732283 0.165354 
vn -0.472441 -0.858268 0.19685 
vn -0.653543 -0.716535 0.244094 
vn -0.472441 -0.834646 0.275591 
vn 0 -0.976378 0.220472 
vn 0 -0.952756 0.307087 
vn 0.472441 -0.834646 0.275591 
vn 0.472441 -0.858268 0.19685 
vn 0.653543 -0.716535 0.244094 
vn -1 0 0 
vn -1 0 0 
vn -1 0 0 
vn -1 0 0 
vn -1 0 0 
vn -1 0 0 
vn -1 0 0 
vn -1 0 0 
vn -1 0 0 
vn -1 0 0 
vn -1 0 0 
vn -1 0 0 
vn -1 0 0 
vn -1 0 0 
vn -1 0 0 
vn -1 0 0 
vn -1 0 0 
vn -1 0 0 
vn -1 0 0 
vn -1 0 0 
vn -1 0 0 
vn -1 0 0 
vn -1 0 0 
vn -1 0 0 
vn -1 -0.015748 0 
vn -1 0 0 
vn -1 -0.0708661 -0.015748 
vn -0.937008 -0.346457 0.0393701 
vn -0.88189 -0.464567 0.0708661 
vn -1 0 0 
vn -1 0 0 
vn -1 0 0 
vn -1 0 0 
vn -1 0 0 
vn -1 0 0 
vn -1 -0.023622 -0.015748 
vn -1 -0.0551181 -0.0314961 
vn -0.984252 -0.141732 -0.0708661 
vn -0.984252 -0.173228 -0.0787402 
vn -0.944882 -0.314961 0.0866142 
vn -0.937008 -0.330709 0.125984 
vn -0.779528 -0.511811 0.370079 
vn -0.755906 -0.527559 0.385827 
vn -1 0 0 
vn -1 0 0 
vn -1 0 0 
vn -1 0 0 
vn -1 0 0 
vn -1 0 0 
vn -1 0 0 
vn -1 0 0 
vn -1 0 0 
vn -1 -0.00787402 0.023622 
vn -1 -0.00787402 0.015748 
vn -1 -0.00787402 0.023622 
vn -1 -0.0314961 0.0472441 
vn -1 0 0 
vn -1 0 0 
vn -1 0 0 
vn -1 0 0 
vn -1 0 0 
vn -1 0 0 
vn -1 0 0 
vn -1 0 0 
vn -1 0 0 
vn -1 0 0 
vn 1 0 0 
vn 1 0 0 
vn 1 0 0 
vn 1 0 0 
vn 1 0 0 
vn 1 0 0 
vn 1 0 0 
vn 1 0 0 
vn 1 0 0 
vn 1 0 0 
vn 1 0 0 
vn 1 0 0 
vn 1 0 0 
vn 1 0 0 
vn 1 0 0 
vn 1 0 0 
vn 1 0 0 
vn 1 0 0 
vn 1 0 0 
vn 1 0 0 
vn 1 0 0 
vn 1 0 0 
vn 1 0 0 
vn 1 0 0 
vn 1 0 0 
vn 1 0 0 
vn 1 -0.015748 0 
vn 1 0 0 
vn 1 -0.0708661 -0.015748 
vn 0.937008 -0.346457 0.0393701 
vn 0.88189 -0.464567 0.0708661 
vn 1 0 0 
vn 1 0 0 
vn 1 0 0 
vn 1 0 0 
vn 1 0 0 
vn 1 0 0 
vn 1 -0.023622 -0.015748 
vn 1 -0.0551181 -0.0314961 
vn 0.984252 -0.141732 -0.0708661 
vn 0.984252 -0.173228 -0.0787402 
vn 0.944882 -0.314961 0.0866142 
vn 0.937008 -0.330709 0.125984 
vn 1 0 0 
vn 1 0 0 
vn 1 0 0 
vn 1 0 0 
vn 1 0 0 
vn 1 0 0 
vn 1 0 0 
vn 1 0 0 
vn 1 0 0 
vn 1 -0.00787402 0.023622 
vn 1 -0.00787402 0.015748 
vn 1 -0.00787402 0.023622 
vn 1 -0.0314961 0.0472441 
vn 1 0 0 
vn 1 0 0 
vn 1 0 0 
vn 1 0 0 
vn 1 0 0 
vn 1 0 0 
vn 1 0 0 
vn 1 0 0 
vn 1 -0.023622 0.015748 
vn 1 -0.023622 0.015748 
vn 1 -0.023622 0.015748 
vn 1 -0.023622 0.015748 
vn 1 -0.023622 0.015748 
vn 1 -0.023622 0.015748 
vn 1 -0.023622 0.015748 
vn 1 -0.023622 0.015748 
vn 1 -0.023622 0.015748 
vn 1 -0.023622 0.015748 
vn 1 -0.023622 0.015748 
vn 1 -0.023622 0.015748 
vn 1 -0.023622 0.015748 
vn 1 -0.023622 0.015748 
vn 1 -0.023622 0.015748 
vn 1 -0.023622 0.015748 
vn 1 -0.023622 0.015748 
vn 1 -0.023622 0.015748 
vn 1 -0.023622 0.015748 
vn -1 -0.023622 0.015748 
vn -1 -0.023622 0.015748 
vn -1 -0.023622 0.015748 
vn -1 -0.023622 0.015748 
vn -1 -0.023622 0.015748 
vn -1 -0.023622 0.015748 
vn -1 -0.023622 0.015748 
vn -1 -0.023622 0.015748 
vn -1 -0.023622 0.015748 
vn -1 -0.023622 0.015748 
vn -1 -0.023622 0.015748 
vn -1 -0.023622 0.015748 
vn -1 -0.023622 0.015748 
vn -1 -0.023622 0.015748 
vn -1 -0.023622 0.015748 
vn -1 -0.023622 0.015748 
vn -1 -0.023622 0.015748 
vn -1 -0.023622 0.015748 
vn -1 -0.023622 0.015748 
vn -1 0 0 
vn -1 0 0 
vn -1 0 0 
vn -1 0 0 
vn -1 0 0 
vn -1 0 0 
vn -1 0 0 
vn -1 0 0 
vn -1 0 0 
vn -1 0 0 
vn -1 0 0 
vn -1 0 0 
vn -1 0 0 
vn -1 0 0 
vn -1 0 0 
vn -1 0 0 
vn -1 0 0 
vn -1 0 0 
vn -1 0 0 
vn -1 0 0 
vn -1 0 0 
vn -1 0 0 
vn -1 0 0 
vn -1 0 0 
vn -1 0 0 
vn -1 0 0 
vn -1 0 0 
vn -1 0 0 
vn -1 0 0 
vn -1 0 0 
vn -1 0 0 
vn -1 0 0 
vn -1 0 0 
vn -1 0 0 
vn -1 0 0 
vn -1 0 0 
vn 1 0 0 
vn 1 0 0 
vn 1 0 0 
vn 1 0 0 
vn 1 0 0 
vn 1 0 0 
vn 1 0 0 
vn 1 0 0 
vn 1 0 0 
vn 1 0 0 
vn 1 0 0 
vn 1 0 0 
vn 1 0 0 
vn 1 0 0 
vn 1 0 0 
vn 1 0 0 
vn 1 0 0 
vn 1 0 0 
vn 1 0 0 
vn 1 0 0 
vn 1 0 0 
vn 1 0 0 
vn 1 0 0 
vn 1 0 0 
vn 1 0 0 
vn 1 0 0 
vn 1 0 0 
vn 1 0 0 
vn 1 0 0 
vn 1 0 0 
vn 1 0 0 
vn 1 0 0 
vn 1 0 0 
vn 1 0 0 
vn 1 0 0 
vn 1 0 0 
vn -1 0 0 
vn -0.88189 -0.165354 0.448819 
vn -0.88189 0.181102 0.440945 
vn -0.653543 0.488189 0.582677 
vn -0.653543 0.488189 0.582677 
vn -0.952756 0.188976 0.228346 
vn -0.637795 0.393701 0.661417 
vn -1 0 0 
vn -0.637795 0.102362 0.76378 
vn -0.708661 -0.244094 0.661417 
vn -0.692913 -0.566929 0.440945 
vn -1 0 0 
vn -0.897638 -0.425197 0.133858 
vn -0.732283 -0.685039 0.023622 
vn -0.708661 -0.677165 -0.204724 
vn -1 0 0 
vn -1 0 0 
vn -0.858268 -0.440945 -0.259843 
vn -0.685039 -0.519685 -0.511811 
vn -0.834646 -0.370079 -0.401575 
vn -0.716535 -0.472441 -0.511811 
vn -0.716535 -0.472441 -0.511811 
vn 0.88189 -0.165354 0.448819 
vn 1 0 0 
vn 0.88189 0.181102 0.440945 
vn 0.653543 0.488189 0.582677 
vn 0.653543 0.488189 0.582677 
vn 0.637795 0.393701 0.661417 
vn 0.952756 0.188976 0.228346 
vn 0.637795 0.102362 0.76378 
vn 1 0 0 
vn 0.708661 -0.244094 0.661417 
vn 1 0 0 
vn 0.692913 -0.566929 0.440945 
vn 0.897638 -0.425197 0.133858 
vn 0.732283 -0.685039 0.023622 
vn 0.708661 -0.677165 -0.204724 
vn 1 0 0 
vn 1 0 0 
vn 0.858268 -0.440945 -0.259843 
vn 0.685039 -0.519685 -0.511811 
vn 0.834646 -0.370079 -0.401575 
vn 0.716535 -0.472441 -0.511811 
vn 0.716535 -0.472441 -0.511811 
vn -0.700787 0.377953 0.598425 
vn -0.84252 0.110236 0.535433 
vn -0.732283 0.181102 0.653543 
vn -0.795276 0.314961 0.519685 
vn -0.653543 0.496063 0.566929 
vn -0.779528 0.401575 0.480315 
vn -0.952756 0.0944882 0.291339 
vn -0.858268 -0.11811 0.496063 
vn -0.80315 -0.141732 0.582677 
vn -0.818898 -0.409449 0.401575 
vn -0.968504 -0.125984 0.204724 
vn -0.992126 -0.0866142 -0.015748 
vn -0.889764 -0.409449 0.212598 
vn -0.850394 -0.519685 0.0472441 
vn -0.850394 -0.511811 -0.133858 
vn -0.944882 -0.307087 -0.0866142 
vn -0.897638 -0.346457 -0.283465 
vn -0.858268 -0.480315 -0.188976 
vn -0.818898 -0.464567 -0.322835 
vn -0.834646 -0.417323 -0.354331 
vn -0.834646 -0.401575 -0.370079 
vn -0.818898 -0.433071 -0.370079 
vn -0.795276 -0.417323 -0.433071 
vn -0.795276 -0.417323 -0.433071 
vn 0.84252 0.110236 0.535433 
vn 0.700787 0.377953 0.598425 
vn 0.732283 0.181102 0.653543 
vn 0.795276 0.314961 0.519685 
vn 0.653543 0.496063 0.566929 
vn 0.779528 0.401575 0.480315 
vn 0.952756 0.0944882 0.291339 
vn 0.858268 -0.11811 0.496063 
vn 0.80315 -0.141732 0.582677 
vn 0.818898 -0.409449 0.401575 
vn 0.968504 -0.125984 0.204724 
vn 0.992126 -0.0866142 -0.015748 
vn 0.889764 -0.409449 0.212598 
vn 0.850394 -0.527559 0.0393701 
vn 0.84252 -0.535433 -0.110236 
vn 0.944882 -0.307087 -0.0866142 
vn 0.897638 -0.346457 -0.283465 
vn 0.84252 -0.503937 -0.19685 
vn 0.818898 -0.480315 -0.322835 
vn 0.834646 -0.417323 -0.354331 
vn 0.834646 -0.401575 -0.370079 
vn 0.818898 -0.433071 -0.370079 
vn 0.795276 -0.417323 -0.433071 
vn 0.795276 -0.417323 -0.433071 
vn -0.566929 -0.409449 -0.716535 
vn -0.606299 -0.401575 -0.685039 
vn -0.559055 -0.393701 -0.732283 
vn -0.80315 -0.354331 -0.472441 
vn -0.929134 -0.220472 -0.283465 
vn -0.629921 -0.488189 -0.606299 
vn -0.952756 -0.244094 -0.165354 
vn -0.685039 -0.566929 -0.464567 
vn -0.850394 -0.456693 -0.267717 
vn -1 -0.0629921 0.015748 
vn -0.771654 -0.606299 -0.19685 
vn -0.84252 -0.503937 0.181102 
vn -0.740157 -0.669291 -0.0551181 
vn -0.677165 -0.590551 0.433071 
vn -0.992126 -0.0866142 0.0866142 
vn -0.80315 -0.141732 0.582677 
vn -0.653543 -0.212598 0.724409 
vn -0.551181 0.275591 0.787402 
vn -0.795276 0.212598 0.566929 
vn -0.80315 0.393701 0.448819 
vn -0.874016 0.377953 0.307087 
vn -0.551181 0.464567 0.692913 
vn -0.582677 0.511811 0.629921 
vn 0.559055 -0.417323 -0.716535 
vn 0.559055 -0.393701 -0.732283 
vn 0.590551 -0.417323 -0.692913 
vn 0.787402 -0.385827 -0.480315 
vn 0.574803 -0.511811 -0.637795 
vn 0.929134 -0.220472 -0.283465 
vn 0.598425 -0.598425 -0.527559 
vn 0.952756 -0.244094 -0.165354 
vn 0.811024 -0.503937 -0.299213 
vn 0.708661 -0.661417 -0.244094 
vn 1 -0.0629921 0.015748 
vn 0.850394 -0.503937 0.173228 
vn 0.708661 -0.700787 -0.023622 
vn 0.692913 -0.543307 0.464567 
vn 0.992126 -0.0866142 0.0866142 
vn 0.811024 -0.110236 0.566929 
vn 0.677165 -0.141732 0.724409 
vn 0.559055 0.314961 0.76378 
vn 0.80315 0.228346 0.551181 
vn 0.80315 0.393701 0.448819 
vn 0.874016 0.377953 0.307087 
vn 0.551181 0.464567 0.692913 
vn 0.582677 0.511811 0.629921 
vn -0.755906 -0.527559 0.385827 
vn -0.779528 -0.511811 0.370079 
vn -0.724409 -0.622047 0.291339 
vn -0.598425 -0.669291 0.440945 
vn -0.700787 -0.692913 0.165354 
vn -0.566929 -0.645669 0.511811 
vn 0 -0.834646 0.551181 
vn 0 -0.779528 0.629921 
vn 0.700787 -0.692913 0.165354 
vn -0.582677 -0.740157 0.346457 
vn -0.566929 -0.755906 0.330709 
vn -0.559055 -0.811024 0.181102 
vn 0.566929 -0.645669 0.511811 
vn 0.724409 -0.622047 0.291339 
vn -0.598425 -0.787402 0.133858 
vn -0.574803 -0.818898 -0.0314961 
vn 0 -0.905512 0.433071 
vn 0.582677 -0.740157 0.346457 
vn 0.598425 -0.669291 0.440945 
vn 0.755906 -0.527559 0.385827 
vn 0.566929 -0.755906 0.330709 
vn 0.779528 -0.511811 0.370079 
vn 0.937008 -0.330709 0.125984 
vn 0.944882 -0.314961 0.0866142 
vn 0.559055 -0.811024 0.181102 
vn 0.598425 -0.787402 0.133858 
vn 0.574803 -0.818898 -0.0314961 
vn 0 -0.984252 0.19685 
vn 0.629921 -0.779528 -0.0551181 
vn 0.559055 -0.787402 -0.259843 
vn 0 -0.992126 -0.0944882 
vn -0.629921 -0.779528 -0.0551181 
vn -0.559055 -0.787402 -0.259843 
vn 0.629921 -0.724409 -0.283465 
vn 0 -0.913386 -0.401575 
vn 0.700787 -0.716535 -0.015748 
vn -0.629921 -0.724409 -0.283465 
vn -0.716535 -0.700787 -0.0708661 
vn -0.88189 -0.464567 0.0708661 
vn -0.937008 -0.346457 0.0393701 
vn -0.677165 -0.645669 0.354331 
vn -0.748031 -0.661417 0.0866142 
vn 0.88189 -0.464567 0.0708661 
vn 0.937008 -0.346457 0.0393701 
vn 0.677165 -0.645669 0.354331 
vn 0.748031 -0.661417 0.0787402 
vn 0 -0.952756 -0.291339 
vn 0 -0.929134 0.362205 
vn 0 -0.740157 0.669291 
vn 0.685039 -0.598425 0.409449 
vn 0.724409 -0.480315 0.496063 
vn -0.637795 -0.598425 0.480315 
vn -0.724409 -0.480315 0.496063 
vn 0 -0.874016 0.488189 
vn -0.858268 -0.488189 0.181102 
vn -0.944882 -0.259843 0.188976 
vn -0.984252 -0.141732 -0.0944882 
vn 0 -0.952756 0.299213 
vn 0.858268 -0.488189 0.181102 
vn 0.944882 -0.259843 0.188976 
vn 0.984252 -0.141732 -0.0944882 
vn -0.889764 -0.448819 -0.102362 
vn -0.724409 -0.598425 -0.354331 
vn 0 -1 -0.0551181 
vn 0.889764 -0.448819 -0.102362 
vn 0.724409 -0.598425 -0.354331 
vn 0 -0.88189 -0.464567 
vn 0 -0.700787 -0.708661 
vn -0.527559 -0.582677 -0.622047 
vn 0.527559 -0.582677 -0.622047 
vn -0.377953 -0.448819 -0.811024 
vn 0.377953 -0.448819 -0.811024 
vn 0 -0.503937 -0.866142 
vn -0.251969 -0.212598 -0.944882 
vn 0.251969 -0.212598 -0.944882 
vn 0 -0.181102 -0.984252 
vn -0.149606 -0.015748 -0.992126 
vn 0.149606 -0.015748 -0.992126 
vn -0.102362 -0.0551181 -0.992126 
vn 0.102362 -0.0551181 -0.992126 
vn 0 -0.110236 -0.992126 
vn 0.976378 -0.220472 0 
vn 0.976378 -0.220472 0 
vn 0.976378 -0.204724 -0.00787402 
vn 0.976378 -0.212598 0.015748 
vn 0.976378 -0.204724 0.015748 
vn 0.976378 -0.204724 -0.00787402 
vn 0.984252 -0.19685 -0.023622 
vn 0.984252 -0.181102 -0.0393701 
vn 0.984252 -0.181102 -0.0472441 
vn 0.984252 -0.15748 -0.0708661 
vn 0.984252 -0.15748 -0.0708661 
vn 0.984252 -0.133858 -0.102362 
vn 0.984252 -0.133858 -0.102362 
vn 0.984252 -0.11811 -0.125984 
vn 0.984252 -0.11811 -0.125984 
vn 0.984252 -0.0944882 -0.133858 
vn 0.984252 -0.0944882 -0.133858 
vn 0.984252 -0.0708661 -0.133858 
vn -0.976378 -0.220472 0 
vn -0.976378 -0.204724 -0.00787402 
vn -0.976378 -0.220472 0 
vn -0.976378 -0.212598 0.015748 
vn -0.976378 -0.204724 0.015748 
vn -0.976378 -0.204724 -0.00787402 
vn -0.984252 -0.19685 -0.023622 
vn -0.984252 -0.181102 -0.0393701 
vn -0.984252 -0.181102 -0.0472441 
vn -0.984252 -0.15748 -0.0708661 
vn -0.984252 -0.15748 -0.0708661 
vn -0.984252 -0.133858 -0.102362 
vn -0.984252 -0.133858 -0.102362 
vn -0.984252 -0.11811 -0.125984 
vn -0.984252 -0.11811 -0.125984 
vn -0.984252 -0.0944882 -0.133858 
vn -0.984252 -0.0944882 -0.133858 
vn -0.984252 -0.0708661 -0.133858 
vn -0.76378 -0.393701 0.503937 
vn -0.708661 -0.480315 0.511811 
vn -0.543307 -0.614173 0.574803 
vn -0.755906 -0.275591 0.598425 
vn -0.811024 -0.23622 0.535433 
vn -0.590551 -0.488189 0.645669 
vn 0 -0.708661 0.700787 
vn 0 -0.76378 0.645669 
vn 0.543307 -0.614173 0.574803 
vn -0.708661 -0.464567 0.535433 
vn -0.905512 -0.149606 0.401575 
vn 0 -0.645669 0.76378 
vn 0.590551 -0.488189 0.645669 
vn 0.76378 -0.393701 0.503937 
vn 0.708661 -0.480315 0.511811 
vn 0.755906 -0.275591 0.598425 
vn 0.811024 -0.23622 0.535433 
vn 0.708661 -0.464567 0.535433 
vn 0.905512 -0.149606 0.401575 
vn 0 -0.811024 0.590551 
vn 0.88189 -0.456693 0.0944882 
vn 0.984252 -0.173228 0.0314961 
vn 0.92126 -0.354331 -0.149606 
vn -0.88189 -0.456693 0.0944882 
vn -0.984252 -0.173228 0.0314961 
vn -0.92126 -0.354331 -0.149606 
vn 0.795276 -0.582677 -0.149606 
vn 0 -0.976378 0.204724 
vn -0.795276 -0.582677 -0.149606 
vn 0 -0.984252 -0.188976 
vn 0 -1 -0.0314961 
vn 0 0.472441 -0.88189 
vn 0 0.472441 -0.88189 
vn 0 0.551181 -0.834646 
vn 0 0.740157 -0.677165 
vn 0 0.551181 -0.834646 
vn 0 0.740157 -0.677165 
vn 0 0.637795 -0.771654 
vn 0 0.984252 -0.181102 
vn 0 0.637795 -0.771654 
vn 0 0.984252 -0.181102 
vn 0 0.480315 -0.88189 
vn 0 0.992126 0.149606 
vn 0 0.480315 -0.88189 
vn 0 0.992126 0.149606 
vn 0 -0.181102 -0.984252 
vn 0 0.897638 0.433071 
vn 0 -0.181102 -0.984252 
vn 0 0.897638 0.433071 
vn 0 -0.811024 -0.590551 
vn 0 0.732283 0.685039 
vn 0 -0.811024 -0.590551 
vn 0 0.732283 0.685039 
vn 0 -0.84252 -0.543307 
vn 0 0.401575 0.913386 
vn 0 -0.84252 -0.543307 
vn 0 0.401575 0.913386 
vn 0 -0.76378 -0.645669 
vn 0 -0.00787402 1 
vn 0 -0.76378 -0.645669 
vn 0 -0.00787402 1 
vn 0 -0.92126 -0.385827 
vn 0 -0.370079 0.929134 
vn 0 -0.92126 -0.385827 
vn 0 -0.370079 0.929134 
vn 0 -1 0 
vn 0 -0.708661 0.700787 
vn 0 -1 0 
vn 0 -0.708661 0.700787 
vn 0 -0.92126 0.385827 
vn 0 -0.92126 0.385827 

vt 0.312945 0.153063 
vt 0.332767 0.153068 
vt 0.303655 0.167134 
vt 0.346786 0.167357 
vt 0.301087 0.186827 
vt 0.35295 0.186834 
vt 0.346781 0.206309 
vt 0.30365 0.206521 
vt 0.332759 0.220594 
vt 0.312937 0.220594 
vt 0.11875 0.0176454 
vt 0.130896 0.0359768 
vt 0.116061 0.0359768 
vt 0.130933 0.00221741 
vt 0.11875 0.0543082 
vt 0.130933 0.0697361 
vt 0.837293 0.118552 
vt 0.839681 0.145165 
vt 0.822959 0.143188 
vt 0.803292 0.118467 
vt 0.803294 0.142999 
vt 0.837042 0.09498 
vt 0.783632 0.143188 
vt 0.769294 0.118561 
vt 0.766918 0.145165 
vt 0.769534 0.0949915 
vt 0.803288 0.0952616 
vt 0.803285 0.078326 
vt 0.836953 0.0780393 
vt 0.769613 0.0780486 
vt 0.803283 0.0586327 
vt 0.836896 0.0585338 
vt 0.769663 0.0585368 
vt 0.0373635 0.0016166 
vt 0.0711299 0.00239742 
vt 0.0557171 0.0161581 
vt 0.0711593 0.00918764 
vt 0.0374032 0.0199246 
vt 0.0190731 0.0162376 
vt 0.00360089 0.00254369 
vt 0.00360089 0.00933397 
vt 0.830696 0.823122 
vt 0.854437 0.809207 
vt 0.798614 0.785336 
vt 0.837663 0.762309 
vt 0.769604 0.820148 
vt 0.88137 0.804479 
vt 0.813144 0.844386 
vt 0.882857 0.753754 
vt 0.75384 0.863262 
vt 0.908112 0.809518 
vt 0.803948 0.87021 
vt 0.929864 0.761573 
vt 0.753885 0.910678 
vt 0.92974 0.824617 
vt 0.804629 0.897036 
vt 0.973783 0.78739 
vt 0.77204 0.958088 
vt 0.940973 0.848593 
vt 0.816113 0.920753 
vt 0.991962 0.835 
vt 0.815791 0.983927 
vt 0.941679 0.875692 
vt 0.837756 0.93604 
vt 0.991962 0.882647 
vt 0.862598 0.991962 
vt 0.932479 0.901587 
vt 0.864188 0.94143 
vt 0.976073 0.925882 
vt 0.907772 0.983596 
vt 0.914859 0.922828 
vt 0.891099 0.936732 
vt 0.946913 0.960681 
vt 0.458537 0.658936 
vt 0.445307 0.651696 
vt 0.461113 0.637138 
vt 0.429827 0.637176 
vt 0.458929 0.611112 
vt 0.403473 0.564291 
vt 0.440357 0.554806 
vt 0.414073 0.465785 
vt 0.379939 0.469579 
vt 0.369676 0.368872 
vt 0.395329 0.362703 
vt 0.375989 0.26792 
vt 0.396433 0.271076 
vt 0.411926 0.164341 
vt 0.400844 0.157444 
vt 0.430596 0.0755361 
vt 0.434866 0.0767187 
vt 0.461113 0.000942528 
vt 0.458537 0.658936 
vt 0.461113 0.637138 
vt 0.445307 0.651696 
vt 0.429827 0.637176 
vt 0.458929 0.611112 
vt 0.403473 0.564291 
vt 0.440357 0.554806 
vt 0.414073 0.465785 
vt 0.379939 0.469579 
vt 0.369676 0.368872 
vt 0.395329 0.362703 
vt 0.375989 0.26792 
vt 0.396433 0.271076 
vt 0.411926 0.164341 
vt 0.400844 0.157444 
vt 0.430596 0.0755361 
vt 0.434866 0.0767187 
vt 0.461113 0.000942528 
vt 0.0223407 0.779275 
vt 0.0415943 0.756272 
vt 0.041428 0.777009 
vt 0.0606696 0.779792 
vt 0.00430543 0.784562 
vt 0.00123437 0.759127 
vt 0.0214353 0.757414 
vt 0.0204424 0.73082 
vt 0.00106703 0.730148 
vt 0.00200304 0.705392 
vt 0.0415688 0.729142 
vt 0.0196873 0.701857 
vt 0.00408033 0.676372 
vt 0.0413029 0.698875 
vt 0.0619038 0.757564 
vt 0.0825449 0.759397 
vt 0.0791286 0.785599 
vt 0.0628382 0.730624 
vt 0.0825449 0.729728 
vt 0.0811116 0.7045 
vt 0.06309 0.701356 
vt 0.078097 0.675099 
vt 0.0614644 0.676718 
vt 0.0601072 0.64448 
vt 0.0735485 0.622002 
vt 0.0585335 0.611338 
vt 0.0409711 0.675828 
vt 0.040395 0.645112 
vt 0.0395472 0.606895 
vt 0.0208275 0.612193 
vt 0.0207092 0.645274 
vt 0.0063786 0.623484 
vt 0.020593 0.677391 
vt 0.139458 0.00226074 
vt 0.1537 0.080173 
vt 0.140847 0.0722833 
vt 0.16509 0.00226074 
vt 0.164902 0.0982 
vt 0.139458 0.00226074 
vt 0.140847 0.0722833 
vt 0.1537 0.080173 
vt 0.16509 0.00226074 
vt 0.164902 0.0982 
vt 0.603761 0.0339622 
vt 0.623002 0.0153667 
vt 0.637512 0.0335355 
vt 0.603764 0.00721186 
vt 0.584525 0.0153616 
vt 0.57001 0.0335255 
vt 0.603755 0.0673392 
vt 0.637588 0.0683687 
vt 0.569924 0.0683571 
vt 0.603748 0.105367 
vt 0.637561 0.1061 
vt 0.569937 0.106086 
vt 0.637588 0.150856 
vt 0.569889 0.150837 
vt 0.603738 0.151177 
vt 0.637538 0.190598 
vt 0.569916 0.190575 
vt 0.603726 0.190368 
vt 0.603715 0.215892 
vt 0.637296 0.216325 
vt 0.570139 0.216295 
vt 0.211354 0.0660307 
vt 0.222771 0.0256827 
vt 0.231795 0.0674943 
vt 0.1997 0.0378857 
vt 0.225041 0.110313 
vt 0.236249 0.111408 
vt 0.223368 0.145285 
vt 0.229276 0.147666 
vt 0.1997 0.177898 
vt 0.222771 0.0256827 
vt 0.211354 0.0660307 
vt 0.231795 0.0674943 
vt 0.1997 0.0378857 
vt 0.225041 0.110313 
vt 0.236249 0.111408 
vt 0.223368 0.145285 
vt 0.229276 0.147666 
vt 0.1997 0.177898 
vt 0.128218 0.246672 
vt 0.10969 0.278626 
vt 0.10969 0.245556 
vt 0.0911625 0.246672 
vt 0.128084 0.280847 
vt 0.146431 0.254089 
vt 0.146588 0.287484 
vt 0.0912964 0.280847 
vt 0.0729495 0.254089 
vt 0.0727924 0.287484 
vt 0.789624 0.675739 
vt 0.770699 0.787781 
vt 0.770533 0.675695 
vt 0.789869 0.791226 
vt 0.789363 0.555271 
vt 0.751399 0.785459 
vt 0.770767 0.554789 
vt 0.789594 0.442871 
vt 0.751541 0.67481 
vt 0.732535 0.675587 
vt 0.732078 0.787812 
vt 0.713417 0.675523 
vt 0.712858 0.791292 
vt 0.714735 0.554872 
vt 0.733352 0.554589 
vt 0.715943 0.442363 
vt 0.752065 0.554239 
vt 0.734525 0.441707 
vt 0.718149 0.352796 
vt 0.771034 0.441959 
vt 0.788729 0.353332 
vt 0.752782 0.441713 
vt 0.770117 0.350659 
vt 0.772841 0.319387 
vt 0.789869 0.321158 
vt 0.753716 0.318258 
vt 0.753459 0.351044 
vt 0.736806 0.350406 
vt 0.734568 0.319088 
vt 0.717507 0.320595 
vt 0.560755 0.29975 
vt 0.579187 0.280355 
vt 0.579149 0.300179 
vt 0.561829 0.280789 
vt 0.541421 0.2984 
vt 0.543425 0.27973 
vt 0.540517 0.326097 
vt 0.559709 0.329206 
vt 0.541024 0.359458 
vt 0.59761 0.299897 
vt 0.596616 0.28078 
vt 0.617165 0.298723 
vt 0.615264 0.27973 
vt 0.617663 0.326766 
vt 0.598256 0.329544 
vt 0.616393 0.360421 
vt 0.578955 0.329438 
vt 0.597885 0.360226 
vt 0.614965 0.396173 
vt 0.559411 0.359742 
vt 0.541382 0.394995 
vt 0.578621 0.360471 
vt 0.559106 0.395338 
vt 0.597156 0.395942 
vt 0.578122 0.395265 
vt 0.558595 0.429827 
vt 0.577536 0.429415 
vt 0.541486 0.429778 
vt 0.59647 0.430516 
vt 0.613624 0.4311 
vt 0.576844 0.465584 
vt 0.558114 0.465011 
vt 0.542017 0.461845 
vt 0.542192 0.490786 
vt 0.558105 0.499858 
vt 0.576059 0.503808 
vt 0.594178 0.500603 
vt 0.595594 0.465751 
vt 0.610475 0.492183 
vt 0.611836 0.463222 
vt 0.00169823 0.119767 
vt 0.022771 0.153704 
vt 0.00120504 0.153207 
vt 0.022771 0.104369 
vt 0.00169823 0.119767 
vt 0.022771 0.153704 
vt 0.022771 0.104369 
vt 0.00120504 0.153207 
vt 0.324383 0.314065 
vt 0.335424 0.292387 
vt 0.335872 0.314077 
vt 0.335432 0.33586 
vt 0.323542 0.294913 
vt 0.334027 0.272738 
vt 0.321688 0.27542 
vt 0.303032 0.27542 
vt 0.323478 0.333255 
vt 0.333912 0.355797 
vt 0.321415 0.35285 
vt 0.302731 0.352494 
vt 0.302204 0.294261 
vt 0.286063 0.272868 
vt 0.285091 0.29308 
vt 0.302848 0.314007 
vt 0.28588 0.313978 
vt 0.285091 0.334786 
vt 0.30211 0.333723 
vt 0.285932 0.354738 
vt 0.368488 0.566006 
vt 0.397184 0.595454 
vt 0.337606 0.624105 
vt 0.39113 0.610681 
vt 0.398493 0.57742 
vt 0.394851 0.565932 
vt 0.345195 0.559105 
vt 0.325069 0.547957 
vt 0.311841 0.641918 
vt 0.297884 0.530951 
vt 0.214302 0.602536 
vt 0.221603 0.56846 
vt 0.26975 0.505355 
vt 0.221868 0.531554 
vt 0.248869 0.469662 
vt 0.214851 0.496245 
vt 0.200918 0.46625 
vt 0.244164 0.437201 
vt 0.183622 0.442065 
vt 0.250446 0.408259 
vt 0.194457 0.331422 
vt 0.268874 0.337582 
vt 0.271713 0.396129 
vt 0.262924 0.303337 
vt 0.292947 0.374794 
vt 0.218428 0.216604 
vt 0.302325 0.400229 
vt 0.321407 0.39827 
vt 0.319326 0.412047 
vt 0.27207 0.279585 
vt 0.295944 0.17752 
vt 0.253892 0.110545 
vt 0.299242 0.208979 
vt 0.294175 0.263583 
vt 0.306854 0.153498 
vt 0.316209 0.238946 
vt 0.316192 0.263066 
vt 0.336514 0.262193 
vt 0.334917 0.26997 
vt 0.347894 0.270363 
vt 0.343351 0.279503 
vt 0.358278 0.272879 
vt 0.349558 0.289847 
vt 0.317982 0.0717184 
vt 0.287289 0.0248268 
vt 0.339394 0.111171 
vt 0.31099 0.0324523 
vt 0.3142 0.00678253 
vt 0.309447 0.00193304 
vt 0.329374 0.142928 
vt 0.357913 0.145714 
vt 0.367207 0.136875 
vt 0.379452 0.156838 
vt 0.398493 0.15251 
vt 0.392332 0.158842 
vt 0.384042 0.162233 
vt 0.258807 0.720133 
vt 0.283751 0.691511 
vt 0.278544 0.718296 
vt 0.247744 0.695768 
vt 0.296169 0.663404 
vt 0.228652 0.68181 
vt 0.201643 0.628811 
vt 0.212515 0.6764 
vt 0.189691 0.644858 
vt 0.192997 0.678089 
vt 0.186319 0.15606 
vt 0.215016 0.126611 
vt 0.216324 0.144646 
vt 0.212683 0.156134 
vt 0.155438 0.0979606 
vt 0.208962 0.111385 
vt 0.163027 0.162961 
vt 0.142901 0.174109 
vt 0.129673 0.0801473 
vt 0.119903 0.189382 
vt 0.0321343 0.11953 
vt 0.0394351 0.153606 
vt 0.0987065 0.208724 
vt 0.114001 0.0586621 
vt 0.0396999 0.190512 
vt 0.0714284 0.248981 
vt 0.0326833 0.225821 
vt 0.0187495 0.255815 
vt 0.0614982 0.2902 
vt 0.00145405 0.28 
vt 0.0194751 0.0932544 
vt 0.0122888 0.390644 
vt 0.069994 0.316591 
vt 0.0867063 0.384484 
vt 0.0936083 0.328503 
vt 0.0807558 0.418728 
vt 0.110779 0.347272 
vt 0.0362602 0.505461 
vt 0.120157 0.321837 
vt 0.139239 0.323796 
vt 0.137158 0.310019 
vt 0.0899019 0.442481 
vt 0.113776 0.544546 
vt 0.0717239 0.611521 
vt 0.117333 0.51781 
vt 0.112007 0.458483 
vt 0.124686 0.568568 
vt 0.134041 0.483119 
vt 0.134024 0.459 
vt 0.154346 0.459873 
vt 0.152749 0.452096 
vt 0.165726 0.451703 
vt 0.161183 0.442563 
vt 0.135814 0.650348 
vt 0.10512 0.697239 
vt 0.157226 0.610895 
vt 0.128822 0.689614 
vt 0.132032 0.715283 
vt 0.127279 0.720133 
vt 0.147206 0.579138 
vt 0.175745 0.576352 
vt 0.185039 0.585191 
vt 0.197284 0.565228 
vt 0.216324 0.569556 
vt 0.210164 0.563224 
vt 0.201874 0.559833 
vt 0.0766394 0.00193298 
vt 0.101583 0.030555 
vt 0.0655762 0.0262982 
vt 0.0963759 0.00376946 
vt 0.0464844 0.0402563 
vt 0.0303468 0.0456662 
vt 0.00752291 0.0772079 
vt 0.0108292 0.0439765 
vt 0.504734 0.731518 
vt 0.575343 0.652697 
vt 0.581109 0.655367 
vt 0.617641 0.569802 
vt 0.634042 0.580568 
vt 0.672125 0.482962 
vt 0.643069 0.475362 
vt 0.694531 0.392886 
vt 0.648636 0.389666 
vt 0.706633 0.334844 
vt 0.641877 0.327369 
vt 0.720042 0.312432 
vt 0.629385 0.286963 
vt 0.735741 0.228737 
vt 0.737211 0.298758 
vt 0.60023 0.264307 
vt 0.558156 0.250963 
vt 0.504734 0.213995 
vt 0.515722 0.245581 
vt 0.504734 0.731518 
vt 0.581109 0.655367 
vt 0.575343 0.652697 
vt 0.617641 0.569802 
vt 0.634042 0.580568 
vt 0.672125 0.482962 
vt 0.643069 0.475362 
vt 0.694531 0.392886 
vt 0.648636 0.389666 
vt 0.706633 0.334844 
vt 0.641877 0.327369 
vt 0.720042 0.312432 
vt 0.629385 0.286963 
vt 0.735741 0.228737 
vt 0.737211 0.298758 
vt 0.60023 0.264307 
vt 0.558156 0.250963 
vt 0.504734 0.213995 
vt 0.515722 0.245581 
vt 0.226926 0.981478 
vt 0.201545 0.94753 
vt 0.183267 0.971787 
vt 0.231111 0.959491 
vt 0.267552 0.981141 
vt 0.178806 0.925165 
vt 0.263004 0.959227 
vt 0.304956 0.965284 
vt 0.292368 0.946778 
vt 0.314733 0.924039 
vt 0.333445 0.936319 
vt 0.326694 0.894473 
vt 0.348681 0.898657 
vt 0.348681 0.858788 
vt 0.32643 0.86258 
vt 0.332056 0.823185 
vt 0.313981 0.833216 
vt 0.303796 0.792541 
vt 0.291242 0.81085 
vt 0.264997 0.780828 
vt 0.261676 0.79889 
vt 0.229783 0.799154 
vt 0.226341 0.78002 
vt 0.200419 0.811603 
vt 0.187621 0.792788 
vt 0.178054 0.834341 
vt 0.151502 0.816597 
vt 0.137773 0.837137 
vt 0.166093 0.863908 
vt 0.14045 0.858677 
vt 0.14425 0.900441 
vt 0.166357 0.895801 
vt 0.141104 0.944026 
vt 0.145274 0.981999 
vt 0.137681 0.974012 
vt 0.139674 0.980116 
vt 0.992863 0.38917 
vt 0.983172 0.34551 
vt 0.958915 0.363788 
vt 0.970876 0.393354 
vt 0.992526 0.429795 
vt 0.93655 0.341049 
vt 0.970612 0.425247 
vt 0.976669 0.4672 
vt 0.958163 0.454612 
vt 0.935424 0.476977 
vt 0.947704 0.495688 
vt 0.905858 0.488937 
vt 0.910042 0.510924 
vt 0.870173 0.510924 
vt 0.873965 0.488673 
vt 0.83457 0.4943 
vt 0.844601 0.476224 
vt 0.803927 0.46604 
vt 0.822236 0.453486 
vt 0.792213 0.42724 
vt 0.810275 0.423919 
vt 0.810539 0.392026 
vt 0.791405 0.388585 
vt 0.822988 0.362662 
vt 0.804173 0.349864 
vt 0.845727 0.340297 
vt 0.827982 0.313746 
vt 0.848523 0.300016 
vt 0.875293 0.328336 
vt 0.870062 0.302693 
vt 0.911826 0.306493 
vt 0.907186 0.328601 
vt 0.955411 0.303348 
vt 0.993385 0.307518 
vt 0.985397 0.299925 
vt 0.991501 0.301918 
vt 0.366512 0.0463655 
vt 0.350819 0.0210099 
vt 0.377645 0.0174632 
vt 0.403391 0.0221131 
vt 0.397359 0.0107991 
vt 0.404185 0.0292907 
vt 0.38624 0.00276661 
vt 0.400128 0.0484287 
vt 0.365154 0.00165874 
vt 0.342558 0.00861955 
vt 0.324176 0.0307851 
vt 0.395694 0.0781492 
vt 0.336816 0.0483939 
vt 0.319835 0.0570993 
vt 0.332141 0.0907002 
vt 0.367278 0.0888044 
vt 0.398777 0.109749 
vt 0.353834 0.0955647 
vt 0.362724 0.12466 
vt 0.404185 0.131566 
vt 0.395537 0.143742 
vt 0.403307 0.14078 
vt 0.316662 0.510075 
vt 0.332355 0.484719 
vt 0.343489 0.513621 
vt 0.363202 0.520285 
vt 0.369235 0.508971 
vt 0.352083 0.528318 
vt 0.370029 0.501794 
vt 0.330998 0.529426 
vt 0.365972 0.482656 
vt 0.308401 0.522465 
vt 0.361538 0.452935 
vt 0.290019 0.500299 
vt 0.302659 0.482691 
vt 0.285679 0.473985 
vt 0.297984 0.440384 
vt 0.333122 0.44228 
vt 0.364621 0.421336 
vt 0.319677 0.43552 
vt 0.328567 0.406425 
vt 0.370029 0.399518 
vt 0.36138 0.387343 
vt 0.36915 0.390304 
vt 0.465395 0.593872 
vt 0.476397 0.617345 
vt 0.46237 0.61865 
vt 0.478675 0.593896 
vt 0.468609 0.587222 
vt 0.482791 0.581129 
vt 0.501546 0.590629 
vt 0.480483 0.640312 
vt 0.469147 0.647623 
vt 0.486676 0.666661 
vt 0.505807 0.621672 
vt 0.533343 0.595393 
vt 0.502584 0.654908 
vt 0.513395 0.671744 
vt 0.544085 0.66182 
vt 0.534954 0.625581 
vt 0.564178 0.588966 
vt 0.544632 0.642938 
vt 0.57106 0.639199 
vt 0.580607 0.605082 
vt 0.592234 0.581129 
vt 0.589838 0.614121 
vt 0.596316 0.590477 
vt 0.596269 0.601382 
vt 0.341169 0.672513 
vt 0.330144 0.695986 
vt 0.327139 0.671196 
vt 0.343429 0.695972 
vt 0.333354 0.70264 
vt 0.347536 0.708747 
vt 0.366306 0.699259 
vt 0.345278 0.64954 
vt 0.333943 0.642216 
vt 0.351492 0.623185 
vt 0.37059 0.668211 
vt 0.398116 0.694514 
vt 0.367411 0.634955 
vt 0.378219 0.618091 
vt 0.404275 0.627189 
vt 0.399731 0.664335 
vt 0.428965 0.700926 
vt 0.409402 0.647007 
vt 0.435816 0.650672 
vt 0.445387 0.684794 
vt 0.457036 0.708747 
vt 0.454616 0.675746 
vt 0.461113 0.699393 
vt 0.461058 0.688484 
vt 0.536095 0.704159 
vt 0.548778 0.711743 
vt 0.516838 0.722979 
vt 0.574968 0.694754 
vt 0.580517 0.701035 
vt 0.561956 0.680027 
vt 0.61347 0.695538 
vt 0.593821 0.656113 
vt 0.615964 0.668663 
vt 0.642803 0.703278 
vt 0.63241 0.639536 
vt 0.675977 0.657023 
vt 0.665569 0.636296 
vt 0.694863 0.645039 
vt 0.661942 0.685658 
vt 0.692488 0.674016 
vt 0.708747 0.666958 
vt 0.707723 0.698983 
vt 0.690127 0.696518 
vt 0.680483 0.713223 
vt 0.674329 0.719381 
vt 0.696813 0.717959 
vt 0.685253 0.722979 
vt 0.146998 0.347568 
vt 0.128326 0.367182 
vt 0.139193 0.334904 
vt 0.155893 0.308405 
vt 0.167277 0.324506 
vt 0.149565 0.302888 
vt 0.185327 0.299968 
vt 0.155086 0.269865 
vt 0.18191 0.267505 
vt 0.207641 0.255465 
vt 0.147644 0.24039 
vt 0.194397 0.207857 
vt 0.214901 0.213229 
vt 0.204821 0.186462 
vt 0.165522 0.221424 
vt 0.175673 0.189731 
vt 0.180931 0.172455 
vt 0.1525 0.175239 
vt 0.154958 0.192957 
vt 0.138077 0.202513 
vt 0.131847 0.20863 
vt 0.133421 0.186111 
vt 0.128326 0.197662 
vt 0.301214 0.782243 
vt 0.282236 0.780059 
vt 0.2784 0.770793 
vt 0.305995 0.777613 
vt 0.275104 0.756095 
vt 0.294242 0.760807 
vt 0.278266 0.748081 
vt 0.295631 0.749083 
vt 0.275897 0.739706 
vt 0.324082 0.764931 
vt 0.325648 0.779824 
vt 0.356783 0.783679 
vt 0.295759 0.737172 
vt 0.280817 0.724954 
vt 0.361295 0.76921 
vt 0.3881 0.784494 
vt 0.324403 0.751229 
vt 0.326306 0.73756 
vt 0.310108 0.721877 
vt 0.30586 0.716446 
vt 0.330413 0.72292 
vt 0.286071 0.715989 
vt 0.299505 0.705663 
vt 0.288922 0.705276 
vt 0.36219 0.724764 
vt 0.363982 0.739939 
vt 0.393299 0.729955 
vt 0.359615 0.754322 
vt 0.39364 0.74415 
vt 0.412763 0.734823 
vt 0.392733 0.757434 
vt 0.39113 0.770648 
vt 0.408165 0.783487 
vt 0.414298 0.748104 
vt 0.413442 0.759396 
vt 0.420219 0.732923 
vt 0.412191 0.770676 
vt 0.415231 0.786841 
vt 0.426946 0.793354 
vt 0.416044 0.793081 
vt 0.433456 0.787094 
vt 0.423153 0.767614 
vt 0.432763 0.728728 
vt 0.422139 0.727017 
vt 0.437944 0.735979 
vt 0.424468 0.753094 
vt 0.422314 0.760211 
vt 0.423051 0.760279 
vt 0.430102 0.760916 
vt 0.438489 0.751438 
vt 0.444942 0.741262 
vt 0.43674 0.771767 
vt 0.441525 0.783086 
vt 0.449068 0.76247 
vt 0.473752 0.776611 
vt 0.471001 0.783938 
vt 0.496202 0.788024 
vt 0.474398 0.764196 
vt 0.474945 0.752132 
vt 0.473136 0.744989 
vt 0.49638 0.742683 
vt 0.499485 0.77953 
vt 0.526328 0.78937 
vt 0.498565 0.764747 
vt 0.499453 0.750549 
vt 0.524099 0.739761 
vt 0.524845 0.764036 
vt 0.551256 0.762472 
vt 0.557277 0.792166 
vt 0.552633 0.733342 
vt 0.587013 0.799831 
vt 0.578913 0.720769 
vt 0.580997 0.7599 
vt 0.611865 0.794325 
vt 0.60295 0.720676 
vt 0.613178 0.756419 
vt 0.638036 0.788335 
vt 0.629326 0.719919 
vt 0.646981 0.771921 
vt 0.641995 0.733311 
vt 0.650397 0.751815 
vt 0.586353 0.576368 
vt 0.55655 0.58267 
vt 0.542291 0.499542 
vt 0.510348 0.586353 
vt 0.476608 0.576995 
vt 0.44978 0.546928 
vt 0.425695 0.489079 
vt 0.514257 0.418531 
vt 0.406588 0.405355 
vt 0.496952 0.336217 
vt 0.403752 0.307592 
vt 0.497391 0.240411 
vt 0.420139 0.215984 
vt 0.514595 0.145169 
vt 0.464473 0.119896 
vt 0.546066 0.0672737 
vt 0.523603 0.0512834 
vt 0.586353 0.0013501 
vt 0.586353 0.576368 
vt 0.542291 0.499542 
vt 0.55655 0.58267 
vt 0.510348 0.586353 
vt 0.476608 0.576995 
vt 0.44978 0.546928 
vt 0.425695 0.489079 
vt 0.514257 0.418531 
vt 0.406588 0.405355 
vt 0.496952 0.336217 
vt 0.403752 0.307592 
vt 0.497391 0.240411 
vt 0.420139 0.215984 
vt 0.514595 0.145169 
vt 0.464473 0.119896 
vt 0.546066 0.0672737 
vt 0.523603 0.0512834 
vt 0.586353 0.0013501 
vt 0.16593 0.797626 
vt 0.157353 0.799831 
vt 0.142616 0.781565 
vt 0.177881 0.783893 
vt 0.174785 0.79847 
vt 0.169427 0.775322 
vt 0.146946 0.758681 
vt 0.134392 0.761806 
vt 0.131526 0.739408 
vt 0.189219 0.764761 
vt 0.194994 0.776231 
vt 0.16512 0.754504 
vt 0.160626 0.732216 
vt 0.145834 0.711632 
vt 0.135508 0.713816 
vt 0.165533 0.719404 
vt 0.154523 0.706015 
vt 0.185086 0.735482 
vt 0.18807 0.721146 
vt 0.187593 0.750443 
vt 0.221325 0.732107 
vt 0.221825 0.720742 
vt 0.2531 0.722855 
vt 0.222661 0.76203 
vt 0.223876 0.772117 
vt 0.252192 0.770439 
vt 0.254252 0.733818 
vt 0.221961 0.747427 
vt 0.253742 0.760192 
vt 0.255807 0.747188 
vt 0.272345 0.747801 
vt 0.877791 0.0584994 
vt 0.890422 0.00891453 
vt 0.838657 0.00187439 
vt 0.896168 0.0616476 
vt 0.836227 0.0561129 
vt 0.91878 0.0195134 
vt 0.783664 0.00336999 
vt 0.912828 0.0727144 
vt 0.791603 0.0547603 
vt 0.946136 0.0388414 
vt 0.744537 0.0138237 
vt 0.935455 0.103942 
vt 0.766736 0.0555796 
vt 0.978533 0.0809162 
vt 0.728619 0.0214743 
vt 0.948223 0.138382 
vt 0.765718 0.0563492 
vt 0.996605 0.12921 
vt 0.721274 0.0379418 
vt 0.949731 0.17274 
vt 0.765948 0.0576561 
vt 0.999078 0.17945 
vt 0.710918 0.0889466 
vt 0.941008 0.207009 
vt 0.765795 0.0947027 
vt 0.984528 0.231141 
vt 0.710918 0.146954 
vt 0.916836 0.233695 
vt 0.763839 0.140578 
vt 0.949573 0.277222 
vt 0.723801 0.198513 
vt 0.885778 0.247875 
vt 0.77082 0.178895 
vt 0.897102 0.297446 
vt 0.751323 0.244057 
vt 0.850748 0.248101 
vt 0.789147 0.211491 
vt 0.84278 0.297329 
vt 0.792203 0.278487 
vt 0.816843 0.23545 

usemtl Part1Mtl

f 1/1/1 2/2/2 3/3/3 
f 3/3/3 2/2/2 4/4/4 
f 4/4/4 5/5/5 3/3/3 
f 5/5/5 4/4/4 6/6/6 
f 5/5/5 6/6/6 7/7/7 
f 7/7/7 8/8/8 5/5/5 
f 8/8/8 7/7/7 9/9/9 
f 8/8/8 9/9/9 10/10/10 
f 11/11/11 12/12/12 13/13/13 
f 12/12/12 11/11/11 14/14/14 
f 15/15/15 13/13/13 12/12/12 
f 12/12/12 16/16/16 15/15/15 
f 17/17/17 18/18/18 19/19/19 
f 19/19/19 20/20/20 17/17/17 
f 21/21/21 20/20/20 19/19/19 
f 20/20/20 22/22/22 17/17/17 
f 21/21/21 23/23/23 20/20/20 
f 20/20/20 23/23/23 24/24/24 
f 24/24/24 23/23/23 25/25/25 
f 26/26/26 20/20/20 24/24/24 
f 22/22/22 20/20/20 27/27/27 
f 20/20/20 26/26/26 27/27/27 
f 28/28/28 22/22/22 27/27/27 
f 26/26/26 28/28/28 27/27/27 
f 28/28/28 29/29/29 22/22/22 
f 28/28/28 26/26/26 30/30/30 
f 31/31/31 29/29/29 28/28/28 
f 30/30/30 31/31/31 28/28/28 
f 29/29/29 31/31/31 32/32/32 
f 31/31/31 30/30/30 33/33/33 
f 34/34/34 35/35/35 36/36/36 
f 35/35/35 37/37/37 36/36/36 
f 38/38/38 34/34/34 36/36/36 
f 38/38/38 39/39/39 34/34/34 
f 34/34/34 39/39/39 40/40/40 
f 40/40/40 39/39/39 41/41/41 
f 42/42/42 43/43/43 44/44/44 
f 44/44/44 43/43/43 45/45/45 
f 46/46/46 42/42/42 44/44/44 
f 45/45/45 43/43/43 47/47/47 
f 42/42/42 46/46/46 48/48/48 
f 45/45/45 47/47/47 49/49/49 
f 50/50/50 48/48/48 46/46/46 
f 49/49/49 47/47/47 51/51/51 
f 48/48/48 50/50/50 52/52/52 
f 49/49/49 51/51/51 53/53/53 
f 54/54/54 52/52/52 50/50/50 
f 51/51/51 55/55/55 53/53/53 
f 54/54/54 56/56/56 52/52/52 
f 53/53/53 55/55/55 57/57/57 
f 58/58/58 56/56/56 54/54/54 
f 55/55/55 59/59/59 57/57/57 
f 60/60/60 56/56/56 58/58/58 
f 57/57/57 59/59/59 61/61/61 
f 62/62/62 60/60/60 58/58/58 
f 63/63/63 61/61/61 59/59/59 
f 64/64/64 60/60/60 62/62/62 
f 61/61/61 63/63/63 65/65/65 
f 66/66/66 64/64/64 62/62/62 
f 67/67/67 65/65/65 63/63/63 
f 66/66/66 68/68/68 64/64/64 
f 67/67/67 69/69/69 65/65/65 
f 68/68/68 66/66/66 70/70/70 
f 71/71/71 69/69/69 67/67/67 
f 68/68/68 70/70/70 72/72/72 
f 71/71/71 73/73/73 69/69/69 
f 72/72/72 70/70/70 73/73/73 
f 72/72/72 73/73/73 71/71/71 
f 74/74/74 75/75/75 76/76/76 
f 77/77/77 76/76/76 75/75/75 
f 77/77/77 78/78/78 76/76/76 
f 77/77/77 79/79/79 78/78/78 
f 80/80/80 78/78/78 79/79/79 
f 79/79/79 81/81/81 80/80/80 
f 81/81/81 79/79/79 82/82/82 
f 83/83/83 81/81/81 82/82/82 
f 84/84/84 81/81/81 83/83/83 
f 85/85/85 84/84/84 83/83/83 
f 84/84/84 85/85/85 86/86/86 
f 85/85/85 87/87/87 86/86/86 
f 87/87/87 85/85/85 88/88/88 
f 88/88/88 89/89/89 87/87/87 
f 87/87/87 89/89/89 90/90/90 
f 91/91/91 90/90/90 89/89/89 
f 92/92/92 93/93/93 94/94/94 
f 95/95/95 94/94/94 93/93/93 
f 95/95/95 93/93/93 96/96/96 
f 97/97/97 95/95/95 96/96/96 
f 98/98/98 97/97/97 96/96/96 
f 99/99/99 97/97/97 98/98/98 
f 97/97/97 99/99/99 100/100/100 
f 101/101/101 100/100/100 99/99/99 
f 99/99/99 102/102/102 101/101/101 
f 103/103/103 101/101/101 102/102/102 
f 102/102/102 104/104/104 103/103/103 
f 105/105/105 103/103/103 104/104/104 
f 103/103/103 105/105/105 106/106/106 
f 105/105/105 107/107/107 106/106/106 
f 107/107/107 105/105/105 108/108/108 
f 109/109/109 107/107/107 108/108/108 
f 110/110/110 111/111/111 112/112/112 
f 111/111/111 113/113/113 112/112/112 
f 114/114/114 115/115/115 110/110/110 
f 111/111/111 110/110/110 116/116/116 
f 116/116/116 110/110/110 115/115/115 
f 115/115/115 117/117/117 116/116/116 
f 117/117/117 115/115/115 118/118/118 
f 119/119/119 117/117/117 118/118/118 
f 120/120/120 116/116/116 117/117/117 
f 116/116/116 120/120/120 111/111/111 
f 121/121/121 117/117/117 119/119/119 
f 121/121/121 119/119/119 122/122/122 
f 117/117/117 123/123/123 120/120/120 
f 123/123/123 117/117/117 121/121/121 
f 120/120/120 124/124/124 111/111/111 
f 113/113/113 111/111/111 124/124/124 
f 125/125/125 113/113/113 124/124/124 
f 125/125/125 126/126/126 113/113/113 
f 124/124/124 120/120/120 127/127/127 
f 127/127/127 125/125/125 124/124/124 
f 123/123/123 127/127/127 120/120/120 
f 125/125/125 127/127/127 128/128/128 
f 129/129/129 128/128/128 127/127/127 
f 127/127/127 130/130/130 129/129/129 
f 127/127/127 123/123/123 130/130/130 
f 131/131/131 129/129/129 130/130/130 
f 130/130/130 123/123/123 132/132/132 
f 131/131/131 130/130/130 132/132/132 
f 133/133/133 131/131/131 132/132/132 
f 131/131/131 133/133/133 134/134/134 
f 134/134/134 133/133/133 135/135/135 
f 136/136/136 133/133/133 132/132/132 
f 123/123/123 136/136/136 132/132/132 
f 137/137/137 135/135/135 133/133/133 
f 133/133/133 136/136/136 137/137/137 
f 135/135/135 137/137/137 138/138/138 
f 137/137/137 139/139/139 138/138/138 
f 139/139/139 137/137/137 140/140/140 
f 136/136/136 140/140/140 137/137/137 
f 141/141/141 139/139/139 140/140/140 
f 140/140/140 122/122/122 141/141/141 
f 140/140/140 136/136/136 142/142/142 
f 122/122/122 140/140/140 142/142/142 
f 123/123/123 142/142/142 136/136/136 
f 121/121/121 122/122/122 142/142/142 
f 121/121/121 142/142/142 123/123/123 
f 143/143/143 144/144/144 145/145/145 
f 144/144/144 143/143/143 146/146/146 
f 146/146/146 147/147/147 144/144/144 
f 148/148/148 149/149/149 150/150/150 
f 150/150/150 151/151/151 148/148/148 
f 152/152/152 151/151/151 150/150/150 
f 153/153/153 154/154/154 155/155/155 
f 154/154/154 153/153/153 156/156/156 
f 153/153/153 157/157/157 156/156/156 
f 157/157/157 153/153/153 158/158/158 
f 155/155/155 159/159/159 153/153/153 
f 159/159/159 158/158/158 153/153/153 
f 159/159/159 155/155/155 160/160/160 
f 159/159/159 161/161/161 158/158/158 
f 160/160/160 162/162/162 159/159/159 
f 162/162/162 161/161/161 159/159/159 
f 162/162/162 160/160/160 163/163/163 
f 162/162/162 164/164/164 161/161/161 
f 165/165/165 162/162/162 163/163/163 
f 162/162/162 166/166/166 164/164/164 
f 162/162/162 165/165/165 167/167/167 
f 166/166/166 162/162/162 167/167/167 
f 168/168/168 167/167/167 165/165/165 
f 167/167/167 169/169/169 166/166/166 
f 167/167/167 168/168/168 170/170/170 
f 169/169/169 167/167/167 170/170/170 
f 170/170/170 168/168/168 171/171/171 
f 171/171/171 169/169/169 170/170/170 
f 168/168/168 172/172/172 171/171/171 
f 169/169/169 171/171/171 173/173/173 
f 174/174/174 175/175/175 176/176/176 
f 175/175/175 174/174/174 177/177/177 
f 178/178/178 174/174/174 176/176/176 
f 176/176/176 179/179/179 178/178/178 
f 179/179/179 180/180/180 178/178/178 
f 180/180/180 179/179/179 181/181/181 
f 181/181/181 182/182/182 180/180/180 
f 183/183/183 184/184/184 185/185/185 
f 184/184/184 183/183/183 186/186/186 
f 187/187/187 185/185/185 184/184/184 
f 185/185/185 187/187/187 188/188/188 
f 189/189/189 188/188/188 187/187/187 
f 188/188/188 189/189/189 190/190/190 
f 190/190/190 189/189/189 191/191/191 
f 192/192/192 193/193/193 194/194/194 
f 193/193/193 195/195/195 194/194/194 
f 193/193/193 192/192/192 196/196/196 
f 197/197/197 196/196/196 192/192/192 
f 196/196/196 197/197/197 198/198/198 
f 195/195/195 193/193/193 199/199/199 
f 199/199/199 200/200/200 195/195/195 
f 200/200/200 199/199/199 201/201/201 
f 202/202/202 203/203/203 204/204/204 
f 203/203/203 202/202/202 205/205/205 
f 204/204/204 206/206/206 202/202/202 
f 207/207/207 204/204/204 203/203/203 
f 206/206/206 204/204/204 208/208/208 
f 208/208/208 209/209/209 206/206/206 
f 204/204/204 207/207/207 210/210/210 
f 210/210/210 208/208/208 204/204/204 
f 210/210/210 207/207/207 211/211/211 
f 211/211/211 207/207/207 212/212/212 
f 212/212/212 213/213/213 211/211/211 
f 213/213/213 212/212/212 214/214/214 
f 215/215/215 211/211/211 213/213/213 
f 211/211/211 215/215/215 216/216/216 
f 216/216/216 210/210/210 211/211/211 
f 217/217/217 216/216/216 215/215/215 
f 208/208/208 210/210/210 218/218/218 
f 218/218/218 210/210/210 216/216/216 
f 216/216/216 217/217/217 219/219/219 
f 219/219/219 218/218/218 216/216/216 
f 220/220/220 219/219/219 217/217/217 
f 218/218/218 221/221/221 208/208/208 
f 209/209/209 208/208/208 221/221/221 
f 221/221/221 222/222/222 209/209/209 
f 221/221/221 218/218/218 223/223/223 
f 223/223/223 218/218/218 219/219/219 
f 222/222/222 221/221/221 224/224/224 
f 223/223/223 224/224/224 221/221/221 
f 224/224/224 225/225/225 222/222/222 
f 222/222/222 225/225/225 226/226/226 
f 224/224/224 227/227/227 225/225/225 
f 224/224/224 223/223/223 228/228/228 
f 227/227/227 224/224/224 228/228/228 
f 229/229/229 223/223/223 219/219/219 
f 228/228/228 223/223/223 229/229/229 
f 229/229/229 227/227/227 228/228/228 
f 219/219/219 220/220/220 229/229/229 
f 227/227/227 229/229/229 230/230/230 
f 229/229/229 220/220/220 230/230/230 
f 220/220/220 231/231/231 230/230/230 
f 232/232/232 233/233/233 234/234/234 
f 233/233/233 232/232/232 235/235/235 
f 236/236/236 235/235/235 232/232/232 
f 235/235/235 236/236/236 237/237/237 
f 238/238/238 236/236/236 232/232/232 
f 239/239/239 238/238/238 232/232/232 
f 234/234/234 239/239/239 232/232/232 
f 240/240/240 238/238/238 239/239/239 
f 241/241/241 234/234/234 233/233/233 
f 241/241/241 233/233/233 242/242/242 
f 242/242/242 243/243/243 241/241/241 
f 243/243/243 242/242/242 244/244/244 
f 243/243/243 245/245/245 241/241/241 
f 246/246/246 241/241/241 245/245/245 
f 246/246/246 234/234/234 241/241/241 
f 245/245/245 247/247/247 246/246/246 
f 246/246/246 248/248/248 234/234/234 
f 239/239/239 234/234/234 248/248/248 
f 249/249/249 246/246/246 247/247/247 
f 249/249/249 248/248/248 246/246/246 
f 250/250/250 249/249/249 247/247/247 
f 248/248/248 251/251/251 239/239/239 
f 251/251/251 240/240/240 239/239/239 
f 252/252/252 240/240/240 251/251/251 
f 251/251/251 248/248/248 253/253/253 
f 249/249/249 253/253/253 248/248/248 
f 251/251/251 254/254/254 252/252/252 
f 253/253/253 254/254/254 251/251/251 
f 255/255/255 253/253/253 249/249/249 
f 249/249/249 250/250/250 255/255/255 
f 254/254/254 253/253/253 256/256/256 
f 256/256/256 253/253/253 255/255/255 
f 257/257/257 252/252/252 254/254/254 
f 258/258/258 254/254/254 256/256/256 
f 255/255/255 258/258/258 256/256/256 
f 254/254/254 258/258/258 257/257/257 
f 252/252/252 257/257/257 259/259/259 
f 250/250/250 260/260/260 255/255/255 
f 258/258/258 255/255/255 260/260/260 
f 260/260/260 250/250/250 261/261/261 
f 262/262/262 257/257/257 258/258/258 
f 260/260/260 262/262/262 258/258/258 
f 263/263/263 259/259/259 257/257/257 
f 257/257/257 262/262/262 263/263/263 
f 259/259/259 263/263/263 264/264/264 
f 265/265/265 264/264/264 263/263/263 
f 266/266/266 265/265/265 263/263/263 
f 266/266/266 263/263/263 262/262/262 
f 267/267/267 266/266/266 262/262/262 
f 267/267/267 262/262/262 268/268/268 
f 262/262/262 260/260/260 269/269/269 
f 268/268/268 262/262/262 269/269/269 
f 261/261/261 269/269/269 260/260/260 
f 268/268/268 269/269/269 270/270/270 
f 269/269/269 261/261/261 271/271/271 
f 270/270/270 269/269/269 271/271/271 
f 272/272/272 273/273/273 274/274/274 
f 273/273/273 272/272/272 275/275/275 
f 276/276/276 277/277/277 278/278/278 
f 277/277/277 276/276/276 279/279/279 
f 280/280/280 281/281/281 282/282/282 
f 283/283/283 280/280/280 282/282/282 
f 281/281/281 280/280/280 284/284/284 
f 284/284/284 285/285/285 281/281/281 
f 284/284/284 286/286/286 285/285/285 
f 284/284/284 287/287/287 286/286/286 
f 280/280/280 283/283/283 288/288/288 
f 289/289/289 288/288/288 283/283/283 
f 288/288/288 289/289/289 290/290/290 
f 291/291/291 288/288/288 290/290/290 
f 287/287/287 284/284/284 292/292/292 
f 292/292/292 293/293/293 287/287/287 
f 293/293/293 292/292/292 294/294/294 
f 284/284/284 295/295/295 292/292/292 
f 294/294/294 292/292/292 295/295/295 
f 295/295/295 284/284/284 280/280/280 
f 288/288/288 295/295/295 280/280/280 
f 296/296/296 294/294/294 295/295/295 
f 296/296/296 295/295/295 297/297/297 
f 295/295/295 288/288/288 298/298/298 
f 297/297/297 295/295/295 298/298/298 
f 288/288/288 291/291/291 298/298/298 
f 298/298/298 299/299/299 297/297/297 
f 299/299/299 298/298/298 291/291/291 
f 300/300/300 301/301/301 302/302/302 
f 303/303/303 302/302/302 301/301/301 
f 301/301/301 300/300/300 304/304/304 
f 304/304/304 300/300/300 305/305/305 
f 302/302/302 306/306/306 300/300/300 
f 307/307/307 306/306/306 302/302/302 
f 308/308/308 307/307/307 302/302/302 
f 308/308/308 309/309/309 307/307/307 
f 310/310/310 309/309/309 308/308/308 
f 311/311/311 309/309/309 310/310/310 
f 309/309/309 311/311/311 312/312/312 
f 313/313/313 312/312/312 311/311/311 
f 312/312/312 313/313/313 314/314/314 
f 315/315/315 314/314/314 313/313/313 
f 316/316/316 314/314/314 315/315/315 
f 316/316/316 317/317/317 314/314/314 
f 317/317/317 316/316/316 318/318/318 
f 318/318/318 319/319/319 317/317/317 
f 319/319/319 318/318/318 320/320/320 
f 321/321/321 319/319/319 320/320/320 
f 319/319/319 321/321/321 322/322/322 
f 320/320/320 323/323/323 321/321/321 
f 322/322/322 321/321/321 324/324/324 
f 320/320/320 325/325/325 323/323/323 
f 326/326/326 322/322/322 324/324/324 
f 327/327/327 326/326/326 324/324/324 
f 326/326/326 327/327/327 328/328/328 
f 323/323/323 325/325/325 329/329/329 
f 329/329/329 325/325/325 330/330/330 
f 331/331/331 330/330/330 325/325/325 
f 329/329/329 330/330/330 332/332/332 
f 329/329/329 332/332/332 333/333/333 
f 330/330/330 331/331/331 334/334/334 
f 335/335/335 333/333/333 332/332/332 
f 333/333/333 335/335/335 336/336/336 
f 337/337/337 336/336/336 335/335/335 
f 336/336/336 337/337/337 338/338/338 
f 339/339/339 338/338/338 337/337/337 
f 338/338/338 339/339/339 340/340/340 
f 339/339/339 341/341/341 340/340/340 
f 341/341/341 342/342/342 340/340/340 
f 331/331/331 343/343/343 334/334/334 
f 344/344/344 343/343/343 331/331/331 
f 345/345/345 334/334/334 343/343/343 
f 343/343/343 344/344/344 346/346/346 
f 344/344/344 347/347/347 346/346/346 
f 347/347/347 344/344/344 348/348/348 
f 334/334/334 345/345/345 349/349/349 
f 349/349/349 345/345/345 350/350/350 
f 350/350/350 345/345/345 351/351/351 
f 350/350/350 351/351/351 352/352/352 
f 351/351/351 353/353/353 352/352/352 
f 353/353/353 354/354/354 352/352/352 
f 354/354/354 355/355/355 352/352/352 
f 356/356/356 357/357/357 358/358/358 
f 357/357/357 356/356/356 359/359/359 
f 359/359/359 360/360/360 357/357/357 
f 360/360/360 359/359/359 361/361/361 
f 360/360/360 361/361/361 362/362/362 
f 362/362/362 361/361/361 363/363/363 
f 310/310/310 360/360/360 362/362/362 
f 310/310/310 308/308/308 360/360/360 
f 363/363/363 364/364/364 362/362/362 
f 364/364/364 363/363/363 365/365/365 
f 366/366/366 367/367/367 368/368/368 
f 368/368/368 369/369/369 366/366/366 
f 367/367/367 366/366/366 370/370/370 
f 371/371/371 367/367/367 370/370/370 
f 370/370/370 366/366/366 372/372/372 
f 373/373/373 370/370/370 372/372/372 
f 373/373/373 374/374/374 370/370/370 
f 375/375/375 374/374/374 373/373/373 
f 376/376/376 374/374/374 375/375/375 
f 375/375/375 377/377/377 376/376/376 
f 377/377/377 375/375/375 378/378/378 
f 374/374/374 376/376/376 379/379/379 
f 378/378/378 380/380/380 377/377/377 
f 380/380/380 378/378/378 381/381/381 
f 382/382/382 380/380/380 381/381/381 
f 383/383/383 382/382/382 381/381/381 
f 384/384/384 383/383/383 381/381/381 
f 383/383/383 384/384/384 385/385/385 
f 386/386/386 379/379/379 376/376/376 
f 387/387/387 385/385/385 384/384/384 
f 388/388/388 387/387/387 384/384/384 
f 389/389/389 387/387/387 388/388/388 
f 389/389/389 388/388/388 390/390/390 
f 387/387/387 389/389/389 391/391/391 
f 392/392/392 389/389/389 390/390/390 
f 387/387/387 391/391/391 393/393/393 
f 394/394/394 392/392/392 390/390/390 
f 394/394/394 395/395/395 392/392/392 
f 395/395/395 394/394/394 396/396/396 
f 393/393/393 391/391/391 397/397/397 
f 397/397/397 398/398/398 393/393/393 
f 398/398/398 399/399/399 393/393/393 
f 397/397/397 400/400/400 398/398/398 
f 400/400/400 397/397/397 401/401/401 
f 399/399/399 398/398/398 402/402/402 
f 401/401/401 403/403/403 400/400/400 
f 403/403/403 401/401/401 404/404/404 
f 404/404/404 405/405/405 403/403/403 
f 405/405/405 404/404/404 406/406/406 
f 406/406/406 407/407/407 405/405/405 
f 407/407/407 406/406/406 408/408/408 
f 399/399/399 402/402/402 409/409/409 
f 409/409/409 410/410/410 399/399/399 
f 402/402/402 411/411/411 409/409/409 
f 410/410/410 409/409/409 412/412/412 
f 410/410/410 412/412/412 413/413/413 
f 414/414/414 410/410/410 413/413/413 
f 411/411/411 402/402/402 415/415/415 
f 411/411/411 415/415/415 416/416/416 
f 417/417/417 411/411/411 416/416/416 
f 416/416/416 418/418/418 417/417/417 
f 418/418/418 419/419/419 417/417/417 
f 419/419/419 418/418/418 420/420/420 
f 420/420/420 418/418/418 421/421/421 
f 422/422/422 423/423/423 424/424/424 
f 423/423/423 422/422/422 425/425/425 
f 379/379/379 424/424/424 423/423/423 
f 424/424/424 379/379/379 426/426/426 
f 379/379/379 386/386/386 426/426/426 
f 426/426/426 386/386/386 427/427/427 
f 428/428/428 427/427/427 386/386/386 
f 427/427/427 428/428/428 429/429/429 
f 430/430/430 431/431/431 432/432/432 
f 433/433/433 432/432/432 431/431/431 
f 432/432/432 433/433/433 434/434/434 
f 433/433/433 435/435/435 434/434/434 
f 435/435/435 433/433/433 436/436/436 
f 436/436/436 437/437/437 435/435/435 
f 437/437/437 436/436/436 438/438/438 
f 438/438/438 439/439/439 437/437/437 
f 439/439/439 438/438/438 440/440/440 
f 440/440/440 441/441/441 439/439/439 
f 441/441/441 440/440/440 442/442/442 
f 443/443/443 441/441/441 442/442/442 
f 441/441/441 443/443/443 444/444/444 
f 442/442/442 445/445/445 443/443/443 
f 446/446/446 443/443/443 445/445/445 
f 447/447/447 443/443/443 446/446/446 
f 448/448/448 447/447/447 446/446/446 
f 449/449/449 450/450/450 451/451/451 
f 450/450/450 452/452/452 451/451/451 
f 452/452/452 450/450/450 453/453/453 
f 453/453/453 454/454/454 452/452/452 
f 452/452/452 454/454/454 455/455/455 
f 454/454/454 456/456/456 455/455/455 
f 456/456/456 457/457/457 455/455/455 
f 457/457/457 456/456/456 458/458/458 
f 458/458/458 459/459/459 457/457/457 
f 460/460/460 459/459/459 458/458/458 
f 460/460/460 461/461/461 459/459/459 
f 462/462/462 461/461/461 460/460/460 
f 460/460/460 463/463/463 462/462/462 
f 461/461/461 462/462/462 464/464/464 
f 462/462/462 465/465/465 464/464/464 
f 462/462/462 466/466/466 465/465/465 
f 467/467/467 465/465/465 466/466/466 
f 468/468/468 469/469/469 470/470/470 
f 469/469/469 468/468/468 471/471/471 
f 472/472/472 471/471/471 468/468/468 
f 473/473/473 470/470/470 469/469/469 
f 472/472/472 474/474/474 471/471/471 
f 474/474/474 472/472/472 475/475/475 
f 476/476/476 474/474/474 475/475/475 
f 475/475/475 477/477/477 476/476/476 
f 477/477/477 475/475/475 478/478/478 
f 478/478/478 479/479/479 477/477/477 
f 479/479/479 478/478/478 480/480/480 
f 481/481/481 479/479/479 480/480/480 
f 479/479/479 481/481/481 482/482/482 
f 483/483/483 482/482/482 481/481/481 
f 482/482/482 483/483/483 484/484/484 
f 484/484/484 483/483/483 485/485/485 
f 486/486/486 484/484/484 485/485/485 
f 485/485/485 487/487/487 486/486/486 
f 486/486/486 487/487/487 488/488/488 
f 487/487/487 489/489/489 488/488/488 
f 489/489/489 487/487/487 490/490/490 
f 490/490/490 491/491/491 489/489/489 
f 491/491/491 490/490/490 492/492/492 
f 492/492/492 493/493/493 491/491/491 
f 493/493/493 492/492/492 494/494/494 
f 493/493/493 494/494/494 495/495/495 
f 495/495/495 496/496/496 493/493/493 
f 496/496/496 495/495/495 497/497/497 
f 496/496/496 497/497/497 498/498/498 
f 499/499/499 496/496/496 498/498/498 
f 498/498/498 473/473/473 499/499/499 
f 473/473/473 498/498/498 500/500/500 
f 500/500/500 470/470/470 473/473/473 
f 500/500/500 501/501/501 470/470/470 
f 501/501/501 500/500/500 502/502/502 
f 503/503/503 501/501/501 502/502/502 
f 504/504/504 505/505/505 506/506/506 
f 504/504/504 506/506/506 507/507/507 
f 507/507/507 508/508/508 504/504/504 
f 509/509/509 506/506/506 505/505/505 
f 508/508/508 507/507/507 510/510/510 
f 510/510/510 511/511/511 508/508/508 
f 511/511/511 510/510/510 512/512/512 
f 513/513/513 511/511/511 512/512/512 
f 511/511/511 513/513/513 514/514/514 
f 515/515/515 514/514/514 513/513/513 
f 514/514/514 515/515/515 516/516/516 
f 517/517/517 516/516/516 515/515/515 
f 517/517/517 515/515/515 518/518/518 
f 519/519/519 517/517/517 518/518/518 
f 519/519/519 518/518/518 520/520/520 
f 520/520/520 521/521/521 519/519/519 
f 521/521/521 520/520/520 522/522/522 
f 522/522/522 523/523/523 521/521/521 
f 522/522/522 524/524/524 523/523/523 
f 525/525/525 523/523/523 524/524/524 
f 523/523/523 525/525/525 526/526/526 
f 527/527/527 526/526/526 525/525/525 
f 526/526/526 527/527/527 528/528/528 
f 529/529/529 528/528/528 527/527/527 
f 528/528/528 529/529/529 530/530/530 
f 529/529/529 531/531/531 530/530/530 
f 531/531/531 529/529/529 532/532/532 
f 532/532/532 533/533/533 531/531/531 
f 532/532/532 534/534/534 533/533/533 
f 534/534/534 532/532/532 535/535/535 
f 509/509/509 534/534/534 535/535/535 
f 534/534/534 509/509/509 536/536/536 
f 505/505/505 536/536/536 509/509/509 
f 536/536/536 505/505/505 537/537/537 
f 536/536/536 537/537/537 538/538/538 
f 539/539/539 538/538/538 537/537/537 
f 540/540/540 541/541/541 542/542/542 
f 543/543/543 542/542/542 544/544/544 
f 542/542/542 543/543/543 545/545/545 
f 544/544/544 542/542/542 546/546/546 
f 547/547/547 542/542/542 545/545/545 
f 542/542/542 547/547/547 540/540/540 
f 548/548/548 546/546/546 542/542/542 
f 541/541/541 548/548/548 542/542/542 
f 548/548/548 541/541/541 549/549/549 
f 550/550/550 549/549/549 541/541/541 
f 547/547/547 551/551/551 540/540/540 
f 541/541/541 552/552/552 550/550/550 
f 541/541/541 540/540/540 552/552/552 
f 553/553/553 550/550/550 552/552/552 
f 554/554/554 553/553/553 552/552/552 
f 555/555/555 540/540/540 551/551/551 
f 540/540/540 555/555/555 552/552/552 
f 551/551/551 556/556/556 555/555/555 
f 554/554/554 552/552/552 557/557/557 
f 557/557/557 552/552/552 555/555/555 
f 556/556/556 557/557/557 555/555/555 
f 558/558/558 554/554/554 557/557/557 
f 557/557/557 556/556/556 559/559/559 
f 559/559/559 558/558/558 557/557/557 
f 559/559/559 560/560/560 558/558/558 
f 560/560/560 559/559/559 561/561/561 
f 562/562/562 563/563/563 564/564/564 
f 565/565/565 564/564/564 566/566/566 
f 564/564/564 565/565/565 567/567/567 
f 566/566/566 564/564/564 568/568/568 
f 569/569/569 564/564/564 567/567/567 
f 569/569/569 562/562/562 564/564/564 
f 568/568/568 564/564/564 570/570/570 
f 564/564/564 563/563/563 570/570/570 
f 562/562/562 569/569/569 571/571/571 
f 570/570/570 563/563/563 572/572/572 
f 573/573/573 562/562/562 571/571/571 
f 562/562/562 573/573/573 574/574/574 
f 563/563/563 562/562/562 574/574/574 
f 575/575/575 574/574/574 573/573/573 
f 576/576/576 574/574/574 575/575/575 
f 577/577/577 572/572/572 563/563/563 
f 574/574/574 577/577/577 563/563/563 
f 572/572/572 577/577/577 578/578/578 
f 579/579/579 574/574/574 576/576/576 
f 577/577/577 574/574/574 579/579/579 
f 579/579/579 578/578/578 577/577/577 
f 580/580/580 579/579/579 576/576/576 
f 579/579/579 581/581/581 578/578/578 
f 580/580/580 581/581/581 579/579/579 
f 582/582/582 581/581/581 580/580/580 
f 581/581/581 582/582/582 583/583/583 
f 584/584/584 585/585/585 586/586/586 
f 585/585/585 584/584/584 587/587/587 
f 588/588/588 587/587/587 584/584/584 
f 587/587/587 588/588/588 589/589/589 
f 587/587/587 589/589/589 590/590/590 
f 585/585/585 587/587/587 590/590/590 
f 591/591/591 586/586/586 585/585/585 
f 586/586/586 591/591/591 592/592/592 
f 593/593/593 592/592/592 591/591/591 
f 594/594/594 585/585/585 590/590/590 
f 594/594/594 591/591/591 585/585/585 
f 594/594/594 590/590/590 595/595/595 
f 591/591/591 596/596/596 593/593/593 
f 591/591/591 594/594/594 596/596/596 
f 597/597/597 593/593/593 596/596/596 
f 598/598/598 597/597/597 596/596/596 
f 594/594/594 595/595/595 599/599/599 
f 599/599/599 596/596/596 594/594/594 
f 600/600/600 599/599/599 595/595/595 
f 598/598/598 596/596/596 601/601/601 
f 596/596/596 599/599/599 601/601/601 
f 602/602/602 598/598/598 601/601/601 
f 603/603/603 599/599/599 600/600/600 
f 599/599/599 603/603/603 601/601/601 
f 603/603/603 602/602/602 601/601/601 
f 604/604/604 603/603/603 600/600/600 
f 602/602/602 603/603/603 605/605/605 
f 603/603/603 604/604/604 606/606/606 
f 603/603/603 607/607/607 605/605/605 
f 607/607/607 603/603/603 606/606/606 
f 608/608/608 609/609/609 610/610/610 
f 609/609/609 608/608/608 611/611/611 
f 611/611/611 612/612/612 609/609/609 
f 612/612/612 611/611/611 613/613/613 
f 611/611/611 614/614/614 613/613/613 
f 608/608/608 614/614/614 611/611/611 
f 610/610/610 615/615/615 608/608/608 
f 615/615/615 610/610/610 616/616/616 
f 617/617/617 615/615/615 616/616/616 
f 618/618/618 614/614/614 608/608/608 
f 615/615/615 618/618/618 608/608/608 
f 618/618/618 619/619/619 614/614/614 
f 615/615/615 617/617/617 620/620/620 
f 618/618/618 615/615/615 620/620/620 
f 621/621/621 620/620/620 617/617/617 
f 622/622/622 620/620/620 621/621/621 
f 619/619/619 618/618/618 623/623/623 
f 620/620/620 623/623/623 618/618/618 
f 624/624/624 619/619/619 623/623/623 
f 625/625/625 620/620/620 622/622/622 
f 623/623/623 620/620/620 625/625/625 
f 626/626/626 625/625/625 622/622/622 
f 623/623/623 627/627/627 624/624/624 
f 627/627/627 623/623/623 625/625/625 
f 626/626/626 627/627/627 625/625/625 
f 628/628/628 624/624/624 627/627/627 
f 627/627/627 626/626/626 629/629/629 
f 628/628/628 627/627/627 630/630/630 
f 631/631/631 627/627/627 629/629/629 
f 627/627/627 631/631/631 630/630/630 
f 632/632/632 633/633/633 634/634/634 
f 632/632/632 635/635/635 633/633/633 
f 633/633/633 635/635/635 636/636/636 
f 635/635/635 632/632/632 637/637/637 
f 635/635/635 638/638/638 636/636/636 
f 639/639/639 635/635/635 637/637/637 
f 635/635/635 640/640/640 638/638/638 
f 635/635/635 639/639/639 640/640/640 
f 640/640/640 641/641/641 638/638/638 
f 639/639/639 642/642/642 640/640/640 
f 642/642/642 643/643/643 640/640/640 
f 642/642/642 644/644/644 643/643/643 
f 644/644/644 645/645/645 643/643/643 
f 640/640/640 643/643/643 646/646/646 
f 641/641/641 640/640/640 646/646/646 
f 647/647/647 643/643/643 645/645/645 
f 647/647/647 646/646/646 643/643/643 
f 647/647/647 645/645/645 648/648/648 
f 649/649/649 647/647/647 648/648/648 
f 646/646/646 647/647/647 650/650/650 
f 647/647/647 649/649/649 650/650/650 
f 646/646/646 651/651/651 641/641/641 
f 651/651/651 646/646/646 650/650/650 
f 650/650/650 649/649/649 651/651/651 
f 641/641/641 651/651/651 652/652/652 
f 653/653/653 651/651/651 649/649/649 
f 654/654/654 652/652/652 651/651/651 
f 651/651/651 653/653/653 654/654/654 
f 655/655/655 656/656/656 657/657/657 
f 658/658/658 655/655/655 657/657/657 
f 655/655/655 658/658/658 659/659/659 
f 657/657/657 660/660/660 658/658/658 
f 658/658/658 661/661/661 659/659/659 
f 660/660/660 662/662/662 658/658/658 
f 661/661/661 658/658/658 663/663/663 
f 662/662/662 663/663/663 658/658/658 
f 661/661/661 663/663/663 664/664/664 
f 665/665/665 663/663/663 662/662/662 
f 663/663/663 666/666/666 664/664/664 
f 664/664/664 666/666/666 667/667/667 
f 667/667/667 666/666/666 668/668/668 
f 663/663/663 669/669/669 666/666/666 
f 663/663/663 665/665/665 669/669/669 
f 670/670/670 668/668/668 666/666/666 
f 669/669/669 670/670/670 666/666/666 
f 668/668/668 670/670/670 671/671/671 
f 670/670/670 672/672/672 671/671/671 
f 670/670/670 669/669/669 673/673/673 
f 672/672/672 670/670/670 673/673/673 
f 674/674/674 669/669/669 665/665/665 
f 669/669/669 674/674/674 673/673/673 
f 673/673/673 674/674/674 672/672/672 
f 665/665/665 675/675/675 674/674/674 
f 674/674/674 676/676/676 672/672/672 
f 677/677/677 674/674/674 675/675/675 
f 676/676/676 674/674/674 677/677/677 
f 678/678/678 679/679/679 680/680/680 
f 680/680/680 681/681/681 678/678/678 
f 682/682/682 683/683/683 680/680/680 
f 681/681/681 680/680/680 683/683/683 
f 684/684/684 685/685/685 682/682/682 
f 685/685/685 684/684/684 686/686/686 
f 683/683/683 682/682/682 685/685/685 
f 687/687/687 681/681/681 683/683/683 
f 685/685/685 687/687/687 683/683/683 
f 681/681/681 687/687/687 688/688/688 
f 689/689/689 688/688/688 687/687/687 
f 690/690/690 685/685/685 686/686/686 
f 686/686/686 691/691/691 690/690/690 
f 687/687/687 692/692/692 689/689/689 
f 693/693/693 689/689/689 692/692/692 
f 687/687/687 685/685/685 694/694/694 
f 694/694/694 692/692/692 687/687/687 
f 695/695/695 685/685/685 690/690/690 
f 685/685/685 695/695/695 694/694/694 
f 696/696/696 690/690/690 691/691/691 
f 696/696/696 695/695/695 690/690/690 
f 696/696/696 691/691/691 697/697/697 
f 695/695/695 696/696/696 698/698/698 
f 697/697/697 691/691/691 699/699/699 
f 697/697/697 699/699/699 700/700/700 
f 700/700/700 699/699/699 701/701/701 
f 702/702/702 695/695/695 698/698/698 
f 703/703/703 695/695/695 702/702/702 
f 703/703/703 694/694/694 695/695/695 
f 702/702/702 704/704/704 703/703/703 
f 694/694/694 703/703/703 705/705/705 
f 692/692/692 694/694/694 705/705/705 
f 706/706/706 703/703/703 704/704/704 
f 707/707/707 706/706/706 704/704/704 
f 708/708/708 705/705/705 703/703/703 
f 708/708/708 692/692/692 705/705/705 
f 703/703/703 706/706/706 708/708/708 
f 692/692/692 708/708/708 709/709/709 
f 692/692/692 709/709/709 693/693/693 
f 710/710/710 693/693/693 709/709/709 
f 711/711/711 706/706/706 707/707/707 
f 712/712/712 708/708/708 706/706/706 
f 706/706/706 711/711/711 712/712/712 
f 712/712/712 709/709/709 708/708/708 
f 713/713/713 711/711/711 707/707/707 
f 714/714/714 710/710/710 709/709/709 
f 714/714/714 709/709/709 712/712/712 
f 714/714/714 715/715/715 710/710/710 
f 716/716/716 717/717/717 715/715/715 
f 715/715/715 718/718/718 716/716/716 
f 715/715/715 714/714/714 719/719/719 
f 718/718/718 715/715/715 719/719/719 
f 712/712/712 719/719/719 714/714/714 
f 720/720/720 713/713/713 721/721/721 
f 722/722/722 713/713/713 720/720/720 
f 711/711/711 713/713/713 723/723/723 
f 713/713/713 722/722/722 723/723/723 
f 723/723/723 712/712/712 711/711/711 
f 719/719/719 712/712/712 724/724/724 
f 712/712/712 723/723/723 724/724/724 
f 725/725/725 719/719/719 724/724/724 
f 725/725/725 724/724/724 723/723/723 
f 726/726/726 719/719/719 725/725/725 
f 726/726/726 725/725/725 723/723/723 
f 723/723/723 722/722/722 727/727/727 
f 723/723/723 727/727/727 726/726/726 
f 722/722/722 728/728/728 727/727/727 
f 726/726/726 729/729/729 719/719/719 
f 719/719/719 729/729/729 718/718/718 
f 718/718/718 729/729/729 730/730/730 
f 726/726/726 731/731/731 729/729/729 
f 731/731/731 726/726/726 727/727/727 
f 729/729/729 732/732/732 730/730/730 
f 731/731/731 732/732/732 729/729/729 
f 730/730/730 732/732/732 733/733/733 
f 732/732/732 734/734/734 733/733/733 
f 732/732/732 731/731/731 735/735/735 
f 736/736/736 731/731/731 727/727/727 
f 736/736/736 727/727/727 728/728/728 
f 731/731/731 736/736/736 735/735/735 
f 736/736/736 728/728/728 737/737/737 
f 738/738/738 736/736/736 737/737/737 
f 734/734/734 732/732/732 739/739/739 
f 740/740/740 734/734/734 739/739/739 
f 741/741/741 732/732/732 735/735/735 
f 741/741/741 735/735/735 736/736/736 
f 739/739/739 732/732/732 741/741/741 
f 736/736/736 738/738/738 742/742/742 
f 736/736/736 742/742/742 741/741/741 
f 743/743/743 742/742/742 738/738/738 
f 744/744/744 739/739/739 741/741/741 
f 742/742/742 744/744/744 741/741/741 
f 740/740/740 739/739/739 744/744/744 
f 742/742/742 743/743/743 744/744/744 
f 745/745/745 740/740/740 744/744/744 
f 745/745/745 744/744/744 743/743/743 
f 746/746/746 740/740/740 745/745/745 
f 745/745/745 743/743/743 747/747/747 
f 745/745/745 748/748/748 746/746/746 
f 749/749/749 745/745/745 747/747/747 
f 748/748/748 745/745/745 750/750/750 
f 745/745/745 749/749/749 750/750/750 
f 750/750/750 751/751/751 748/748/748 
f 750/750/750 749/749/749 752/752/752 
f 751/751/751 750/750/750 753/753/753 
f 750/750/750 752/752/752 753/753/753 
f 753/753/753 754/754/754 751/751/751 
f 753/753/753 752/752/752 755/755/755 
f 753/753/753 756/756/756 754/754/754 
f 753/753/753 755/755/755 757/757/757 
f 756/756/756 753/753/753 758/758/758 
f 757/757/757 758/758/758 753/753/753 
f 759/759/759 760/760/760 761/761/761 
f 760/760/760 762/762/762 761/761/761 
f 762/762/762 763/763/763 761/761/761 
f 763/763/763 764/764/764 761/761/761 
f 765/765/765 761/761/761 764/764/764 
f 761/761/761 765/765/765 766/766/766 
f 765/765/765 767/767/767 766/766/766 
f 767/767/767 768/768/768 766/766/766 
f 768/768/768 767/767/767 769/769/769 
f 769/769/769 770/770/770 768/768/768 
f 770/770/770 769/769/769 771/771/771 
f 771/771/771 772/772/772 770/770/770 
f 772/772/772 771/771/771 773/773/773 
f 774/774/774 772/772/772 773/773/773 
f 774/774/774 773/773/773 775/775/775 
f 774/774/774 775/775/775 776/776/776 
f 777/777/777 778/778/778 779/779/779 
f 779/779/779 778/778/778 780/780/780 
f 780/780/780 778/778/778 781/781/781 
f 781/781/781 778/778/778 782/782/782 
f 783/783/783 782/782/782 778/778/778 
f 778/778/778 784/784/784 783/783/783 
f 783/783/783 784/784/784 785/785/785 
f 786/786/786 785/785/785 784/784/784 
f 785/785/785 786/786/786 787/787/787 
f 788/788/788 787/787/787 786/786/786 
f 787/787/787 788/788/788 789/789/789 
f 790/790/790 789/789/789 788/788/788 
f 789/789/789 790/790/790 791/791/791 
f 790/790/790 792/792/792 791/791/791 
f 793/793/793 791/791/791 792/792/792 
f 792/792/792 794/794/794 793/793/793 
f 795/795/795 796/796/796 797/797/797 
f 798/798/798 799/799/799 795/795/795 
f 800/800/800 795/795/795 797/797/797 
f 795/795/795 800/800/800 798/798/798 
f 800/800/800 797/797/797 801/801/801 
f 802/802/802 801/801/801 797/797/797 
f 802/802/802 803/803/803 801/801/801 
f 804/804/804 798/798/798 800/800/800 
f 798/798/798 804/804/804 805/805/805 
f 800/800/800 801/801/801 806/806/806 
f 806/806/806 804/804/804 800/800/800 
f 807/807/807 801/801/801 803/803/803 
f 807/807/807 806/806/806 801/801/801 
f 808/808/808 807/807/807 803/803/803 
f 808/808/808 803/803/803 809/809/809 
f 807/807/807 808/808/808 810/810/810 
f 810/810/810 808/808/808 811/811/811 
f 810/810/810 812/812/812 807/807/807 
f 806/806/806 807/807/807 812/812/812 
f 812/812/812 810/810/810 813/813/813 
f 804/804/804 806/806/806 814/814/814 
f 812/812/812 814/814/814 806/806/806 
f 813/813/813 815/815/815 812/812/812 
f 815/815/815 814/814/814 812/812/812 
f 815/815/815 813/813/813 816/816/816 
f 816/816/816 817/817/817 815/815/815 
f 814/814/814 818/818/818 804/804/804 
f 818/818/818 805/805/805 804/804/804 
f 805/805/805 818/818/818 819/819/819 
f 820/820/820 819/819/819 818/818/818 
f 821/821/821 815/815/815 817/817/817 
f 814/814/814 815/815/815 822/822/822 
f 818/818/818 814/814/814 822/822/822 
f 821/821/821 822/822/822 815/815/815 
f 820/820/820 818/818/818 823/823/823 
f 822/822/822 823/823/823 818/818/818 
f 822/822/822 821/821/821 824/824/824 
f 823/823/823 822/822/822 824/824/824 
f 691/691/691 821/821/821 817/817/817 
f 823/823/823 680/680/680 820/820/820 
f 825/825/825 824/824/824 821/821/821 
f 825/825/825 823/823/823 824/824/824 
f 821/821/821 686/686/686 825/825/825 
f 821/821/821 691/691/691 686/686/686 
f 682/682/682 823/823/823 825/825/825 
f 680/680/680 823/823/823 682/682/682 
f 686/686/686 684/684/684 825/825/825 
f 682/682/682 825/825/825 684/684/684 
f 826/826/826 827/827/827 828/828/828 
f 829/829/829 827/827/827 826/826/826 
f 826/826/826 828/828/828 830/830/830 
f 829/829/829 831/831/831 827/827/827 
f 830/830/830 828/828/828 832/832/832 
f 833/833/833 831/831/831 829/829/829 
f 830/830/830 832/832/832 834/834/834 
f 831/831/831 833/833/833 835/835/835 
f 834/834/834 832/832/832 836/836/836 
f 833/833/833 837/837/837 835/835/835 
f 834/834/834 836/836/836 838/838/838 
f 835/835/835 837/837/837 839/839/839 
f 838/838/838 836/836/836 840/840/840 
f 837/837/837 841/841/841 839/839/839 
f 838/838/838 840/840/840 842/842/842 
f 839/839/839 841/841/841 843/843/843 
f 842/842/842 840/840/840 844/844/844 
f 841/841/841 845/845/845 843/843/843 
f 842/842/842 844/844/844 846/846/846 
f 843/843/843 845/845/845 847/847/847 
f 848/848/848 846/846/846 844/844/844 
f 845/845/845 849/849/849 847/847/847 
f 846/846/846 848/848/848 850/850/850 
f 847/847/847 849/849/849 851/851/851 
f 850/850/850 848/848/848 852/852/852 
f 853/853/853 851/851/851 849/849/849 
f 850/850/850 852/852/852 854/854/854 
f 851/851/851 853/853/853 855/855/855 
f 856/856/856 854/854/854 852/852/852 
f 853/853/853 857/857/857 855/855/855 
f 858/858/858 854/854/854 856/856/856 
f 855/855/855 857/857/857 859/859/859 
f 860/860/860 858/858/858 856/856/856 
f 857/857/857 861/861/861 859/859/859 
f 862/862/862 858/858/858 860/860/860 
f 859/859/859 861/861/861 863/863/863 
f 864/864/864 862/862/862 860/860/860 
f 861/861/861 865/865/865 863/863/863 
f 865/865/865 862/862/862 864/864/864 
f 863/863/863 865/865/865 864/864/864 

